image_id,p_180
test_00000,0.01499147
test_00001,0.99999678
test_00002,0.99977893
test_00003,0.01076384
test_00004,0.98082340
test_00005,0.55427462
test_00006,0.63062364
test_00007,0.99743360
test_00008,0.99917054
test_00009,0.00095785
test_00010,0.99102414
test_00011,0.00010641
test_00012,0.04214256
test_00013,0.98775846
test_00014,0.55031407
test_00015,0.98933047
test_00016,0.99999881
test_00017,0.00009266
test_00018,0.54594213
test_00019,0.67975610
test_00020,0.01410610
test_00021,0.00135135
test_00022,0.96454209
test_00023,0.00289192
test_00024,0.00389914
test_00025,0.99999166
test_00026,0.98952359
test_00027,0.39389804
test_00028,0.92357051
test_00029,0.99506748
test_00030,0.00000048
test_00031,0.99916124
test_00032,0.99380624
test_00033,0.69121128
test_00034,0.96947151
test_00035,0.99998391
test_00036,0.02709741
test_00037,0.00505668
test_00038,0.32485202
test_00039,0.01652794
test_00040,0.72079217
test_00041,0.01660584
test_00042,0.99580932
test_00043,0.10332221
test_00044,0.01046353
test_00045,0.93399864
test_00046,0.00017968
test_00047,0.99747902
test_00048,0.90498954
test_00049,0.88307446
test_00050,0.91402143
test_00051,0.01513295
test_00052,0.00000001
test_00053,0.88713270
test_00054,0.02520572
test_00055,0.97147638
test_00056,0.04963124
test_00057,0.58578193
test_00058,0.02748303
test_00059,0.07405929
test_00060,0.96608371
test_00061,0.74481535
test_00062,0.28765118
test_00063,0.00010159
test_00064,0.00065449
test_00065,0.90842569
test_00066,0.70533305
test_00067,0.00074140
test_00068,0.00030166
test_00069,0.48958662
test_00070,0.71635300
test_00071,0.96942759
test_00072,0.84014833
test_00073,0.55425584
test_00074,0.70555371
test_00075,0.85196799
test_00076,0.00001347
test_00077,0.99997127
test_00078,0.99497062
test_00079,0.42680803
test_00080,0.37146559
test_00081,0.97354692
test_00082,0.50713605
test_00083,0.00020130
test_00084,0.99992037
test_00085,0.93924212
test_00086,1.00000000
test_00087,0.99926883
test_00088,0.02994672
test_00089,0.90260714
test_00090,0.00241508
test_00091,0.00000059
test_00092,0.99527115
test_00093,0.34776652
test_00094,0.93865448
test_00095,0.34973064
test_00096,0.12502553
test_00097,0.00021167
test_00098,0.00000030
test_00099,0.46752125
test_00100,0.03128613
test_00101,0.63558024
test_00102,0.00055220
test_00103,0.99999988
test_00104,0.98829657
test_00105,0.00067504
test_00106,0.00439770
test_00107,0.98746115
test_00108,0.56517237
test_00109,0.00785424
test_00110,0.98959035
test_00111,0.86711872
test_00112,0.99343985
test_00113,0.00120196
test_00114,0.99331641
test_00115,0.15594737
test_00116,0.01133164
test_00117,0.95071489
test_00118,0.99998868
test_00119,0.51992255
test_00120,0.00760974
test_00121,0.99999964
test_00122,0.94533461
test_00123,0.96939701
test_00124,0.01271354
test_00125,0.42528027
test_00126,0.00044993
test_00127,0.99994314
test_00128,0.01287363
test_00129,0.00123058
test_00130,0.95796639
test_00131,0.00000218
test_00132,0.00421073
test_00133,0.99565202
test_00134,0.00375037
test_00135,0.87835592
test_00136,0.00003129
test_00137,0.99590945
test_00138,0.99578047
test_00139,0.00001203
test_00140,0.99977797
test_00141,0.00016256
test_00142,0.96925539
test_00143,0.99230462
test_00144,0.39208373
test_00145,0.82783735
test_00146,0.00001537
test_00147,0.99221319
test_00148,0.15743998
test_00149,0.00006228
test_00150,0.01353917
test_00151,0.99976319
test_00152,0.00541580
test_00153,0.54905516
test_00154,0.16673192
test_00155,1.00000000
test_00156,0.99036437
test_00157,0.00075735
test_00158,0.99999356
test_00159,0.99999869
test_00160,0.99594575
test_00161,0.09888307
test_00162,0.77166247
test_00163,0.99977416
test_00164,0.03208069
test_00165,0.95808333
test_00166,0.72636861
test_00167,0.18660240
test_00168,0.39027184
test_00169,0.00000424
test_00170,0.85760522
test_00171,0.32481864
test_00172,0.98601621
test_00173,0.00118149
test_00174,0.00000813
test_00175,0.68579793
test_00176,0.87415814
test_00177,0.00061336
test_00178,0.00000397
test_00179,0.91039866
test_00180,0.00000085
test_00181,0.68947136
test_00182,0.66344303
test_00183,0.39900932
test_00184,0.77092361
test_00185,0.99173599
test_00186,0.03696085
test_00187,0.99772853
test_00188,0.99570447
test_00189,0.99979872
test_00190,0.00302250
test_00191,0.99961287
test_00192,0.00000115
test_00193,0.87745589
test_00194,0.00000695
test_00195,0.00034549
test_00196,0.07834256
test_00197,0.91287863
test_00198,0.03532522
test_00199,0.98493701
test_00200,0.99998379
test_00201,0.99016833
test_00202,0.99975342
test_00203,0.24126118
test_00204,0.65176785
test_00205,0.00013400
test_00206,0.00009483
test_00207,0.00503903
test_00208,0.01571537
test_00209,0.00122192
test_00210,0.52423710
test_00211,0.99999630
test_00212,0.91273195
test_00213,0.70254987
test_00214,0.99998736
test_00215,0.21928641
test_00216,0.00388863
test_00217,0.01053410
test_00218,0.07993616
test_00219,0.93536568
test_00220,0.99994934
test_00221,0.99946982
test_00222,0.79281056
test_00223,0.97964430
test_00224,0.99816823
test_00225,0.60995674
test_00226,0.00779441
test_00227,0.05239225
test_00228,0.81334299
test_00229,0.36350304
test_00230,0.00448160
test_00231,0.99973541
test_00232,0.99154449
test_00233,0.99814939
test_00234,0.00535585
test_00235,0.99996710
test_00236,0.00019408
test_00237,0.00384773
test_00238,0.95851314
test_00239,0.67694026
test_00240,0.59531176
test_00241,0.00003004
test_00242,0.56996536
test_00243,0.99968719
test_00244,0.99882430
test_00245,0.71180302
test_00246,0.00692389
test_00247,0.99902213
test_00248,0.99972337
test_00249,0.99723607
test_00250,0.06263713
test_00251,0.97150165
test_00252,0.03149761
test_00253,0.99999070
test_00254,0.86104792
test_00255,0.24434170
test_00256,0.68925726
test_00257,0.00183370
test_00258,0.35159960
test_00259,0.37515402
test_00260,0.12278495
test_00261,0.24390486
test_00262,0.99997997
test_00263,0.15248244
test_00264,0.99999464
test_00265,0.70442432
test_00266,0.00004883
test_00267,0.42042407
test_00268,0.91820651
test_00269,0.99999952
test_00270,0.38676143
test_00271,0.54709125
test_00272,0.95482570
test_00273,0.50035888
test_00274,0.82431549
test_00275,0.03589083
test_00276,0.29708466
test_00277,0.99999881
test_00278,0.00831223
test_00279,0.73229814
test_00280,0.99718225
test_00281,0.98759276
test_00282,0.99959010
test_00283,0.39044851
test_00284,0.32386860
test_00285,0.00023791
test_00286,0.00013811
test_00287,0.21191186
test_00288,0.98843658
test_00289,0.99999809
test_00290,0.91319633
test_00291,0.99993575
test_00292,0.99998248
test_00293,0.00440442
test_00294,0.99981123
test_00295,0.99961299
test_00296,0.40513057
test_00297,0.98332959
test_00298,0.36235696
test_00299,0.99999964
test_00300,0.00879521
test_00301,0.99147779
test_00302,0.16733365
test_00303,0.12773411
test_00304,0.10944289
test_00305,0.99825364
test_00306,0.99999797
test_00307,0.83591539
test_00308,0.00627087
test_00309,0.40692383
test_00310,0.29457209
test_00311,0.97502476
test_00312,0.00068409
test_00313,0.99999952
test_00314,0.00002189
test_00315,0.79198265
test_00316,0.91963136
test_00317,0.14107826
test_00318,0.99999583
test_00319,0.40521261
test_00320,0.98776102
test_00321,0.04901079
test_00322,0.55883014
test_00323,0.99996793
test_00324,0.91418993
test_00325,0.99944371
test_00326,0.43500537
test_00327,0.81560504
test_00328,0.07562375
test_00329,0.99667490
test_00330,0.99998975
test_00331,0.80946702
test_00332,0.97057188
test_00333,0.99999988
test_00334,0.99998808
test_00335,0.86318803
test_00336,0.00023462
test_00337,0.86607873
test_00338,0.00886954
test_00339,0.75406307
test_00340,0.52555025
test_00341,0.16504090
test_00342,0.99995792
test_00343,0.87673414
test_00344,0.99974531
test_00345,0.90044135
test_00346,0.99798763
test_00347,0.58469224
test_00348,0.37043482
test_00349,0.00002702
test_00350,0.94249606
test_00351,0.26367700
test_00352,0.98322010
test_00353,0.96265340
test_00354,0.40013924
test_00355,0.99780971
test_00356,0.74616009
test_00357,0.00000190
test_00358,0.99955648
test_00359,1.00000000
test_00360,0.90464497
test_00361,0.99968708
test_00362,0.79649293
test_00363,0.48082820
test_00364,0.99773502
test_00365,0.79188240
test_00366,0.99204469
test_00367,0.55075717
test_00368,0.00043717
test_00369,0.99999058
test_00370,0.00201494
test_00371,0.01087917
test_00372,0.99999774
test_00373,0.29144388
test_00374,0.97384959
test_00375,0.99997449
test_00376,0.00034282
test_00377,0.59580058
test_00378,0.97205240
test_00379,0.42643586
test_00380,0.01621540
test_00381,0.57088411
test_00382,0.21353024
test_00383,0.00015498
test_00384,0.90339988
test_00385,0.00005793
test_00386,0.99769163
test_00387,0.95918632
test_00388,0.62632310
test_00389,0.99971956
test_00390,0.21652614
test_00391,0.00024107
test_00392,0.31850177
test_00393,0.74974161
test_00394,0.00002014
test_00395,0.01198641
test_00396,0.00894926
test_00397,0.93499970
test_00398,0.00595853
test_00399,0.84583938
test_00400,0.99999845
test_00401,0.61895990
test_00402,0.99405944
test_00403,0.00007521
test_00404,0.00478292
test_00405,0.98755628
test_00406,0.92103672
test_00407,0.43010050
test_00408,0.99789810
test_00409,0.89490950
test_00410,0.00003800
test_00411,0.22813214
test_00412,0.00000000
test_00413,0.21384136
test_00414,0.23476911
test_00415,0.96029228
test_00416,0.00000845
test_00417,0.00003376
test_00418,0.99829513
test_00419,0.99985611
test_00420,0.00000008
test_00421,0.99998844
test_00422,0.99999845
test_00423,0.00372732
test_00424,0.13624996
test_00425,0.00005449
test_00426,0.51374865
test_00427,0.00010687
test_00428,0.11034770
test_00429,1.00000000
test_00430,0.97183108
test_00431,0.99994671
test_00432,0.97837329
test_00433,0.38649422
test_00434,0.48842359
test_00435,0.06274292
test_00436,0.95287311
test_00437,0.15053464
test_00438,0.99629706
test_00439,0.94149041
test_00440,0.32529825
test_00441,0.00000048
test_00442,0.85390317
test_00443,0.99993956
test_00444,0.99948549
test_00445,0.18363537
test_00446,0.02626779
test_00447,0.32262078
test_00448,1.00000000
test_00449,0.00405016
test_00450,0.00000002
test_00451,0.98763800
test_00452,0.96011692
test_00453,0.03219235
test_00454,0.53374875
test_00455,0.60228616
test_00456,0.34802854
test_00457,0.01438043
test_00458,0.99998856
test_00459,0.89582992
test_00460,0.14099802
test_00461,0.99793929
test_00462,0.03302334
test_00463,0.99965429
test_00464,0.00000034
test_00465,0.56065255
test_00466,0.92560434
test_00467,0.26356959
test_00468,0.42260185
test_00469,0.02088130
test_00470,0.45250481
test_00471,0.51753342
test_00472,0.05151410
test_00473,0.02616292
test_00474,0.00001191
test_00475,0.00006570
test_00476,0.48883381
test_00477,0.02537619
test_00478,0.13175267
test_00479,0.96286720
test_00480,0.99999976
test_00481,0.00002005
test_00482,0.24009494
test_00483,0.99995661
test_00484,0.55667871
test_00485,0.00814675
test_00486,0.00008730
test_00487,0.00372507
test_00488,0.54967022
test_00489,0.99999952
test_00490,0.99993455
test_00491,0.06494615
test_00492,0.12502457
test_00493,0.99999285
test_00494,0.99924028
test_00495,0.99641991
test_00496,0.35463643
test_00497,0.99988675
test_00498,0.01887683
test_00499,0.00000076
test_00500,0.99999762
test_00501,0.00437943
test_00502,0.85812455
test_00503,0.00474138
test_00504,0.99999988
test_00505,0.74820161
test_00506,0.99180579
test_00507,0.01231824
test_00508,0.84162813
test_00509,0.32273200
test_00510,0.83500493
test_00511,0.79619545
test_00512,0.98849314
test_00513,0.99969912
test_00514,0.00343041
test_00515,0.00537195
test_00516,0.00158247
test_00517,0.05592627
test_00518,0.01805273
test_00519,0.98764801
test_00520,0.02259287
test_00521,0.99999332
test_00522,0.83490300
test_00523,0.96631670
test_00524,0.94376975
test_00525,0.99219632
test_00526,0.08596877
test_00527,0.05557586
test_00528,0.07360409
test_00529,0.66041464
test_00530,0.00059580
test_00531,0.40896434
test_00532,0.40139729
test_00533,0.10378852
test_00534,0.99687696
test_00535,0.02814532
test_00536,0.13907512
test_00537,0.00009129
test_00538,0.98535144
test_00539,0.00598459
test_00540,0.81410658
test_00541,0.00055654
test_00542,0.07216982
test_00543,0.99997389
test_00544,0.99999094
test_00545,0.00208008
test_00546,0.07022915
test_00547,0.99988675
test_00548,0.00085815
test_00549,0.03358651
test_00550,0.00007707
test_00551,0.00004724
test_00552,0.96999758
test_00553,0.80748826
test_00554,0.35966131
test_00555,0.10627805
test_00556,0.80364102
test_00557,0.99978215
test_00558,0.03215772
test_00559,0.00244204
test_00560,0.98217160
test_00561,0.03403200
test_00562,0.85677713
test_00563,0.00000198
test_00564,0.58119774
test_00565,0.99968386
test_00566,0.00000872
test_00567,0.98023051
test_00568,0.00154836
test_00569,0.00439895
test_00570,0.00164781
test_00571,0.03081749
test_00572,0.00037634
test_00573,0.00609809
test_00574,0.48054743
test_00575,0.65907586
test_00576,0.88370752
test_00577,0.45953009
test_00578,0.00730456
test_00579,0.99980146
test_00580,0.99893707
test_00581,0.75125259
test_00582,0.04987086
test_00583,0.87437993
test_00584,0.00000100
test_00585,0.01636307
test_00586,0.99232024
test_00587,0.99999130
test_00588,0.02927685
test_00589,0.00000001
test_00590,0.00763644
test_00591,0.00289490
test_00592,0.00178041
test_00593,0.71851557
test_00594,0.98848957
test_00595,0.01022459
test_00596,0.23494995
test_00597,0.00113403
test_00598,0.99996781
test_00599,0.00000001
test_00600,0.96163726
test_00601,0.10127223
test_00602,0.68746614
test_00603,0.38709170
test_00604,0.97189146
test_00605,0.83840019
test_00606,0.99999785
test_00607,0.93437630
test_00608,0.05133985
test_00609,0.03294377
test_00610,0.99637932
test_00611,0.34650391
test_00612,0.57187611
test_00613,0.02987543
test_00614,0.96639198
test_00615,1.00000000
test_00616,0.07082477
test_00617,0.89464259
test_00618,0.00192467
test_00619,0.99977368
test_00620,0.99159884
test_00621,0.04750919
test_00622,0.99858934
test_00623,0.41481099
test_00624,0.00003922
test_00625,0.03391543
test_00626,0.53804141
test_00627,0.00204884
test_00628,0.00961235
test_00629,0.95670277
test_00630,0.99991715
test_00631,0.21108852
test_00632,0.99514514
test_00633,0.96306002
test_00634,0.61714083
test_00635,0.00000000
test_00636,0.24710736
test_00637,0.02380867
test_00638,0.00707428
test_00639,0.88962448
test_00640,0.00001203
test_00641,0.99453640
test_00642,0.47759774
test_00643,0.02463847
test_00644,0.96459585
test_00645,0.99980885
test_00646,0.00000017
test_00647,0.00132598
test_00648,0.20560764
test_00649,0.94855750
test_00650,0.62489730
test_00651,0.22878295
test_00652,0.00234066
test_00653,0.99999988
test_00654,0.96375132
test_00655,0.08709554
test_00656,0.00018851
test_00657,0.07539946
test_00658,0.89830083
test_00659,0.10067242
test_00660,0.00083323
test_00661,0.01802337
test_00662,0.23411006
test_00663,0.58693010
test_00664,0.16042057
test_00665,0.32853121
test_00666,0.99871719
test_00667,0.00951192
test_00668,0.46462452
test_00669,0.97046858
test_00670,0.00579344
test_00671,0.99990344
test_00672,0.98886347
test_00673,0.99999917
test_00674,0.97465307
test_00675,0.99980432
test_00676,0.00000112
test_00677,0.00138153
test_00678,0.99996626
test_00679,0.22248422
test_00680,0.22277710
test_00681,0.99799597
test_00682,0.99974567
test_00683,0.84916610
test_00684,0.79136932
test_00685,0.99999201
test_00686,0.99982738
test_00687,0.05189689
test_00688,0.01209173
test_00689,0.99804902
test_00690,0.14735477
test_00691,0.99941206
test_00692,0.99967468
test_00693,0.99477381
test_00694,0.00020196
test_00695,0.00781641
test_00696,0.04251117
test_00697,0.99797064
test_00698,0.00000012
test_00699,0.06165018
test_00700,0.99781644
test_00701,0.97231084
test_00702,0.99247825
test_00703,0.01201771
test_00704,0.00052960
test_00705,0.26314646
test_00706,0.38169876
test_00707,0.99985015
test_00708,0.00006222
test_00709,0.92749006
test_00710,0.11086951
test_00711,0.99628544
test_00712,0.64654291
test_00713,0.08867119
test_00714,0.01573994
test_00715,0.99989128
test_00716,0.89460105
test_00717,0.70950371
test_00718,0.76664925
test_00719,0.00483248
test_00720,0.99994433
test_00721,0.01474903
test_00722,0.00000063
test_00723,0.99999166
test_00724,0.79511261
test_00725,0.94799095
test_00726,0.01771783
test_00727,0.00000820
test_00728,0.99996364
test_00729,0.99997807
test_00730,0.41804487
test_00731,0.02051742
test_00732,0.00614364
test_00733,0.08194585
test_00734,0.99889475
test_00735,0.04695923
test_00736,0.98858464
test_00737,0.70433724
test_00738,0.41671616
test_00739,1.00000000
test_00740,0.06556030
test_00741,1.00000000
test_00742,0.99540710
test_00743,0.85624552
test_00744,0.06378537
test_00745,0.89168590
test_00746,0.00002491
test_00747,0.00386444
test_00748,0.99997997
test_00749,0.00000024
test_00750,0.02167972
test_00751,0.99985814
test_00752,0.00000471
test_00753,0.01628614
test_00754,0.53815758
test_00755,0.91896284
test_00756,0.89006215
test_00757,0.00000000
test_00758,0.00401534
test_00759,0.00247562
test_00760,0.99880254
test_00761,0.99404103
test_00762,0.24109565
test_00763,0.99429518
test_00764,0.00127898
test_00765,0.99999762
test_00766,0.15609276
test_00767,0.98853767
test_00768,0.00000008
test_00769,0.00000001
test_00770,0.99999976
test_00771,0.09363061
test_00772,0.00404306
test_00773,0.99947315
test_00774,0.98281556
test_00775,0.99866879
test_00776,0.97948313
test_00777,0.19437091
test_00778,0.02149013
test_00779,0.08233166
test_00780,0.99371803
test_00781,0.00008620
test_00782,0.16022758
test_00783,0.12684736
test_00784,0.97022557
test_00785,0.99269426
test_00786,0.99955696
test_00787,0.04856201
test_00788,0.99949586
test_00789,0.95873588
test_00790,0.99907982
test_00791,0.98797786
test_00792,0.99922156
test_00793,0.00000028
test_00794,0.96396661
test_00795,0.00263432
test_00796,0.00492682
test_00797,0.66757232
test_00798,0.98727012
test_00799,0.97961092
test_00800,0.01265066
test_00801,0.03162198
test_00802,0.00133787
test_00803,0.00493418
test_00804,0.33784059
test_00805,0.08663429
test_00806,0.97667891
test_00807,0.99981695
test_00808,0.92220998
test_00809,0.20031703
test_00810,0.91397673
test_00811,0.99998724
test_00812,0.93631262
test_00813,0.00028509
test_00814,0.99531317
test_00815,0.00001278
test_00816,0.00006331
test_00817,0.00000852
test_00818,0.00000093
test_00819,0.99793291
test_00820,0.00170102
test_00821,0.05377870
test_00822,0.12850805
test_00823,0.67787731
test_00824,0.01005649
test_00825,0.99996901
test_00826,0.90472054
test_00827,0.99923122
test_00828,0.99923527
test_00829,0.96649963
test_00830,0.99957925
test_00831,0.99849522
test_00832,0.00698383
test_00833,0.03266434
test_00834,0.66050458
test_00835,0.02840368
test_00836,0.95894682
test_00837,0.95947647
test_00838,0.00000024
test_00839,0.00014691
test_00840,0.49946728
test_00841,0.30444658
test_00842,0.99212921
test_00843,1.00000000
test_00844,0.01720621
test_00845,0.02100689
test_00846,0.99983466
test_00847,0.41406077
test_00848,0.00018559
test_00849,0.99818951
test_00850,0.01042362
test_00851,0.99996614
test_00852,0.99956638
test_00853,0.35187975
test_00854,0.99195158
test_00855,0.00154176
test_00856,0.96712631
test_00857,0.04373492
test_00858,0.28109688
test_00859,0.98958719
test_00860,0.19284821
test_00861,0.99997282
test_00862,0.00046547
test_00863,1.00000000
test_00864,0.00003965
test_00865,0.12716916
test_00866,0.36461371
test_00867,0.12578879
test_00868,0.99783200
test_00869,0.07514584
test_00870,0.07687189
test_00871,0.00005904
test_00872,0.00038044
test_00873,0.99343711
test_00874,0.00005377
test_00875,0.85290843
test_00876,0.16914593
test_00877,0.67031336
test_00878,0.00000097
test_00879,1.00000000
test_00880,0.01445496
test_00881,0.99707663
test_00882,0.55569810
test_00883,0.96548116
test_00884,0.69476199
test_00885,0.42552516
test_00886,0.01787584
test_00887,0.03053164
test_00888,0.39654744
test_00889,0.99999976
test_00890,0.92661512
test_00891,0.93277949
test_00892,0.00249938
test_00893,0.94572157
test_00894,0.48729211
test_00895,0.86151749
test_00896,0.72355545
test_00897,0.08714157
test_00898,0.92197418
test_00899,0.27458182
test_00900,0.03291075
test_00901,0.99555689
test_00902,0.45991093
test_00903,0.99999702
test_00904,0.99999940
test_00905,0.00043610
test_00906,0.04128205
test_00907,0.23934166
test_00908,0.01107466
test_00909,0.97279388
test_00910,0.00000670
test_00911,0.98007888
test_00912,0.64887488
test_00913,0.63564813
test_00914,0.00043046
test_00915,0.68995261
test_00916,0.04916660
test_00917,0.28138024
test_00918,0.16619912
test_00919,0.00000053
test_00920,0.00028694
test_00921,0.00001872
test_00922,0.76180249
test_00923,0.31301504
test_00924,0.99892706
test_00925,0.99997425
test_00926,0.77268702
test_00927,0.48609421
test_00928,0.76378119
test_00929,0.66506165
test_00930,0.00414830
test_00931,0.99712402
test_00932,0.00093725
test_00933,0.96456385
test_00934,1.00000000
test_00935,0.00017584
test_00936,0.99553657
test_00937,0.85795522
test_00938,0.00002073
test_00939,0.99999988
test_00940,0.99339795
test_00941,0.98935121
test_00942,1.00000000
test_00943,0.06856768
test_00944,0.00217078
test_00945,0.34302184
test_00946,0.98582375
test_00947,0.00187476
test_00948,0.00097429
test_00949,0.00507822
test_00950,0.01908441
test_00951,0.85432059
test_00952,0.93600065
test_00953,0.99997592
test_00954,0.45876563
test_00955,0.24836679
test_00956,0.20818484
test_00957,0.10171542
test_00958,0.03044801
test_00959,0.99963999
test_00960,0.00089940
test_00961,0.81658787
test_00962,0.00000244
test_00963,0.99990785
test_00964,0.98960620
test_00965,0.99997747
test_00966,0.69992697
test_00967,0.17615554
test_00968,0.19471255
test_00969,0.99068868
test_00970,0.86708272
test_00971,0.99998987
test_00972,0.83789819
test_00973,0.21091278
test_00974,0.09606130
test_00975,0.99992907
test_00976,0.96199024
test_00977,0.50725621
test_00978,0.00009868
test_00979,0.33746120
test_00980,0.95435190
test_00981,0.99973279
test_00982,0.69877213
test_00983,0.00004356
test_00984,0.07164475
test_00985,0.98685199
test_00986,0.11092090
test_00987,0.01153984
test_00988,0.71850431
test_00989,0.99950922
test_00990,0.00000849
test_00991,0.04811925
test_00992,0.00000583
test_00993,0.36970159
test_00994,0.93886453
test_00995,0.28558224
test_00996,0.98939323
test_00997,0.97033566
test_00998,0.00047445
test_00999,0.89782196
test_01000,0.36218998
test_01001,0.99856204
test_01002,0.07281086
test_01003,0.95899934
test_01004,0.14600626
test_01005,0.00008370
test_01006,0.03922571
test_01007,0.00006260
test_01008,0.79186207
test_01009,0.99972421
test_01010,0.99880946
test_01011,0.98700041
test_01012,0.40953308
test_01013,0.01859915
test_01014,0.00000401
test_01015,0.99990821
test_01016,0.90404934
test_01017,0.04672345
test_01018,0.99999392
test_01019,0.99786645
test_01020,0.99872929
test_01021,0.99996781
test_01022,0.04181520
test_01023,0.99999380
test_01024,0.05202190
test_01025,0.70303386
test_01026,0.99989867
test_01027,0.00030221
test_01028,0.05344731
test_01029,1.00000000
test_01030,0.73617291
test_01031,0.04845567
test_01032,0.71923542
test_01033,0.99992442
test_01034,0.79882520
test_01035,0.01213085
test_01036,1.00000000
test_01037,0.99996126
test_01038,0.95663315
test_01039,0.99999428
test_01040,0.92018521
test_01041,0.21173152
test_01042,0.98896044
test_01043,0.41175264
test_01044,0.99999964
test_01045,0.88821352
test_01046,0.00000665
test_01047,0.99253947
test_01048,0.99996626
test_01049,0.00106995
test_01050,0.42078334
test_01051,0.99453676
test_01052,0.99233997
test_01053,0.97787035
test_01054,0.79359442
test_01055,0.79089493
test_01056,0.09183276
test_01057,0.63540787
test_01058,0.17027009
test_01059,0.54752958
test_01060,0.77436531
test_01061,0.99452609
test_01062,0.10261808
test_01063,0.00000000
test_01064,0.00913240
test_01065,0.47990260
test_01066,0.95335567
test_01067,0.99660540
test_01068,0.98628485
test_01069,0.00002101
test_01070,0.99566084
test_01071,1.00000000
test_01072,0.96314782
test_01073,0.92982608
test_01074,0.95835751
test_01075,0.00882567
test_01076,0.02332946
test_01077,0.99441916
test_01078,0.29115778
test_01079,0.97241026
test_01080,0.97919124
test_01081,0.99891126
test_01082,0.99980611
test_01083,0.99999523
test_01084,0.25512469
test_01085,0.55329663
test_01086,0.87264746
test_01087,0.00587907
test_01088,0.00605399
test_01089,0.99866867
test_01090,0.96908408
test_01091,0.98805761
test_01092,0.98744863
test_01093,0.30616313
test_01094,0.50369555
test_01095,0.99977559
test_01096,0.01350458
test_01097,0.99229187
test_01098,1.00000000
test_01099,0.91278058
test_01100,0.00001899
test_01101,0.05337036
test_01102,0.99995136
test_01103,0.03168045
test_01104,0.10653491
test_01105,0.97508335
test_01106,0.88424981
test_01107,1.00000000
test_01108,0.93159759
test_01109,0.00017450
test_01110,0.08324336
test_01111,0.00143016
test_01112,0.46449029
test_01113,0.69922292
test_01114,0.00000004
test_01115,0.41388747
test_01116,0.08297486
test_01117,0.42074421
test_01118,0.00007072
test_01119,0.32268131
test_01120,0.00005557
test_01121,0.99981230
test_01122,0.00290753
test_01123,0.99297708
test_01124,0.04037528
test_01125,0.71663511
test_01126,0.96090174
test_01127,0.00000024
test_01128,0.44928220
test_01129,0.17500977
test_01130,0.99809152
test_01131,0.71813929
test_01132,0.00000016
test_01133,0.39735475
test_01134,0.00019028
test_01135,0.99507695
test_01136,0.01694923
test_01137,0.99980372
test_01138,0.92697453
test_01139,0.00004749
test_01140,0.09345808
test_01141,0.99729437
test_01142,0.71258175
test_01143,0.95741993
test_01144,0.96914387
test_01145,0.62958550
test_01146,0.99999905
test_01147,0.12414178
test_01148,0.99998140
test_01149,0.68637574
test_01150,0.04779037
test_01151,0.01582227
test_01152,0.01612029
test_01153,0.99993050
test_01154,0.99999249
test_01155,0.05511668
test_01156,0.00562643
test_01157,0.00046018
test_01158,0.00038318
test_01159,0.00177059
test_01160,0.00664434
test_01161,0.00041710
test_01162,0.00027813
test_01163,0.99279356
test_01164,0.02006738
test_01165,0.80754364
test_01166,0.99973422
test_01167,0.86989319
test_01168,0.36349791
test_01169,0.00314700
test_01170,0.36149976
test_01171,0.98932451
test_01172,0.99897003
test_01173,0.98316157
test_01174,0.67594200
test_01175,0.00000000
test_01176,0.08135919
test_01177,0.99230802
test_01178,0.90418166
test_01179,0.45779464
test_01180,0.03565813
test_01181,0.00328012
test_01182,0.76558858
test_01183,0.96181631
test_01184,0.97920758
test_01185,0.00002064
test_01186,0.01793221
test_01187,0.05192633
test_01188,0.08845682
test_01189,0.25147241
test_01190,0.00008890
test_01191,0.00423009
test_01192,0.99999988
test_01193,0.00025459
test_01194,0.98156595
test_01195,0.99994922
test_01196,0.85444468
test_01197,0.99900049
test_01198,0.06281210
test_01199,0.00591272
test_01200,0.95105237
test_01201,0.19637167
test_01202,0.97222835
test_01203,0.95034468
test_01204,0.02591657
test_01205,0.00978388
test_01206,0.90582705
test_01207,0.00009656
test_01208,0.84135121
test_01209,0.66153789
test_01210,0.99765164
test_01211,0.75550812
test_01212,0.00383701
test_01213,0.80250561
test_01214,0.52653247
test_01215,0.00005551
test_01216,0.99368531
test_01217,0.00423851
test_01218,0.10498061
test_01219,0.75107789
test_01220,0.99997997
test_01221,1.00000000
test_01222,0.64157349
test_01223,0.99995708
test_01224,0.62184542
test_01225,0.97336221
test_01226,0.82228422
test_01227,0.99197608
test_01228,0.02452470
test_01229,0.99946350
test_01230,0.99999976
test_01231,0.58176339
test_01232,0.00179275
test_01233,0.99710184
test_01234,0.04478554
test_01235,0.99969971
test_01236,0.95793760
test_01237,0.99691510
test_01238,0.00563114
test_01239,0.94531262
test_01240,0.98131657
test_01241,0.95129514
test_01242,0.02988628
test_01243,0.03835721
test_01244,0.00304153
test_01245,0.99994314
test_01246,0.98570722
test_01247,0.76424170
test_01248,0.41486812
test_01249,0.55584085
test_01250,0.96818662
test_01251,0.80468047
test_01252,0.06097661
test_01253,0.02609040
test_01254,0.99866891
test_01255,0.98655558
test_01256,0.16134070
test_01257,0.29673994
test_01258,0.18140920
test_01259,0.69041604
test_01260,0.00785426
test_01261,0.70981354
test_01262,0.59735572
test_01263,0.91968137
test_01264,0.00005356
test_01265,0.99971145
test_01266,0.00028882
test_01267,0.03893410
test_01268,0.02912894
test_01269,0.66205198
test_01270,0.84730530
test_01271,0.60745090
test_01272,0.01092083
test_01273,0.00015004
test_01274,0.03347902
test_01275,0.93181247
test_01276,0.00001463
test_01277,0.21943526
test_01278,0.59910864
test_01279,0.00550063
test_01280,0.87706542
test_01281,0.10895937
test_01282,0.99514502
test_01283,0.98888516
test_01284,0.18909997
test_01285,0.91579878
test_01286,0.94794083
test_01287,0.99999440
test_01288,0.74942666
test_01289,0.99571121
test_01290,0.99996722
test_01291,0.00050993
test_01292,0.68425423
test_01293,0.01263747
test_01294,0.99369252
test_01295,0.99544626
test_01296,0.27884257
test_01297,0.97817254
test_01298,0.03514491
test_01299,0.93244976
test_01300,0.00070699
test_01301,0.99996543
test_01302,0.94829839
test_01303,0.01163329
test_01304,0.00858843
test_01305,0.00000551
test_01306,0.00222321
test_01307,0.99999976
test_01308,0.98806399
test_01309,0.00716788
test_01310,0.24344599
test_01311,0.03675195
test_01312,0.99099100
test_01313,0.99601161
test_01314,0.99854904
test_01315,0.22705236
test_01316,0.74139416
test_01317,0.86386412
test_01318,0.00024627
test_01319,0.00014420
test_01320,0.30127701
test_01321,0.02943850
test_01322,0.76322836
test_01323,0.47276279
test_01324,0.10968331
test_01325,0.99775094
test_01326,0.13662380
test_01327,0.99537009
test_01328,0.99973351
test_01329,0.99999964
test_01330,0.99984252
test_01331,0.00258945
test_01332,0.75163478
test_01333,0.85857850
test_01334,0.05684385
test_01335,0.99994242
test_01336,0.56221825
test_01337,0.99999583
test_01338,0.99988008
test_01339,0.99835747
test_01340,0.00001879
test_01341,0.99997687
test_01342,0.93272895
test_01343,0.97335309
test_01344,0.16784212
test_01345,0.35870790
test_01346,0.26248580
test_01347,0.99982315
test_01348,0.00325728
test_01349,0.00565026
test_01350,0.53957152
test_01351,0.99717331
test_01352,0.99999368
test_01353,0.00000003
test_01354,0.87829804
test_01355,0.77122706
test_01356,0.02529917
test_01357,0.15998657
test_01358,0.31223869
test_01359,0.44791490
test_01360,0.09646553
test_01361,0.99938226
test_01362,0.00622660
test_01363,0.99986076
test_01364,0.80327594
test_01365,0.63664412
test_01366,0.30866995
test_01367,0.95184326
test_01368,0.26784712
test_01369,0.08381328
test_01370,0.00005226
test_01371,0.01171832
test_01372,0.09129743
test_01373,0.99999928
test_01374,0.99989831
test_01375,0.00010718
test_01376,0.01300486
test_01377,0.00241063
test_01378,0.00000154
test_01379,0.15173708
test_01380,0.96819681
test_01381,0.02418195
test_01382,0.99988306
test_01383,0.96267396
test_01384,0.99996603
test_01385,0.99993753
test_01386,0.22932485
test_01387,0.81682026
test_01388,0.00006843
test_01389,0.61036587
test_01390,0.74505782
test_01391,0.18503548
test_01392,0.98667496
test_01393,0.99849463
test_01394,0.00006836
test_01395,0.99534470
test_01396,0.43050542
test_01397,0.81079632
test_01398,0.07003742
test_01399,0.06762646
test_01400,0.12817329
test_01401,0.06512431
test_01402,0.00333740
test_01403,0.85774422
test_01404,0.51013052
test_01405,0.98209584
test_01406,0.00217315
test_01407,0.74878722
test_01408,0.96058774
test_01409,0.96960527
test_01410,0.99986458
test_01411,0.17772257
test_01412,0.00154493
test_01413,0.00587085
test_01414,0.19763820
test_01415,0.93460149
test_01416,1.00000000
test_01417,0.01117733
test_01418,0.56144685
test_01419,0.62858737
test_01420,0.00000465
test_01421,0.32660806
test_01422,0.20728539
test_01423,0.89331800
test_01424,0.94836855
test_01425,0.99992895
test_01426,0.98483396
test_01427,0.53930998
test_01428,0.98325229
test_01429,0.83992791
test_01430,0.95380056
test_01431,0.06089851
test_01432,0.98657179
test_01433,0.97220641
test_01434,0.99994588
test_01435,0.12908244
test_01436,0.44726875
test_01437,0.01967084
test_01438,0.07033397
test_01439,0.98738599
test_01440,0.83558512
test_01441,0.13943116
test_01442,0.54648358
test_01443,0.85445112
test_01444,0.56667733
test_01445,0.92164528
test_01446,0.00023392
test_01447,0.60339427
test_01448,0.99110454
test_01449,0.99358243
test_01450,0.99976271
test_01451,0.00949556
test_01452,0.99997258
test_01453,0.93050843
test_01454,0.99968839
test_01455,0.99886453
test_01456,0.94901872
test_01457,0.93893272
test_01458,0.98832035
test_01459,0.99717122
test_01460,0.00001999
test_01461,0.00006348
test_01462,0.01896152
test_01463,0.98733413
test_01464,0.21898769
test_01465,0.82142633
test_01466,0.58201915
test_01467,0.99990833
test_01468,0.88909626
test_01469,0.04790621
test_01470,0.26130697
test_01471,0.20545071
test_01472,0.98723722
test_01473,0.00009384
test_01474,0.91764784
test_01475,0.02300759
test_01476,0.01262895
test_01477,0.66697127
test_01478,0.00218827
test_01479,0.52092922
test_01480,1.00000000
test_01481,0.44194740
test_01482,0.72028279
test_01483,0.97608870
test_01484,0.04210209
test_01485,0.96725947
test_01486,0.99650395
test_01487,0.00807999
test_01488,0.99996185
test_01489,0.80292606
test_01490,0.70406973
test_01491,0.00093750
test_01492,0.00171424
test_01493,0.00021238
test_01494,0.00076284
test_01495,0.05445019
test_01496,0.98134089
test_01497,0.93631434
test_01498,0.02968480
test_01499,0.24032678
test_01500,0.07957071
test_01501,0.69097382
test_01502,0.44591442
test_01503,0.86568177
test_01504,0.80211020
test_01505,0.00587776
test_01506,0.47514474
test_01507,0.96765178
test_01508,0.98866302
test_01509,0.99997985
test_01510,0.74423015
test_01511,0.99996734
test_01512,0.99996340
test_01513,0.99967718
test_01514,0.94344431
test_01515,0.76957393
test_01516,0.00937737
test_01517,0.01960857
test_01518,0.99160504
test_01519,0.10958199
test_01520,0.03015899
test_01521,0.58402377
test_01522,0.85766017
test_01523,0.62948155
test_01524,0.99997449
test_01525,0.91696471
test_01526,0.00000043
test_01527,0.99554235
test_01528,0.99982148
test_01529,0.00420299
test_01530,0.99999976
test_01531,0.65575922
test_01532,0.98232484
test_01533,0.80210727
test_01534,0.00000698
test_01535,0.00309546
test_01536,0.02814804
test_01537,0.30731481
test_01538,0.01455222
test_01539,1.00000000
test_01540,0.57887995
test_01541,0.96042198
test_01542,0.94750410
test_01543,0.94808918
test_01544,0.00035856
test_01545,0.99131328
test_01546,0.98955488
test_01547,0.60109270
test_01548,0.84775984
test_01549,0.53063041
test_01550,0.96190745
test_01551,0.00230047
test_01552,0.96378362
test_01553,0.84214330
test_01554,0.08367594
test_01555,0.78084677
test_01556,0.92318457
test_01557,1.00000000
test_01558,0.92392653
test_01559,0.34554186
test_01560,0.99727815
test_01561,0.01649009
test_01562,0.06654765
test_01563,0.76539660
test_01564,0.02708370
test_01565,0.27541497
test_01566,0.99880838
test_01567,0.00192318
test_01568,0.00138371
test_01569,0.00004915
test_01570,0.00039573
test_01571,0.86293834
test_01572,0.99580896
test_01573,0.22428843
test_01574,0.69508702
test_01575,0.00230551
test_01576,0.99997973
test_01577,0.01575004
test_01578,0.99777079
test_01579,0.96597546
test_01580,0.42478085
test_01581,0.99847978
test_01582,0.00208890
test_01583,0.00008321
test_01584,0.29485857
test_01585,0.91576713
test_01586,0.96201652
test_01587,0.88195950
test_01588,0.00076393
test_01589,0.21449763
test_01590,0.99969304
test_01591,0.99927813
test_01592,0.00499688
test_01593,0.00661820
test_01594,0.98387593
test_01595,0.91525024
test_01596,0.00001543
test_01597,0.17960043
test_01598,0.00000072
test_01599,0.99397647
test_01600,0.00037144
test_01601,0.99997139
test_01602,0.10838225
test_01603,0.99998176
test_01604,0.99979013
test_01605,0.15245144
test_01606,0.04612165
test_01607,0.99998999
test_01608,0.99755174
test_01609,0.99900705
test_01610,0.98681462
test_01611,0.00064736
test_01612,0.90168923
test_01613,0.00829057
test_01614,0.01629473
test_01615,0.95341182
test_01616,0.00029796
test_01617,0.32162899
test_01618,0.99983883
test_01619,0.03319089
test_01620,0.14812098
test_01621,0.51740122
test_01622,0.99972802
test_01623,0.99636120
test_01624,0.34002665
test_01625,0.96762842
test_01626,0.99349135
test_01627,0.97787082
test_01628,0.00000119
test_01629,0.99833953
test_01630,0.87733769
test_01631,1.00000000
test_01632,0.17309901
test_01633,0.99770147
test_01634,0.00000003
test_01635,0.27923959
test_01636,0.97882199
test_01637,0.00002193
test_01638,0.99311972
test_01639,0.23798697
test_01640,0.21083368
test_01641,0.09804361
test_01642,0.99749666
test_01643,0.00004420
test_01644,0.38594395
test_01645,0.98639870
test_01646,0.47871065
test_01647,0.99961323
test_01648,0.97017026
test_01649,0.00042312
test_01650,0.57721019
test_01651,0.00000319
test_01652,0.99998128
test_01653,0.01830459
test_01654,0.96617192
test_01655,0.99999523
test_01656,0.98837543
test_01657,0.01259649
test_01658,0.18170515
test_01659,0.01090546
test_01660,0.99993062
test_01661,0.00000137
test_01662,0.04986691
test_01663,0.68817544
test_01664,0.00782187
test_01665,0.96528459
test_01666,0.00005850
test_01667,0.08049088
test_01668,0.99916887
test_01669,0.03399171
test_01670,0.34565690
test_01671,0.97542566
test_01672,0.99999619
test_01673,0.04798183
test_01674,0.00000986
test_01675,0.00001442
test_01676,0.94204277
test_01677,0.90817225
test_01678,0.88587779
test_01679,0.99926835
test_01680,0.00001897
test_01681,0.62858319
test_01682,0.88768190
test_01683,0.00000328
test_01684,0.47863919
test_01685,0.99997175
test_01686,0.99556702
test_01687,0.13609235
test_01688,0.00242172
test_01689,0.00181213
test_01690,0.96637952
test_01691,0.65491956
test_01692,0.00093502
test_01693,0.01243438
test_01694,0.07811473
test_01695,0.06585131
test_01696,0.80121613
test_01697,0.76669270
test_01698,0.99988973
test_01699,0.61841947
test_01700,0.99542987
test_01701,0.01222535
test_01702,0.00086688
test_01703,0.98085415
test_01704,0.00035967
test_01705,0.69774199
test_01706,0.92212015
test_01707,0.97274595
test_01708,0.98974353
test_01709,0.99995267
test_01710,0.66507822
test_01711,0.01183186
test_01712,0.15010108
test_01713,0.12275444
test_01714,0.29085827
test_01715,0.99781752
test_01716,0.29812577
test_01717,0.99999309
test_01718,0.01731704
test_01719,0.00951135
test_01720,0.99818146
test_01721,0.00000774
test_01722,0.99977463
test_01723,0.09925906
test_01724,0.01345044
test_01725,0.00519399
test_01726,0.01147496
test_01727,0.99855548
test_01728,0.75242680
test_01729,0.99997163
test_01730,0.30228588
test_01731,0.10911873
test_01732,0.29077831
test_01733,0.98432493
test_01734,0.97656029
test_01735,0.90064853
test_01736,0.95843887
test_01737,0.99999523
test_01738,0.94588262
test_01739,0.72881776
test_01740,0.67035210
test_01741,0.97097576
test_01742,0.00376476
test_01743,0.96357208
test_01744,0.97679752
test_01745,0.00971371
test_01746,0.87124372
test_01747,0.99999988
test_01748,0.74461991
test_01749,0.75429136
test_01750,0.99839032
test_01751,0.15286386
test_01752,0.10442951
test_01753,0.59656620
test_01754,0.00339197
test_01755,0.79866832
test_01756,0.88730198
test_01757,0.87973595
test_01758,0.00016717
test_01759,0.43220142
test_01760,0.94179654
test_01761,0.87328655
test_01762,0.00382336
test_01763,0.00000032
test_01764,0.99963605
test_01765,0.86867386
test_01766,0.00006485
test_01767,0.00195538
test_01768,0.15814556
test_01769,0.97032309
test_01770,0.60775489
test_01771,0.00017338
test_01772,0.96265107
test_01773,0.82593131
test_01774,0.99086750
test_01775,0.99556220
test_01776,0.99971324
test_01777,0.99938846
test_01778,0.99998879
test_01779,0.10913511
test_01780,0.74727422
test_01781,0.99997854
test_01782,0.00174231
test_01783,0.99997211
test_01784,0.43568030
test_01785,0.98295975
test_01786,0.58142275
test_01787,0.35492688
test_01788,0.99999273
test_01789,0.56009233
test_01790,0.01388006
test_01791,0.99860507
test_01792,0.35102445
test_01793,0.02277225
test_01794,0.99177516
test_01795,0.00011627
test_01796,0.00140405
test_01797,0.00055676
test_01798,0.99987519
test_01799,0.76209664
test_01800,0.98150086
test_01801,0.99868506
test_01802,0.00123502
test_01803,0.98472416
test_01804,0.99889451
test_01805,0.00092932
test_01806,0.98638445
test_01807,0.88983440
test_01808,0.97925663
test_01809,0.99949265
test_01810,0.92046309
test_01811,0.99999988
test_01812,1.00000000
test_01813,0.47302723
test_01814,0.00027499
test_01815,0.58049458
test_01816,0.97861987
test_01817,0.00034547
test_01818,0.99998987
test_01819,0.99174470
test_01820,0.00000721
test_01821,0.99999726
test_01822,0.86334944
test_01823,0.00000004
test_01824,0.89906496
test_01825,0.14507586
test_01826,0.99204117
test_01827,0.00000000
test_01828,0.99246275
test_01829,0.00013138
test_01830,0.13824524
test_01831,0.00265937
test_01832,0.00418809
test_01833,0.00745589
test_01834,0.01957760
test_01835,0.44309250
test_01836,0.00005066
test_01837,0.98320836
test_01838,0.00007315
test_01839,0.99996519
test_01840,0.01133869
test_01841,0.94679111
test_01842,0.72706926
test_01843,0.00046773
test_01844,0.98005897
test_01845,0.90494466
test_01846,0.99986660
test_01847,0.99999058
test_01848,0.00002507
test_01849,0.96818495
test_01850,0.84132344
test_01851,0.99888891
test_01852,0.52493411
test_01853,0.03811431
test_01854,0.00137555
test_01855,0.76051044
test_01856,0.70984948
test_01857,0.00000209
test_01858,0.92816812
test_01859,0.23987630
test_01860,0.99999988
test_01861,0.00000074
test_01862,0.89209211
test_01863,0.96254659
test_01864,0.01281740
test_01865,0.99820828
test_01866,0.00948836
test_01867,0.00032197
test_01868,0.53570426
test_01869,0.99378902
test_01870,0.00643693
test_01871,0.69995105
test_01872,0.93251288
test_01873,0.82121283
test_01874,0.40299812
test_01875,0.11142151
test_01876,0.97121382
test_01877,0.99982870
test_01878,0.02011291
test_01879,0.99946254
test_01880,0.99801457
test_01881,0.89650077
test_01882,0.00090796
test_01883,0.48451197
test_01884,0.00001302
test_01885,0.08625367
test_01886,0.01672605
test_01887,0.95210838
test_01888,0.42610377
test_01889,0.08924678
test_01890,0.99271858
test_01891,0.31210312
test_01892,0.00653608
test_01893,0.99988675
test_01894,0.23839748
test_01895,0.00577606
test_01896,0.94813186
test_01897,0.00016773
test_01898,0.98216981
test_01899,0.20691834
test_01900,0.99980599
test_01901,0.46095905
test_01902,0.98479652
test_01903,0.00005497
test_01904,0.05623230
test_01905,0.99915147
test_01906,0.28749421
test_01907,0.98733974
test_01908,0.97606283
test_01909,0.08551096
test_01910,0.00006443
test_01911,0.42209184
test_01912,0.81215996
test_01913,0.00026709
test_01914,0.65834737
test_01915,0.18595418
test_01916,0.95386952
test_01917,0.99926609
test_01918,0.95825595
test_01919,0.55367398
test_01920,0.83562481
test_01921,0.00120481
test_01922,0.94009060
test_01923,0.43441516
test_01924,0.99535972
test_01925,0.96378374
test_01926,0.00000000
test_01927,0.99488163
test_01928,0.60731602
test_01929,0.93788201
test_01930,0.99989843
test_01931,0.00158537
test_01932,0.99997878
test_01933,0.01886283
test_01934,0.92801923
test_01935,0.00000022
test_01936,0.00298225
test_01937,0.98232174
test_01938,0.11095803
test_01939,0.99999595
test_01940,0.00006622
test_01941,0.86434853
test_01942,0.98019123
test_01943,0.00165585
test_01944,0.83971494
test_01945,0.00000459
test_01946,0.28362322
test_01947,0.05901755
test_01948,0.23203488
test_01949,0.26658013
test_01950,0.99056870
test_01951,0.62144667
test_01952,0.99999881
test_01953,0.04701274
test_01954,0.99999869
test_01955,0.00539120
test_01956,0.99999988
test_01957,0.87834346
test_01958,0.06341536
test_01959,0.00279131
test_01960,0.49623612
test_01961,0.99951744
test_01962,0.00002688
test_01963,0.06557178
test_01964,0.01445564
test_01965,0.98474437
test_01966,0.04745844
test_01967,0.16562739
test_01968,0.99956959
test_01969,0.00000000
test_01970,0.15174277
test_01971,0.99997938
test_01972,0.99989152
test_01973,0.00008818
test_01974,0.37037066
test_01975,0.96268964
test_01976,0.99997544
test_01977,0.00576645
test_01978,0.99997473
test_01979,0.03644147
test_01980,0.00937189
test_01981,0.01909586
test_01982,0.00000651
test_01983,0.59908992
test_01984,0.77889907
test_01985,0.99334300
test_01986,0.95144135
test_01987,0.00022608
test_01988,0.33865854
test_01989,0.93367845
test_01990,0.63534641
test_01991,0.67786551
test_01992,0.07077205
test_01993,0.99951065
test_01994,0.01130401
test_01995,0.99999928
test_01996,0.99999905
test_01997,0.99671423
test_01998,0.00012292
test_01999,0.99876630
test_02000,0.99136716
test_02001,0.43560523
test_02002,0.18614180
test_02003,0.99944264
test_02004,0.00000006
test_02005,0.98640543
test_02006,0.00374935
test_02007,0.01816688
test_02008,0.16896288
test_02009,0.71554756
test_02010,0.73499483
test_02011,0.99995577
test_02012,0.73278105
test_02013,0.99802375
test_02014,0.14920712
test_02015,0.00003181
test_02016,0.91393048
test_02017,0.05405986
test_02018,0.75264049
test_02019,0.93236953
test_02020,0.65476018
test_02021,0.99999952
test_02022,0.06953783
test_02023,0.84009635
test_02024,0.08151644
test_02025,0.99795663
test_02026,0.99980944
test_02027,0.15468527
test_02028,0.99602604
test_02029,0.99353278
test_02030,0.04430342
test_02031,0.42401516
test_02032,0.00384873
test_02033,0.00000012
test_02034,0.09213062
test_02035,0.98940033
test_02036,0.00066850
test_02037,0.00017281
test_02038,0.92563909
test_02039,0.99950087
test_02040,0.47184226
test_02041,0.99996912
test_02042,0.62650788
test_02043,0.00011682
test_02044,0.11286013
test_02045,0.26211098
test_02046,0.05647405
test_02047,0.03546328
test_02048,0.99926180
test_02049,0.37329257
test_02050,0.93516713
test_02051,0.99999988
test_02052,0.04408079
test_02053,0.98342621
test_02054,0.66238201
test_02055,0.99188846
test_02056,0.99457753
test_02057,0.99200177
test_02058,0.46349338
test_02059,0.99977213
test_02060,0.99979359
test_02061,0.92224115
test_02062,0.00111131
test_02063,0.02323282
test_02064,0.99927562
test_02065,0.99634016
test_02066,0.99995196
test_02067,0.00148668
test_02068,0.00094621
test_02069,0.48706681
test_02070,0.00021343
test_02071,0.86326587
test_02072,0.93309087
test_02073,0.35442695
test_02074,0.99997520
test_02075,0.62603456
test_02076,0.47532797
test_02077,0.11156587
test_02078,0.70985079
test_02079,0.00126381
test_02080,0.99965274
test_02081,0.05720609
test_02082,0.99195403
test_02083,0.00002213
test_02084,0.00015683
test_02085,0.06555600
test_02086,0.36172312
test_02087,0.00001228
test_02088,0.05102845
test_02089,0.00800849
test_02090,0.53541929
test_02091,0.25335443
test_02092,0.93864202
test_02093,0.00147446
test_02094,0.99988770
test_02095,0.00111633
test_02096,0.00106171
test_02097,0.12382001
test_02098,0.98927581
test_02099,0.99797338
test_02100,0.99472392
test_02101,0.23821685
test_02102,0.97590554
test_02103,0.78970009
test_02104,0.14073606
test_02105,0.97432512
test_02106,0.99965513
test_02107,0.01084845
test_02108,0.00038588
test_02109,0.00007938
test_02110,0.99946040
test_02111,0.00009667
test_02112,0.55930239
test_02113,0.99995363
test_02114,0.99999976
test_02115,0.48957834
test_02116,0.99997938
test_02117,0.00009590
test_02118,0.17231154
test_02119,0.23335986
test_02120,0.79071945
test_02121,0.99179089
test_02122,0.00509284
test_02123,0.00081362
test_02124,0.06500465
test_02125,0.98709446
test_02126,0.30297357
test_02127,0.16971555
test_02128,0.00005801
test_02129,0.95450318
test_02130,0.05301047
test_02131,0.99761534
test_02132,0.98720932
test_02133,0.99973935
test_02134,0.00348381
test_02135,0.99999464
test_02136,0.50461829
test_02137,0.00932386
test_02138,0.27045688
test_02139,0.11004370
test_02140,0.10608368
test_02141,0.99997723
test_02142,0.99744701
test_02143,0.00731473
test_02144,0.86161363
test_02145,0.00096381
test_02146,0.00076395
test_02147,0.67691767
test_02148,0.91800004
test_02149,0.00000001
test_02150,0.99999654
test_02151,0.00049382
test_02152,0.00821699
test_02153,0.99909472
test_02154,0.99951220
test_02155,0.99990535
test_02156,0.52860636
test_02157,0.00042100
test_02158,0.13286562
test_02159,0.99907148
test_02160,0.99993837
test_02161,0.99427903
test_02162,0.99928552
test_02163,0.01477891
test_02164,0.00896769
test_02165,0.00201968
test_02166,0.00274451
test_02167,0.18271683
test_02168,0.95045269
test_02169,0.00005786
test_02170,0.67757243
test_02171,0.73053962
test_02172,0.99951315
test_02173,0.00295391
test_02174,0.80708730
test_02175,0.81113648
test_02176,0.05082172
test_02177,0.53383410
test_02178,0.59964234
test_02179,0.40622598
test_02180,0.99998367
test_02181,0.99990630
test_02182,0.11167715
test_02183,0.00000921
test_02184,0.00000050
test_02185,0.99999928
test_02186,0.00299327
test_02187,0.99878675
test_02188,0.05165534
test_02189,0.99996638
test_02190,0.99999988
test_02191,0.02572807
test_02192,0.00080624
test_02193,0.00009859
test_02194,0.99224818
test_02195,0.99919027
test_02196,0.03883135
test_02197,0.92157006
test_02198,0.02308494
test_02199,0.94301277
test_02200,0.70013928
test_02201,0.06393451
test_02202,0.00107550
test_02203,0.22059695
test_02204,0.72817308
test_02205,0.71922988
test_02206,0.75108671
test_02207,0.01642486
test_02208,0.98673290
test_02209,0.78136557
test_02210,0.00274459
test_02211,0.50558788
test_02212,0.01319845
test_02213,0.99998271
test_02214,0.99999535
test_02215,0.32995906
test_02216,0.00179288
test_02217,0.00804219
test_02218,0.98932844
test_02219,0.04269676
test_02220,0.00004110
test_02221,0.01227737
test_02222,0.07788193
test_02223,0.79992145
test_02224,0.99973565
test_02225,0.00033394
test_02226,0.42075095
test_02227,0.81831288
test_02228,0.96682233
test_02229,0.81022596
test_02230,0.84255177
test_02231,0.00968541
test_02232,0.47126326
test_02233,0.99793100
test_02234,0.00008443
test_02235,0.39950106
test_02236,0.05066728
test_02237,0.77147096
test_02238,0.00473984
test_02239,0.99574834
test_02240,0.97366142
test_02241,0.99987578
test_02242,0.01094519
test_02243,0.00001098
test_02244,0.91220051
test_02245,0.00091680
test_02246,0.99968278
test_02247,0.99999464
test_02248,0.38276258
test_02249,0.99996066
test_02250,1.00000000
test_02251,0.00008082
test_02252,0.99999237
test_02253,0.95040011
test_02254,0.00045041
test_02255,0.98870391
test_02256,0.02845535
test_02257,0.87841874
test_02258,0.00316700
test_02259,0.93109363
test_02260,0.80349648
test_02261,0.00063221
test_02262,0.00067048
test_02263,0.86553639
test_02264,0.03065606
test_02265,0.99999976
test_02266,0.93004513
test_02267,0.00007511
test_02268,0.00002323
test_02269,0.99983501
test_02270,0.99975353
test_02271,0.61076409
test_02272,0.00452037
test_02273,0.91136092
test_02274,0.54318839
test_02275,0.99321741
test_02276,0.97935438
test_02277,0.94941324
test_02278,0.99830258
test_02279,0.99938786
test_02280,0.00000023
test_02281,0.05807032
test_02282,0.07832786
test_02283,0.27667508
test_02284,0.00235421
test_02285,0.97941417
test_02286,0.00842458
test_02287,0.00088162
test_02288,0.00465236
test_02289,0.00001491
test_02290,0.31378770
test_02291,0.00324199
test_02292,0.49762550
test_02293,0.00474642
test_02294,0.99999559
test_02295,0.46324697
test_02296,0.99963856
test_02297,0.99326807
test_02298,0.96958643
test_02299,0.99264222
test_02300,0.00031822
test_02301,0.80916172
test_02302,0.86753762
test_02303,0.99999702
test_02304,0.34132579
test_02305,0.99983895
test_02306,0.99962890
test_02307,0.30814663
test_02308,0.01297692
test_02309,0.03564323
test_02310,0.99654335
test_02311,0.85857618
test_02312,0.97921020
test_02313,0.95769930
test_02314,0.01744529
test_02315,0.36334720
test_02316,0.32192126
test_02317,0.14746770
test_02318,0.99999976
test_02319,0.99983263
test_02320,0.29280338
test_02321,0.99972540
test_02322,0.99987233
test_02323,0.00000000
test_02324,0.96596766
test_02325,0.81326985
test_02326,0.20744556
test_02327,0.63402200
test_02328,0.01334823
test_02329,0.00004546
test_02330,0.03069670
test_02331,0.00000014
test_02332,0.00009396
test_02333,0.00001044
test_02334,0.91827989
test_02335,0.79737091
test_02336,0.99877149
test_02337,0.72347766
test_02338,0.04682095
test_02339,0.99943632
test_02340,0.97940105
test_02341,0.75676918
test_02342,0.01014979
test_02343,0.96581060
test_02344,0.01771985
test_02345,0.53940076
test_02346,0.65729904
test_02347,0.90372950
test_02348,0.69918644
test_02349,0.99590850
test_02350,0.00039557
test_02351,0.00000853
test_02352,0.03767621
test_02353,0.32088375
test_02354,0.99996758
test_02355,0.99359012
test_02356,0.92322564
test_02357,0.00000075
test_02358,0.81257051
test_02359,0.99999499
test_02360,0.97854620
test_02361,0.84497488
test_02362,0.95246470
test_02363,0.04581588
test_02364,0.99999642
test_02365,0.99984729
test_02366,0.00035408
test_02367,0.94618279
test_02368,0.23872833
test_02369,0.00242831
test_02370,0.99103361
test_02371,0.98358870
test_02372,0.00007449
test_02373,0.00238243
test_02374,0.99985027
test_02375,0.99843377
test_02376,0.84990138
test_02377,0.82977551
test_02378,0.98176461
test_02379,0.00607078
test_02380,0.99833918
test_02381,0.99963021
test_02382,0.97112274
test_02383,0.84511465
test_02384,0.00000433
test_02385,0.86564678
test_02386,0.00087764
test_02387,1.00000000
test_02388,0.00004736
test_02389,0.00000000
test_02390,0.77241373
test_02391,0.04234609
test_02392,0.99893945
test_02393,0.00003182
test_02394,0.00000241
test_02395,0.99975365
test_02396,0.02482642
test_02397,0.85863554
test_02398,1.00000000
test_02399,0.86859155
test_02400,0.98644686
test_02401,0.99995089
test_02402,0.99820721
test_02403,0.29052836
test_02404,0.99727005
test_02405,0.91498190
test_02406,0.76896983
test_02407,0.99979240
test_02408,0.31292269
test_02409,0.96492320
test_02410,0.01030881
test_02411,0.93467355
test_02412,0.87343502
test_02413,0.88854569
test_02414,0.72660494
test_02415,0.99970263
test_02416,0.00017924
test_02417,0.99799490
test_02418,0.77150875
test_02419,0.11149032
test_02420,0.05708148
test_02421,0.91292107
test_02422,0.33204544
test_02423,0.99898332
test_02424,0.02824249
test_02425,0.01568741
test_02426,1.00000000
test_02427,0.88497239
test_02428,0.01269910
test_02429,0.00271608
test_02430,0.99702495
test_02431,0.00022929
test_02432,0.98850679
test_02433,0.99998450
test_02434,0.99982822
test_02435,0.13994503
test_02436,0.05246101
test_02437,0.45436573
test_02438,0.96657181
test_02439,0.82749856
test_02440,0.99993515
test_02441,0.85425985
test_02442,0.00506239
test_02443,0.99447495
test_02444,0.32750741
test_02445,0.28590274
test_02446,0.71393955
test_02447,0.70769268
test_02448,0.99867404
test_02449,0.00000020
test_02450,0.99913293
test_02451,1.00000000
test_02452,0.00000705
test_02453,0.81059462
test_02454,0.31002995
test_02455,0.33631992
test_02456,0.00000666
test_02457,0.00542819
test_02458,0.76403773
test_02459,0.23671922
test_02460,0.98847264
test_02461,0.99999845
test_02462,0.99997199
test_02463,0.13411750
test_02464,0.98447001
test_02465,0.00035822
test_02466,0.00507482
test_02467,0.00002099
test_02468,0.99503857
test_02469,0.99150813
test_02470,0.99988461
test_02471,0.99756086
test_02472,0.01793901
test_02473,0.99988151
test_02474,0.45394200
test_02475,0.80624163
test_02476,0.04107232
test_02477,0.36922261
test_02478,0.99667609
test_02479,0.99999475
test_02480,0.99986386
test_02481,0.99998343
test_02482,0.46149853
test_02483,0.03493103
test_02484,0.32471785
test_02485,0.00328106
test_02486,0.96656269
test_02487,0.61802477
test_02488,0.01296484
test_02489,0.99301720
test_02490,0.99119461
test_02491,0.85503161
test_02492,0.36780009
test_02493,0.00038467
test_02494,0.97911525
test_02495,0.00236903
test_02496,0.99783355
test_02497,0.98233140
test_02498,0.30414307
test_02499,0.29638377
test_02500,0.99947363
test_02501,0.02031796
test_02502,0.01575771
test_02503,0.81214404
test_02504,0.99300379
test_02505,0.51851672
test_02506,0.03246784
test_02507,0.99893409
test_02508,0.00204977
test_02509,0.92955405
test_02510,0.17102911
test_02511,0.99465179
test_02512,0.92016077
test_02513,0.99997151
test_02514,0.01328405
test_02515,0.99986112
test_02516,0.99846423
test_02517,0.32206041
test_02518,0.00004010
test_02519,0.97843277
test_02520,0.00000446
test_02521,0.00389849
test_02522,0.28743711
test_02523,0.01869050
test_02524,0.93808371
test_02525,0.91611695
test_02526,0.50974828
test_02527,0.91867614
test_02528,0.66191357
test_02529,0.62141657
test_02530,0.83253884
test_02531,0.99068475
test_02532,0.59197742
test_02533,0.10862371
test_02534,0.00340766
test_02535,0.78248197
test_02536,0.99995184
test_02537,0.70606649
test_02538,0.35306346
test_02539,0.99986517
test_02540,0.04751070
test_02541,0.43877518
test_02542,0.74552852
test_02543,0.14729387
test_02544,0.99893290
test_02545,0.07672933
test_02546,0.00000698
test_02547,0.99999845
test_02548,0.37849453
test_02549,0.94570547
test_02550,0.99997723
test_02551,0.00075022
test_02552,0.99866462
test_02553,0.77104670
test_02554,0.98559314
test_02555,0.94620621
test_02556,0.11035613
test_02557,0.33642143
test_02558,0.99772626
test_02559,0.00037214
test_02560,0.02027831
test_02561,0.99930680
test_02562,0.69365567
test_02563,0.99999547
test_02564,0.59820259
test_02565,0.83607280
test_02566,0.51326358
test_02567,0.54482329
test_02568,0.53994709
test_02569,0.06237391
test_02570,0.97893846
test_02571,0.00124056
test_02572,0.92413437
test_02573,0.00203784
test_02574,0.91162407
test_02575,0.30366519
test_02576,0.99742532
test_02577,0.72219419
test_02578,0.99999809
test_02579,0.00755099
test_02580,0.49819714
test_02581,0.28390256
test_02582,0.00065438
test_02583,0.67110753
test_02584,0.99891043
test_02585,0.00017574
test_02586,0.96555781
test_02587,0.99629021
test_02588,0.96536171
test_02589,0.01908270
test_02590,0.99635679
test_02591,0.83705324
test_02592,0.85920471
test_02593,0.60782135
test_02594,0.99428248
test_02595,0.99835408
test_02596,0.00006263
test_02597,0.99216276
test_02598,0.92911762
test_02599,0.96206725
test_02600,0.98133093
test_02601,0.01241030
test_02602,0.12890652
test_02603,0.01441027
test_02604,0.18421024
test_02605,0.00024563
test_02606,0.80094272
test_02607,0.97421265
test_02608,0.95127833
test_02609,0.96335208
test_02610,0.15734710
test_02611,0.87003249
test_02612,0.10444105
test_02613,0.00776372
test_02614,0.17116404
test_02615,0.00278235
test_02616,0.93167120
test_02617,0.99993289
test_02618,0.44577140
test_02619,0.99990666
test_02620,0.00000048
test_02621,0.99425149
test_02622,0.72078872
test_02623,0.98900247
test_02624,0.99999988
test_02625,0.00199884
test_02626,0.99970907
test_02627,0.99839514
test_02628,0.04251368
test_02629,0.00012268
test_02630,0.99987578
test_02631,0.11095213
test_02632,0.03541827
test_02633,0.99995303
test_02634,0.00161520
test_02635,0.38878417
test_02636,0.23032860
test_02637,0.96024716
test_02638,0.89513278
test_02639,0.00092945
test_02640,0.97708988
test_02641,0.99837518
test_02642,0.00149340
test_02643,0.99997711
test_02644,0.00051830
test_02645,0.28888416
test_02646,0.13650115
test_02647,0.00107600
test_02648,0.06428327
test_02649,0.99999344
test_02650,0.00018180
test_02651,0.99531990
test_02652,0.07435416
test_02653,0.93006635
test_02654,0.60783678
test_02655,0.00023685
test_02656,0.72104931
test_02657,0.29059014
test_02658,0.49074236
test_02659,0.63918650
test_02660,0.44141728
test_02661,0.99999881
test_02662,0.84348589
test_02663,0.00012044
test_02664,0.99952471
test_02665,0.99999094
test_02666,0.99030393
test_02667,0.67679369
test_02668,0.93951112
test_02669,0.31248838
test_02670,0.41471487
test_02671,0.00001176
test_02672,0.99660504
test_02673,0.99998391
test_02674,0.35851398
test_02675,0.40570852
test_02676,0.99941480
test_02677,0.00012354
test_02678,0.99999833
test_02679,0.99183041
test_02680,0.06100435
test_02681,0.48760140
test_02682,0.00126201
test_02683,0.38629404
test_02684,0.25773543
test_02685,0.00024587
test_02686,0.99902987
test_02687,0.16472256
test_02688,0.99995184
test_02689,0.91370684
test_02690,0.00961721
test_02691,0.24448062
test_02692,0.98372585
test_02693,0.09648305
test_02694,0.99980992
test_02695,0.67487526
test_02696,0.90459520
test_02697,0.00000021
test_02698,0.00373135
test_02699,0.99999452
test_02700,0.00041383
test_02701,0.00000554
test_02702,0.68580276
test_02703,0.05748320
test_02704,0.00173305
test_02705,0.99997020
test_02706,0.00005518
test_02707,0.99968803
test_02708,0.66180944
test_02709,0.99892128
test_02710,0.99934047
test_02711,0.07373871
test_02712,0.99877197
test_02713,0.01234434
test_02714,0.00197651
test_02715,0.99850971
test_02716,0.39707550
test_02717,0.92033601
test_02718,0.00005733
test_02719,0.60478121
test_02720,0.07021834
test_02721,0.02244973
test_02722,0.14136656
test_02723,0.99946648
test_02724,0.97261095
test_02725,0.38244370
test_02726,0.99985337
test_02727,0.03198921
test_02728,0.00250881
test_02729,0.34217936
test_02730,0.99995148
test_02731,0.09674084
test_02732,0.99836248
test_02733,0.85248083
test_02734,0.00022888
test_02735,0.99998212
test_02736,0.90858340
test_02737,0.98520142
test_02738,0.84907174
test_02739,0.65558660
test_02740,0.99999988
test_02741,0.25929356
test_02742,0.99810731
test_02743,0.00043493
test_02744,0.04841344
test_02745,0.99983215
test_02746,0.56897217
test_02747,0.02693319
test_02748,0.00002009
test_02749,0.98373717
test_02750,0.99938536
test_02751,0.88178170
test_02752,0.98586375
test_02753,0.99884355
test_02754,0.00000045
test_02755,0.99498272
test_02756,0.99950027
test_02757,0.06426604
test_02758,0.09098721
test_02759,0.30817753
test_02760,0.00000002
test_02761,0.99999559
test_02762,0.01240685
test_02763,0.31645215
test_02764,0.99591464
test_02765,0.00019004
test_02766,0.21759596
test_02767,0.00292653
test_02768,0.67201698
test_02769,0.00000000
test_02770,0.78811538
test_02771,0.90233028
test_02772,0.49008411
test_02773,0.60659170
test_02774,0.92259890
test_02775,0.74480802
test_02776,0.98598844
test_02777,0.99997711
test_02778,0.20808929
test_02779,0.00640118
test_02780,0.89947033
test_02781,0.99350524
test_02782,0.96274596
test_02783,0.00020092
test_02784,0.94868696
test_02785,0.98974317
test_02786,0.00070235
test_02787,0.83537364
test_02788,0.99997032
test_02789,0.11257485
test_02790,0.02594268
test_02791,0.00044089
test_02792,0.24954365
test_02793,0.05147227
test_02794,0.01210076
test_02795,0.99434400
test_02796,0.98138106
test_02797,0.01126767
test_02798,0.04227013
test_02799,0.99998021
test_02800,0.00000336
test_02801,0.00000001
test_02802,0.10832869
test_02803,0.26329911
test_02804,0.01215604
test_02805,0.00480339
test_02806,0.99359691
test_02807,0.00007790
test_02808,0.14493316
test_02809,0.62094647
test_02810,0.33630925
test_02811,0.00001055
test_02812,0.43523315
test_02813,0.91076398
test_02814,0.99964547
test_02815,0.33857101
test_02816,0.24876888
test_02817,0.00031316
test_02818,0.00106950
test_02819,0.98489136
test_02820,0.02213982
test_02821,0.65086246
test_02822,0.99928349
test_02823,0.99732637
test_02824,0.00000101
test_02825,0.99998927
test_02826,0.99999952
test_02827,0.98253191
test_02828,1.00000000
test_02829,0.99947757
test_02830,0.99313825
test_02831,0.98989654
test_02832,0.01533552
test_02833,0.01331236
test_02834,0.62142974
test_02835,0.00000000
test_02836,0.99995089
test_02837,0.99993932
test_02838,0.00017409
test_02839,0.99999428
test_02840,0.94682699
test_02841,0.99973041
test_02842,0.99891686
test_02843,0.00012328
test_02844,0.00147625
test_02845,0.21678211
test_02846,0.55850554
test_02847,0.90099186
test_02848,0.00007423
test_02849,0.38893962
test_02850,0.00431784
test_02851,0.99985337
test_02852,0.00000013
test_02853,0.05979636
test_02854,0.64969569
test_02855,0.96635526
test_02856,0.01092244
test_02857,0.99813420
test_02858,0.91568214
test_02859,0.99857211
test_02860,0.11273921
test_02861,0.99902260
test_02862,0.10018365
test_02863,0.40213275
test_02864,0.20210110
test_02865,0.98666406
test_02866,0.99999988
test_02867,0.97930121
test_02868,0.00013436
test_02869,0.99923944
test_02870,0.96597397
test_02871,0.99968636
test_02872,0.71427095
test_02873,0.99993908
test_02874,0.99888581
test_02875,0.88961494
test_02876,0.99958450
test_02877,0.09833693
test_02878,0.00016287
test_02879,0.00621998
test_02880,0.85557669
test_02881,0.00885790
test_02882,0.00134835
test_02883,0.99999344
test_02884,0.53209728
test_02885,0.96934342
test_02886,0.38442042
test_02887,0.01733947
test_02888,0.00269774
test_02889,0.45580718
test_02890,0.00000001
test_02891,0.00532119
test_02892,0.14658102
test_02893,0.00956562
test_02894,0.03690503
test_02895,0.87783664
test_02896,0.28693095
test_02897,0.80942452
test_02898,0.44906610
test_02899,0.65708095
test_02900,0.50596476
test_02901,0.99790621
test_02902,0.01864913
test_02903,0.38615662
test_02904,0.56994194
test_02905,0.99999952
test_02906,0.98420942
test_02907,0.98009014
test_02908,0.98842305
test_02909,0.24414599
test_02910,0.00345353
test_02911,0.15419604
test_02912,0.99998987
test_02913,0.00087419
test_02914,0.13851334
test_02915,0.99928039
test_02916,0.99838352
test_02917,0.08193878
test_02918,0.53654188
test_02919,0.00182385
test_02920,0.00013624
test_02921,0.35097173
test_02922,0.99996996
test_02923,0.00021745
test_02924,0.57336515
test_02925,0.39170679
test_02926,0.97242934
test_02927,0.24369435
test_02928,0.93442035
test_02929,0.00852490
test_02930,0.99972028
test_02931,0.92191845
test_02932,0.93719381
test_02933,0.37534729
test_02934,0.71823388
test_02935,0.92999274
test_02936,0.99998569
test_02937,0.02344388
test_02938,0.41502249
test_02939,0.99999809
test_02940,0.03055593
test_02941,0.88156766
test_02942,0.04047915
test_02943,0.78844124
test_02944,0.18046975
test_02945,0.84548891
test_02946,0.00001610
test_02947,0.40749708
test_02948,0.00612092
test_02949,0.02016685
test_02950,0.04401628
test_02951,0.12435009
test_02952,0.92346936
test_02953,0.82364494
test_02954,0.99999630
test_02955,0.02296894
test_02956,0.00037717
test_02957,0.00000053
test_02958,0.80098301
test_02959,0.02586411
test_02960,0.47335830
test_02961,0.42936933
test_02962,0.21286003
test_02963,0.26805669
test_02964,0.93843842
test_02965,0.07344204
test_02966,0.00002687
test_02967,0.66166198
test_02968,1.00000000
test_02969,0.99984324
test_02970,0.37168959
test_02971,0.96378165
test_02972,0.99940479
test_02973,0.00000594
test_02974,0.62423432
test_02975,0.05679718
test_02976,0.93282545
test_02977,0.87079495
test_02978,0.99999225
test_02979,0.99998128
test_02980,0.00182287
test_02981,0.99995673
test_02982,0.87838304
test_02983,0.95845366
test_02984,0.57686013
test_02985,0.00054069
test_02986,0.84872758
test_02987,0.00124565
test_02988,0.00999735
test_02989,0.63524920
test_02990,0.93605423
test_02991,0.96851557
test_02992,0.00003177
test_02993,0.02291509
test_02994,0.99738425
test_02995,0.00061356
test_02996,0.53451276
test_02997,0.41446885
test_02998,0.00353880
test_02999,0.99999225
test_03000,0.87869465
test_03001,0.99999988
test_03002,0.05004444
test_03003,0.92605478
test_03004,0.01652359
test_03005,0.20135647
test_03006,0.99128562
test_03007,0.47004911
test_03008,0.00390245
test_03009,0.16872311
test_03010,0.99101651
test_03011,0.81423879
test_03012,0.00005677
test_03013,0.99856204
test_03014,0.99916053
test_03015,0.00000594
test_03016,0.00033277
test_03017,0.73588997
test_03018,0.00000005
test_03019,0.00157473
test_03020,0.15416631
test_03021,0.00201028
test_03022,0.33355254
test_03023,0.25512710
test_03024,0.99863797
test_03025,0.99813396
test_03026,0.63959742
test_03027,0.00010722
test_03028,0.69940537
test_03029,0.00068071
test_03030,0.03711484
test_03031,0.08404721
test_03032,0.08508991
test_03033,0.99554008
test_03034,0.85465193
test_03035,0.48843873
test_03036,0.00001514
test_03037,0.36225814
test_03038,0.05207691
test_03039,0.01632877
test_03040,0.99994183
test_03041,0.99974102
test_03042,0.07168661
test_03043,0.77767634
test_03044,0.99981624
test_03045,0.86357874
test_03046,0.98020589
test_03047,0.99354291
test_03048,0.09452639
test_03049,0.03029769
test_03050,0.96718198
test_03051,0.00000000
test_03052,0.13762045
test_03053,0.02150461
test_03054,0.07780177
test_03055,0.99635810
test_03056,0.99999869
test_03057,0.00008004
test_03058,0.10877173
test_03059,0.99977988
test_03060,0.95947266
test_03061,0.98545974
test_03062,0.99984217
test_03063,0.00729831
test_03064,0.99392784
test_03065,0.00158982
test_03066,0.97316450
test_03067,0.86469460
test_03068,0.95640039
test_03069,0.99798155
test_03070,0.99943811
test_03071,0.99999404
test_03072,0.13841034
test_03073,0.01252117
test_03074,0.82560134
test_03075,0.99997747
test_03076,0.00490121
test_03077,0.25460359
test_03078,0.01294663
test_03079,0.84505564
test_03080,0.00777717
test_03081,0.09739000
test_03082,0.97375339
test_03083,0.99660730
test_03084,0.87772793
test_03085,0.83401459
test_03086,0.21101315
test_03087,0.03575042
test_03088,0.91905558
test_03089,0.00192483
test_03090,0.97930133
test_03091,0.99806803
test_03092,0.00007692
test_03093,0.02188925
test_03094,0.99979705
test_03095,0.99973887
test_03096,0.99897337
test_03097,0.00747745
test_03098,0.04890360
test_03099,0.44749844
test_03100,0.42033288
test_03101,0.51719230
test_03102,0.79097277
test_03103,0.01032983
test_03104,0.30913097
test_03105,0.62770563
test_03106,0.00015757
test_03107,0.00233913
test_03108,0.00035659
test_03109,0.04484833
test_03110,0.03290246
test_03111,0.00165853
test_03112,0.00000160
test_03113,0.00320407
test_03114,0.12355615
test_03115,0.09452741
test_03116,0.99999249
test_03117,0.00009299
test_03118,0.07143164
test_03119,0.99429870
test_03120,0.06901927
test_03121,0.00002762
test_03122,0.46138287
test_03123,0.97696745
test_03124,0.99628866
test_03125,0.58818901
test_03126,0.99709558
test_03127,0.99213445
test_03128,0.00000823
test_03129,0.39096764
test_03130,1.00000000
test_03131,0.57977539
test_03132,0.49455994
test_03133,0.20754106
test_03134,0.47712997
test_03135,0.99822932
test_03136,0.00017144
test_03137,0.04965563
test_03138,0.00005829
test_03139,0.00171298
test_03140,0.02219049
test_03141,0.82239449
test_03142,0.99952233
test_03143,0.14777058
test_03144,0.94462532
test_03145,0.99986696
test_03146,0.00278114
test_03147,0.08578980
test_03148,0.00061627
test_03149,0.18691610
test_03150,0.99883741
test_03151,0.01798531
test_03152,0.77604520
test_03153,0.07367567
test_03154,0.99829048
test_03155,0.00011142
test_03156,0.99987555
test_03157,0.00647589
test_03158,0.98942077
test_03159,0.99126816
test_03160,0.01348541
test_03161,0.00035957
test_03162,0.99930894
test_03163,0.05895808
test_03164,0.99825007
test_03165,0.00062260
test_03166,0.00003612
test_03167,0.00001076
test_03168,0.00001609
test_03169,0.05232340
test_03170,0.00021191
test_03171,0.92022133
test_03172,0.75974333
test_03173,0.99971265
test_03174,0.00335698
test_03175,0.37782565
test_03176,1.00000000
test_03177,0.92881513
test_03178,0.99999487
test_03179,0.37042454
test_03180,0.99995303
test_03181,0.99967396
test_03182,0.00180567
test_03183,0.99992323
test_03184,0.99998784
test_03185,0.84257114
test_03186,0.00105804
test_03187,0.45948026
test_03188,0.56298107
test_03189,0.80866736
test_03190,0.55754572
test_03191,0.02857552
test_03192,0.90255266
test_03193,0.44139454
test_03194,0.99806589
test_03195,0.85496002
test_03196,0.90467674
test_03197,0.00045764
test_03198,0.14227644
test_03199,0.54130220
test_03200,0.00348932
test_03201,0.15291062
test_03202,0.47322664
test_03203,0.00973138
test_03204,0.99853027
test_03205,0.37869903
test_03206,0.00118198
test_03207,0.99940562
test_03208,0.01269325
test_03209,0.74428642
test_03210,0.48374528
test_03211,0.00000034
test_03212,0.95945233
test_03213,0.99999332
test_03214,0.00046725
test_03215,0.99977261
test_03216,0.23777540
test_03217,0.00014070
test_03218,0.00000001
test_03219,0.99760532
test_03220,0.72643167
test_03221,0.96374291
test_03222,0.05607740
test_03223,0.00930286
test_03224,0.99999976
test_03225,0.99651647
test_03226,0.00000012
test_03227,0.68836677
test_03228,0.10416619
test_03229,0.00067882
test_03230,0.99615061
test_03231,0.99999988
test_03232,0.99551529
test_03233,0.00026356
test_03234,0.00404990
test_03235,0.21254539
test_03236,0.00218158
test_03237,0.99810117
test_03238,0.04175199
test_03239,0.00237395
test_03240,0.00000267
test_03241,0.58546638
test_03242,0.02038707
test_03243,0.01036037
test_03244,0.47754446
test_03245,0.93021941
test_03246,0.94266343
test_03247,0.99618477
test_03248,0.00007997
test_03249,0.99439645
test_03250,0.00001679
test_03251,0.00003832
test_03252,0.99957818
test_03253,0.99949574
test_03254,0.82435107
test_03255,0.01836929
test_03256,0.57077926
test_03257,0.49129599
test_03258,0.88568509
test_03259,0.92075163
test_03260,0.77358449
test_03261,0.00000000
test_03262,0.99950492
test_03263,0.33253497
test_03264,0.08764791
test_03265,0.00003058
test_03266,0.99999988
test_03267,0.99956089
test_03268,0.91192657
test_03269,0.99855655
test_03270,0.00004700
test_03271,0.30696660
test_03272,0.82446241
test_03273,0.00083984
test_03274,0.03743884
test_03275,0.01894175
test_03276,0.13572301
test_03277,0.69766545
test_03278,0.99411714
test_03279,0.99508435
test_03280,0.41066930
test_03281,1.00000000
test_03282,0.72392499
test_03283,0.03591720
test_03284,0.00000011
test_03285,0.99999988
test_03286,0.60577673
test_03287,0.99999154
test_03288,0.83409345
test_03289,0.97591966
test_03290,0.19211273
test_03291,0.94242150
test_03292,0.73154914
test_03293,0.15162008
test_03294,0.84391129
test_03295,0.00006681
test_03296,0.00001295
test_03297,0.99999607
test_03298,0.00003730
test_03299,0.99999964
test_03300,0.96570241
test_03301,0.01540824
test_03302,0.96286935
test_03303,0.00031846
test_03304,0.53732991
test_03305,0.99993837
test_03306,0.99075669
test_03307,0.94535494
test_03308,0.99877352
test_03309,0.00008179
test_03310,0.99999976
test_03311,0.51041120
test_03312,0.97817254
test_03313,0.00331278
test_03314,0.00034156
test_03315,0.64939564
test_03316,0.99201727
test_03317,0.99998939
test_03318,0.25491267
test_03319,0.00610274
test_03320,0.99118280
test_03321,0.99404800
test_03322,0.99919170
test_03323,0.99820399
test_03324,0.00577790
test_03325,0.01337653
test_03326,0.00291370
test_03327,0.71202075
test_03328,0.78084558
test_03329,0.00362623
test_03330,0.97620744
test_03331,0.67463875
test_03332,0.67213786
test_03333,0.72471648
test_03334,0.95249110
test_03335,0.99986851
test_03336,0.00092096
test_03337,0.01237643
test_03338,0.86618888
test_03339,0.99769419
test_03340,0.99557555
test_03341,0.00004957
test_03342,0.01744930
test_03343,0.29030803
test_03344,0.99984729
test_03345,0.02269292
test_03346,0.03530462
test_03347,0.18215971
test_03348,0.01315909
test_03349,0.99775416
test_03350,0.49612427
test_03351,0.74199915
test_03352,0.99998915
test_03353,0.05843348
test_03354,0.00013921
test_03355,0.69145650
test_03356,0.32295802
test_03357,0.79142088
test_03358,0.83034503
test_03359,0.99997807
test_03360,0.72067338
test_03361,0.01528332
test_03362,0.99591970
test_03363,0.94062328
test_03364,0.38156715
test_03365,0.90530920
test_03366,0.06203974
test_03367,0.80210721
test_03368,0.99623650
test_03369,0.52626717
test_03370,0.77555102
test_03371,1.00000000
test_03372,0.17613724
test_03373,0.05903577
test_03374,0.84740466
test_03375,0.00001227
test_03376,0.99525332
test_03377,0.00200783
test_03378,0.09910218
test_03379,0.99997067
test_03380,0.99999678
test_03381,0.99991500
test_03382,0.99716020
test_03383,0.02195835
test_03384,0.27884865
test_03385,0.99999988
test_03386,0.06775063
test_03387,0.99886739
test_03388,0.63193291
test_03389,0.71293265
test_03390,0.38061771
test_03391,0.99953246
test_03392,0.12599324
test_03393,0.07919610
test_03394,0.68312573
test_03395,0.38213810
test_03396,0.06475504
test_03397,0.00861571
test_03398,0.34635845
test_03399,0.91446054
test_03400,0.00011307
test_03401,0.05336168
test_03402,0.94752872
test_03403,0.00016518
test_03404,0.16918047
test_03405,0.01473152
test_03406,0.04413211
test_03407,0.00387465
test_03408,0.23197974
test_03409,0.04250063
test_03410,0.40330717
test_03411,0.92166597
test_03412,0.99427032
test_03413,0.00088085
test_03414,0.00162067
test_03415,0.94272274
test_03416,0.89690214
test_03417,0.14561950
test_03418,0.00094427
test_03419,0.00506501
test_03420,0.97804636
test_03421,0.00288670
test_03422,0.99998939
test_03423,0.00000096
test_03424,0.47027075
test_03425,0.00028893
test_03426,0.68751991
test_03427,0.76093656
test_03428,0.00224881
test_03429,0.75946540
test_03430,0.99989021
test_03431,0.99999964
test_03432,0.20164050
test_03433,0.99833786
test_03434,0.00176878
test_03435,0.56403577
test_03436,0.99705350
test_03437,0.00300961
test_03438,0.01128253
test_03439,0.99999893
test_03440,0.06253348
test_03441,0.82733595
test_03442,0.93074268
test_03443,0.93904495
test_03444,0.08898119
test_03445,0.04254483
test_03446,0.99602282
test_03447,0.97595406
test_03448,0.35942337
test_03449,0.99984789
test_03450,0.01957856
test_03451,0.75514489
test_03452,0.00000031
test_03453,0.00077718
test_03454,0.02693607
test_03455,0.00000006
test_03456,0.01145234
test_03457,0.43415368
test_03458,0.99394661
test_03459,0.00027290
test_03460,0.50242126
test_03461,0.57046568
test_03462,0.99999988
test_03463,0.00037816
test_03464,0.00571460
test_03465,0.30068126
test_03466,0.57393092
test_03467,0.99037737
test_03468,0.00001896
test_03469,0.42747012
test_03470,0.04617015
test_03471,0.71510279
test_03472,0.99872547
test_03473,0.99284500
test_03474,0.99639386
test_03475,0.06208469
test_03476,0.13430698
test_03477,0.00895355
test_03478,0.46488622
test_03479,0.00015076
test_03480,1.00000000
test_03481,0.89213568
test_03482,0.99981672
test_03483,0.98989457
test_03484,0.27468166
test_03485,0.76018089
test_03486,0.99929988
test_03487,0.99990106
test_03488,0.80092478
test_03489,0.08541339
test_03490,0.99899250
test_03491,0.96671987
test_03492,0.99542022
test_03493,0.99944025
test_03494,0.00835904
test_03495,0.00026536
test_03496,0.01189750
test_03497,0.66479075
test_03498,0.99998999
test_03499,1.00000000
test_03500,0.92429554
test_03501,0.16679461
test_03502,0.03073966
test_03503,0.01058869
test_03504,0.02095052
test_03505,0.00005406
test_03506,0.92108870
test_03507,0.11079757
test_03508,0.05858889
test_03509,0.28501961
test_03510,0.70272702
test_03511,0.00016600
test_03512,0.64635164
test_03513,0.07603430
test_03514,0.99989319
test_03515,0.96940649
test_03516,0.12883204
test_03517,0.98413569
test_03518,0.18056849
test_03519,0.65343630
test_03520,0.91077286
test_03521,0.98590761
test_03522,0.98402381
test_03523,0.99999952
test_03524,0.02120337
test_03525,0.93161583
test_03526,0.99999988
test_03527,0.44086289
test_03528,0.99198663
test_03529,0.00000007
test_03530,0.00010722
test_03531,0.00000653
test_03532,0.99973017
test_03533,0.00514839
test_03534,0.99310064
test_03535,0.00082297
test_03536,1.00000000
test_03537,0.03740520
test_03538,0.40181604
test_03539,0.43246862
test_03540,0.98210460
test_03541,0.06196118
test_03542,0.34517270
test_03543,0.97198629
test_03544,0.02534765
test_03545,0.00490297
test_03546,0.38550249
test_03547,1.00000000
test_03548,0.99987793
test_03549,0.01171000
test_03550,0.85739160
test_03551,0.99999988
test_03552,0.94079310
test_03553,0.91765106
test_03554,0.99885905
test_03555,0.00114080
test_03556,0.11622387
test_03557,0.97574776
test_03558,0.90053117
test_03559,0.00000674
test_03560,0.99907076
test_03561,0.99999225
test_03562,0.99284631
test_03563,0.77046138
test_03564,0.99910587
test_03565,0.99731296
test_03566,0.04225818
test_03567,0.72955519
test_03568,0.00462183
test_03569,0.34341860
test_03570,0.98017061
test_03571,0.00000436
test_03572,0.99989820
test_03573,0.83595377
test_03574,0.98726708
test_03575,0.99959058
test_03576,0.99989116
test_03577,0.18090726
test_03578,0.00000003
test_03579,0.00178200
test_03580,0.62695885
test_03581,0.00043247
test_03582,0.76632154
test_03583,0.99999940
test_03584,0.00000027
test_03585,0.90230113
test_03586,0.33027738
test_03587,0.58245945
test_03588,0.00061853
test_03589,0.29491746
test_03590,0.00005656
test_03591,0.00007644
test_03592,0.99779308
test_03593,0.99981636
test_03594,0.01148910
test_03595,0.96798617
test_03596,0.92533106
test_03597,0.89904380
test_03598,0.97485560
test_03599,0.99619341
test_03600,0.34187850
test_03601,0.99234968
test_03602,0.00000087
test_03603,0.99999952
test_03604,0.99999988
test_03605,0.00001187
test_03606,0.02239732
test_03607,0.00000000
test_03608,0.99984705
test_03609,0.00359248
test_03610,0.01984700
test_03611,0.31058919
test_03612,0.99843830
test_03613,0.81531435
test_03614,0.00000012
test_03615,0.46343598
test_03616,0.46877676
test_03617,0.00000013
test_03618,1.00000000
test_03619,0.14876203
test_03620,0.18395123
test_03621,0.00354178
test_03622,0.00007369
test_03623,0.00000286
test_03624,0.64613527
test_03625,1.00000000
test_03626,0.47650310
test_03627,0.01628065
test_03628,0.03660333
test_03629,0.70884168
test_03630,0.16734594
test_03631,0.07533308
test_03632,0.89872265
test_03633,0.22797635
test_03634,0.00016579
test_03635,0.98959714
test_03636,0.11822042
test_03637,0.14277618
test_03638,0.89680928
test_03639,0.49446535
test_03640,0.00563603
test_03641,0.99855095
test_03642,0.57869309
test_03643,0.98991042
test_03644,0.10414865
test_03645,1.00000000
test_03646,0.85048246
test_03647,0.54261684
test_03648,0.90495890
test_03649,0.99634391
test_03650,0.99836642
test_03651,0.00089786
test_03652,0.00000002
test_03653,0.61003393
test_03654,0.99678075
test_03655,0.99685955
test_03656,0.16212904
test_03657,0.54097795
test_03658,0.92986727
test_03659,0.99999964
test_03660,0.96568155
test_03661,0.03638192
test_03662,0.99897504
test_03663,0.59783632
test_03664,0.99975890
test_03665,0.98396456
test_03666,0.29523396
test_03667,0.01175071
test_03668,0.99948114
test_03669,0.99867117
test_03670,0.47144291
test_03671,0.00298063
test_03672,0.96197402
test_03673,0.93346506
test_03674,0.76642710
test_03675,0.99978036
test_03676,0.99969351
test_03677,0.99356854
test_03678,0.79571885
test_03679,0.00727424
test_03680,0.97963035
test_03681,0.89023530
test_03682,0.59083384
test_03683,0.99999988
test_03684,1.00000000
test_03685,0.99999571
test_03686,0.99565303
test_03687,0.56040388
test_03688,0.99695021
test_03689,0.03329042
test_03690,0.98422945
test_03691,0.99999988
test_03692,0.00027099
test_03693,0.84633428
test_03694,0.99987316
test_03695,0.22809133
test_03696,0.01098996
test_03697,0.42184436
test_03698,0.99470818
test_03699,0.99634176
test_03700,0.99999034
test_03701,0.17350061
test_03702,0.99996138
test_03703,0.98476011
test_03704,0.00539922
test_03705,0.00863486
test_03706,0.00000459
test_03707,0.99987674
test_03708,0.04475579
test_03709,0.99999988
test_03710,0.94875938
test_03711,0.88917947
test_03712,0.97568583
test_03713,0.00487303
test_03714,0.02901769
test_03715,0.99981421
test_03716,0.75165659
test_03717,0.00105784
test_03718,0.85720789
test_03719,0.99999762
test_03720,0.00741420
test_03721,0.00205505
test_03722,0.08613081
test_03723,0.11769459
test_03724,0.99998105
test_03725,0.00001863
test_03726,0.94019270
test_03727,0.00164458
test_03728,0.05255986
test_03729,0.17326716
test_03730,0.65458989
test_03731,0.67291105
test_03732,0.10537065
test_03733,0.99933666
test_03734,0.99936813
test_03735,0.00019269
test_03736,0.00106140
test_03737,0.99968970
test_03738,0.45971712
test_03739,0.36089036
test_03740,0.00026424
test_03741,0.12420285
test_03742,0.69197983
test_03743,0.99999464
test_03744,0.99039078
test_03745,0.84646666
test_03746,0.00093434
test_03747,0.51168144
test_03748,0.00673829
test_03749,0.70094573
test_03750,0.99994934
test_03751,0.60975200
test_03752,0.50548112
test_03753,0.96106678
test_03754,0.99991143
test_03755,0.99407756
test_03756,0.98844504
test_03757,0.04647375
test_03758,0.99887258
test_03759,0.00773342
test_03760,0.03667573
test_03761,0.63266534
test_03762,0.99575579
test_03763,0.16090830
test_03764,0.99768567
test_03765,0.24070893
test_03766,0.99995720
test_03767,0.24450119
test_03768,0.00089262
test_03769,0.54343480
test_03770,0.97897482
test_03771,0.24959159
test_03772,0.99368143
test_03773,0.35976061
test_03774,0.75293630
test_03775,0.52697909
test_03776,0.00000024
test_03777,0.00142875
test_03778,0.99972850
test_03779,0.02979388
test_03780,0.00062241
test_03781,0.28908700
test_03782,0.00015400
test_03783,0.00019570
test_03784,0.01763288
test_03785,0.99999332
test_03786,0.74160564
test_03787,0.00085105
test_03788,0.00000009
test_03789,0.41347128
test_03790,0.92899835
test_03791,0.62334496
test_03792,0.99999464
test_03793,0.00043163
test_03794,0.92654687
test_03795,0.82653540
test_03796,0.98271424
test_03797,0.00006541
test_03798,0.99994957
test_03799,0.00259432
test_03800,0.99277651
test_03801,0.00012152
test_03802,0.61027056
test_03803,0.31389323
test_03804,0.00131151
test_03805,0.95511448
test_03806,0.01698784
test_03807,0.69206339
test_03808,0.11038923
test_03809,0.62882918
test_03810,0.00000085
test_03811,0.00824888
test_03812,0.00021120
test_03813,0.99999738
test_03814,0.00000003
test_03815,0.22379082
test_03816,0.00254185
test_03817,0.89164358
test_03818,0.00205346
test_03819,0.51782769
test_03820,0.99980229
test_03821,0.99930143
test_03822,0.95365244
test_03823,0.00010037
test_03824,0.56277573
test_03825,0.48629048
test_03826,0.99999917
test_03827,0.78985399
test_03828,0.99812263
test_03829,0.21323428
test_03830,0.99504530
test_03831,0.00008252
test_03832,0.00010128
test_03833,0.39418420
test_03834,0.99989331
test_03835,0.95343834
test_03836,0.99213904
test_03837,0.00177472
test_03838,0.07032743
test_03839,0.90794677
test_03840,0.97096014
test_03841,0.99989617
test_03842,0.27775064
test_03843,0.22320373
test_03844,0.01627004
test_03845,0.88503122
test_03846,0.99910396
test_03847,0.00005529
test_03848,0.60968137
test_03849,0.98099893
test_03850,0.05855290
test_03851,0.13416404
test_03852,0.52784687
test_03853,0.99997747
test_03854,0.99882346
test_03855,0.00013274
test_03856,0.10974616
test_03857,0.01159650
test_03858,0.00001231
test_03859,0.00047104
test_03860,0.00253521
test_03861,0.03555671
test_03862,0.99324894
test_03863,0.99850935
test_03864,0.99999726
test_03865,0.58156067
test_03866,1.00000000
test_03867,0.00079426
test_03868,0.00216433
test_03869,0.99980468
test_03870,0.21383943
test_03871,0.00074973
test_03872,0.00000617
test_03873,0.36408997
test_03874,0.86296827
test_03875,0.00009638
test_03876,0.99999869
test_03877,0.21422848
test_03878,0.48769423
test_03879,0.99951077
test_03880,0.99983537
test_03881,0.00136520
test_03882,0.99999833
test_03883,0.00585930
test_03884,0.99903595
test_03885,0.94404548
test_03886,0.04180665
test_03887,0.02437110
test_03888,0.97531974
test_03889,0.00000003
test_03890,0.86040950
test_03891,0.10735889
test_03892,0.00914827
test_03893,0.00103210
test_03894,0.86484945
test_03895,0.49983996
test_03896,0.91956061
test_03897,0.99999976
test_03898,0.00332141
test_03899,0.52902853
test_03900,0.51890731
test_03901,0.00147361
test_03902,0.17074205
test_03903,0.85223848
test_03904,0.00000158
test_03905,0.99958128
test_03906,0.00070064
test_03907,0.98910999
test_03908,0.41027370
test_03909,0.89081395
test_03910,0.44554546
test_03911,0.90278804
test_03912,0.96663231
test_03913,0.00629554
test_03914,0.28317338
test_03915,0.00329860
test_03916,0.98775560
test_03917,0.99158329
test_03918,0.86542910
test_03919,0.99896121
test_03920,0.93714565
test_03921,0.13671172
test_03922,0.00000005
test_03923,0.78407544
test_03924,0.24225463
test_03925,0.00000012
test_03926,0.72480267
test_03927,0.00290172
test_03928,0.00000749
test_03929,0.97924030
test_03930,0.93063408
test_03931,0.98629934
test_03932,0.00569527
test_03933,0.00259532
test_03934,0.71326852
test_03935,0.93017042
test_03936,0.22449788
test_03937,0.05204242
test_03938,0.26163277
test_03939,0.13592406
test_03940,0.00222591
test_03941,0.05764957
test_03942,0.00054999
test_03943,0.54625988
test_03944,0.93107378
test_03945,0.99999774
test_03946,0.04978576
test_03947,0.76173770
test_03948,0.99950147
test_03949,0.95098227
test_03950,0.82701963
test_03951,0.12423860
test_03952,0.53636384
test_03953,0.98088640
test_03954,0.99876630
test_03955,0.06056637
test_03956,0.01929839
test_03957,0.87540638
test_03958,0.99999857
test_03959,0.21200086
test_03960,0.00027466
test_03961,0.99946111
test_03962,0.99998426
test_03963,0.80487007
test_03964,0.39624825
test_03965,0.00000592
test_03966,0.05848059
test_03967,0.00002296
test_03968,0.99867600
test_03969,0.87885630
test_03970,0.81337714
test_03971,0.00062221
test_03972,0.00215157
test_03973,0.99954337
test_03974,0.58162832
test_03975,0.99510419
test_03976,0.99998927
test_03977,0.99999917
test_03978,0.30308798
test_03979,0.99529785
test_03980,0.95301557
test_03981,0.99834323
test_03982,0.77040684
test_03983,0.99986339
test_03984,0.45639464
test_03985,0.66211730
test_03986,0.00001988
test_03987,0.53148764
test_03988,0.99982822
test_03989,0.35416701
test_03990,0.00016208
test_03991,0.00443732
test_03992,0.75960797
test_03993,0.05732498
test_03994,0.00753206
test_03995,0.25348833
test_03996,0.99997330
test_03997,0.99160212
test_03998,0.98612231
test_03999,0.99997211
test_04000,0.99995732
test_04001,0.43283704
test_04002,0.99869007
test_04003,0.95332175
test_04004,0.14508834
test_04005,0.03350822
test_04006,0.00029881
test_04007,0.00603075
test_04008,0.06080495
test_04009,0.00000001
test_04010,0.04737695
test_04011,0.11061692
test_04012,0.00000504
test_04013,0.57690108
test_04014,0.99303585
test_04015,0.99986732
test_04016,0.88947004
test_04017,0.31399038
test_04018,0.99975926
test_04019,0.99679381
test_04020,0.99999976
test_04021,0.02263610
test_04022,0.00002401
test_04023,0.68795198
test_04024,0.00147707
test_04025,0.02684067
test_04026,0.99998987
test_04027,0.00153656
test_04028,0.13614306
test_04029,0.93377668
test_04030,0.93740118
test_04031,0.00001712
test_04032,0.21163668
test_04033,0.99888617
test_04034,0.99999356
test_04035,0.65555096
test_04036,0.97587401
test_04037,0.99981624
test_04038,0.13218430
test_04039,0.96643686
test_04040,0.99966514
test_04041,0.94048291
test_04042,0.99996936
test_04043,0.97920817
test_04044,0.07351243
test_04045,0.00663672
test_04046,0.34922439
test_04047,0.98217678
test_04048,0.99778891
test_04049,0.99778891
test_04050,0.00479088
test_04051,0.99998128
test_04052,0.97554523
test_04053,0.56499040
test_04054,0.00002012
test_04055,0.99464417
test_04056,0.99900478
test_04057,0.99387360
test_04058,0.99845910
test_04059,0.32196838
test_04060,0.99968231
test_04061,0.58492279
test_04062,0.01129516
test_04063,0.35419217
test_04064,0.99767202
test_04065,0.85926294
test_04066,0.99999988
test_04067,0.75988424
test_04068,0.10114711
test_04069,0.00002446
test_04070,0.00931994
test_04071,0.82301593
test_04072,0.01780960
test_04073,0.00013632
test_04074,0.01287868
test_04075,0.97724229
test_04076,0.81382889
test_04077,0.75923133
test_04078,0.55157560
test_04079,0.00024642
test_04080,0.74364167
test_04081,0.99962652
test_04082,0.00000001
test_04083,0.22479650
test_04084,0.98074645
test_04085,0.00107019
test_04086,0.99404669
test_04087,0.99677724
test_04088,0.99942845
test_04089,0.00663946
test_04090,0.99718505
test_04091,0.99210733
test_04092,0.99997175
test_04093,0.98543537
test_04094,0.04354830
test_04095,0.42416203
test_04096,0.00053091
test_04097,0.50219935
test_04098,0.00000830
test_04099,0.99993634
test_04100,0.99994254
test_04101,0.00024367
test_04102,0.00046712
test_04103,0.00592594
test_04104,0.82663453
test_04105,0.08059092
test_04106,0.02043994
test_04107,0.19852562
test_04108,0.98822927
test_04109,0.99920326
test_04110,0.33943167
test_04111,0.99984610
test_04112,0.56906998
test_04113,0.95346737
test_04114,0.00681952
test_04115,0.34939197
test_04116,0.99743700
test_04117,0.99950683
test_04118,0.04288130
test_04119,0.00750626
test_04120,0.90710324
test_04121,0.06156631
test_04122,0.03587067
test_04123,0.99918133
test_04124,0.35780883
test_04125,0.00012571
test_04126,0.00067703
test_04127,0.00004819
test_04128,0.84287620
test_04129,0.99935216
test_04130,0.00285976
test_04131,0.00001243
test_04132,0.12586118
test_04133,0.00000091
test_04134,0.99974591
test_04135,0.99999392
test_04136,0.36599714
test_04137,0.62693471
test_04138,0.40291718
test_04139,0.11322053
test_04140,0.99014002
test_04141,0.57614970
test_04142,0.65920007
test_04143,0.58006245
test_04144,0.84443432
test_04145,0.96798038
test_04146,0.10748696
test_04147,0.00255075
test_04148,0.98667592
test_04149,0.99998212
test_04150,0.00100597
test_04151,0.95352417
test_04152,0.90066934
test_04153,0.34958574
test_04154,0.04048630
test_04155,0.02480976
test_04156,0.94518578
test_04157,0.99984109
test_04158,0.99842620
test_04159,0.45480627
test_04160,0.02439078
test_04161,0.00103166
test_04162,0.97665864
test_04163,0.91134727
test_04164,0.77312338
test_04165,0.96661144
test_04166,0.00394761
test_04167,0.29345596
test_04168,0.00001162
test_04169,0.99961758
test_04170,0.98617780
test_04171,0.99515426
test_04172,0.03193374
test_04173,0.98804921
test_04174,0.00106956
test_04175,0.98987073
test_04176,0.47238171
test_04177,0.00547786
test_04178,0.79901886
test_04179,0.02709616
test_04180,0.00014935
test_04181,0.96178114
test_04182,0.99998367
test_04183,0.04989387
test_04184,0.91568416
test_04185,0.99044168
test_04186,0.85895944
test_04187,0.84921080
test_04188,0.09478251
test_04189,0.00116607
test_04190,0.99915314
test_04191,0.88615477
test_04192,0.00310942
test_04193,0.00613011
test_04194,0.04405931
test_04195,0.00173025
test_04196,0.96756381
test_04197,0.07687876
test_04198,0.99766517
test_04199,0.17107442
test_04200,0.00082319
test_04201,0.63238770
test_04202,0.71214187
test_04203,0.81883633
test_04204,0.97521871
test_04205,0.00171317
test_04206,0.00000026
test_04207,0.99637210
test_04208,0.00110165
test_04209,0.61611122
test_04210,0.16663921
test_04211,0.70368952
test_04212,0.37793687
test_04213,0.00173118
test_04214,0.99975854
test_04215,0.01184752
test_04216,0.88025874
test_04217,1.00000000
test_04218,0.12287168
test_04219,0.80704814
test_04220,0.00000000
test_04221,0.63693070
test_04222,0.90832859
test_04223,0.99973255
test_04224,1.00000000
test_04225,0.43702549
test_04226,0.99963272
test_04227,0.99303448
test_04228,0.99997866
test_04229,0.39333022
test_04230,0.00808899
test_04231,0.22429632
test_04232,0.99847525
test_04233,0.99999583
test_04234,0.99999952
test_04235,0.99999511
test_04236,0.00000078
test_04237,0.75646472
test_04238,0.00011086
test_04239,0.65165561
test_04240,0.95830947
test_04241,0.99961817
test_04242,0.80114621
test_04243,0.83900326
test_04244,0.96170032
test_04245,0.85574943
test_04246,0.99998522
test_04247,0.79368496
test_04248,0.85821402
test_04249,0.99997902
test_04250,0.57356560
test_04251,0.99980992
test_04252,0.00849954
test_04253,0.00678199
test_04254,0.20595534
test_04255,0.99407530
test_04256,0.99999487
test_04257,0.00982037
test_04258,0.07013281
test_04259,0.99364340
test_04260,0.99989700
test_04261,0.66793907
test_04262,0.43774495
test_04263,0.95944458
test_04264,0.99764013
test_04265,0.99999952
test_04266,0.27632791
test_04267,0.22362991
test_04268,0.99174798
test_04269,0.98897445
test_04270,0.10825170
test_04271,0.09916059
test_04272,0.08863200
test_04273,0.18769056
test_04274,0.34291720
test_04275,0.04203831
test_04276,0.99997246
test_04277,0.00017937
test_04278,0.77395493
test_04279,0.00568874
test_04280,0.00275787
test_04281,0.99964774
test_04282,0.57639247
test_04283,0.00021450
test_04284,0.00107730
test_04285,0.94917130
test_04286,0.00001229
test_04287,0.99969947
test_04288,0.01979928
test_04289,0.99989927
test_04290,0.30991495
test_04291,0.00002794
test_04292,0.81756294
test_04293,0.99135381
test_04294,0.27223748
test_04295,0.00356467
test_04296,0.42158896
test_04297,0.99615908
test_04298,0.95077562
test_04299,0.00031765
test_04300,0.72805578
test_04301,0.98210549
test_04302,0.13520268
test_04303,0.99854290
test_04304,0.99449807
test_04305,0.79890412
test_04306,0.00003887
test_04307,0.89295030
test_04308,0.00949767
test_04309,0.94575673
test_04310,1.00000000
test_04311,0.99991488
test_04312,0.78974199
test_04313,0.00030477
test_04314,0.90994549
test_04315,0.99999917
test_04316,0.70865345
test_04317,0.07400863
test_04318,0.63661981
test_04319,0.00000001
test_04320,0.00641102
test_04321,0.97160619
test_04322,0.50831807
test_04323,0.43633381
test_04324,0.98173058
test_04325,0.99954236
test_04326,0.93017858
test_04327,0.23205756
test_04328,0.00000315
test_04329,0.99991059
test_04330,0.99845660
test_04331,0.92500889
test_04332,0.03669159
test_04333,0.00548582
test_04334,0.99624687
test_04335,0.02923860
test_04336,0.01402140
test_04337,0.76100624
test_04338,0.99336690
test_04339,0.93777674
test_04340,0.06904607
test_04341,0.96552479
test_04342,0.00054831
test_04343,0.90986860
test_04344,0.35172093
test_04345,0.97650188
test_04346,0.00003716
test_04347,0.15381084
test_04348,0.98917234
test_04349,0.99890208
test_04350,0.96693081
test_04351,0.00755514
test_04352,0.01547203
test_04353,0.97507817
test_04354,0.09540258
test_04355,0.99900514
test_04356,0.51632637
test_04357,0.31044570
test_04358,0.00000016
test_04359,0.10158236
test_04360,0.77651834
test_04361,0.28982806
test_04362,0.04690712
test_04363,0.99885702
test_04364,0.97723526
test_04365,0.06932574
test_04366,0.00014341
test_04367,0.08665018
test_04368,0.00352098
test_04369,0.13158041
test_04370,0.09099764
test_04371,0.99450004
test_04372,0.68713498
test_04373,0.46723169
test_04374,0.25657257
test_04375,1.00000000
test_04376,0.51641065
test_04377,0.03793436
test_04378,0.99960166
test_04379,0.00371111
test_04380,0.46830636
test_04381,0.99630296
test_04382,0.00048604
test_04383,0.88217080
test_04384,0.99929154
test_04385,0.28048167
test_04386,0.01020018
test_04387,0.00087428
test_04388,0.07362060
test_04389,0.03185811
test_04390,0.93745112
test_04391,0.69461286
test_04392,0.87034041
test_04393,0.99998641
test_04394,1.00000000
test_04395,0.00239028
test_04396,0.00911251
test_04397,0.97088945
test_04398,0.00002475
test_04399,0.00962185
test_04400,0.91071868
test_04401,0.52479601
test_04402,0.99979681
test_04403,0.73297685
test_04404,0.53890711
test_04405,0.99716347
test_04406,0.99943084
test_04407,0.00000030
test_04408,0.93152905
test_04409,0.99977320
test_04410,0.99999321
test_04411,0.99946612
test_04412,0.67511851
test_04413,1.00000000
test_04414,1.00000000
test_04415,0.00017776
test_04416,0.32113013
test_04417,0.87979907
test_04418,0.03497885
test_04419,0.26099679
test_04420,0.09540720
test_04421,0.17112470
test_04422,0.08858148
test_04423,0.77713728
test_04424,0.11225018
test_04425,0.99953437
test_04426,0.19555928
test_04427,0.99585968
test_04428,0.00721058
test_04429,0.99998593
test_04430,0.77891922
test_04431,0.99281752
test_04432,0.01169674
test_04433,0.00073906
test_04434,1.00000000
test_04435,0.03678733
test_04436,0.05397085
test_04437,0.99649674
test_04438,0.98103720
test_04439,0.00073854
test_04440,0.99999321
test_04441,0.99889523
test_04442,0.99175769
test_04443,0.00000124
test_04444,0.52228945
test_04445,0.99993598
test_04446,0.30273333
test_04447,0.99996245
test_04448,0.00002668
test_04449,0.39942420
test_04450,0.38652200
test_04451,0.00010746
test_04452,0.00133709
test_04453,0.99914432
test_04454,0.00115601
test_04455,0.64883918
test_04456,0.73429441
test_04457,0.49576208
test_04458,0.56381190
test_04459,0.00112684
test_04460,0.00025565
test_04461,0.99282879
test_04462,0.22295812
test_04463,0.97091526
test_04464,0.99998748
test_04465,0.47477150
test_04466,0.00018890
test_04467,0.99999452
test_04468,0.00067053
test_04469,0.14521915
test_04470,0.55264533
test_04471,0.02654676
test_04472,0.99834847
test_04473,0.00002801
test_04474,0.94701856
test_04475,0.01987876
test_04476,0.00000001
test_04477,0.50869375
test_04478,0.90543634
test_04479,0.82656026
test_04480,0.66599864
test_04481,0.99885166
test_04482,0.00017825
test_04483,0.99507397
test_04484,0.92496014
test_04485,0.96419442
test_04486,0.99351043
test_04487,0.00000306
test_04488,0.99591750
test_04489,0.00274177
test_04490,0.94710183
test_04491,0.44036067
test_04492,0.00125161
test_04493,0.03588679
test_04494,0.00369109
test_04495,0.68371576
test_04496,0.00000001
test_04497,0.00481215
test_04498,0.06416585
test_04499,0.02396435
test_04500,0.99989486
test_04501,0.00390985
test_04502,0.84679097
test_04503,0.00127151
test_04504,0.02200065
test_04505,0.00984720
test_04506,0.99843484
test_04507,0.00086118
test_04508,0.00001646
test_04509,0.00006712
test_04510,0.00001311
test_04511,0.01167261
test_04512,0.99995697
test_04513,0.02012912
test_04514,0.99960345
test_04515,0.00370564
test_04516,0.77375269
test_04517,0.97124815
test_04518,0.08107195
test_04519,0.88842881
test_04520,0.06169194
test_04521,0.99727017
test_04522,0.99998033
test_04523,0.01802050
test_04524,0.99044281
test_04525,0.00003814
test_04526,0.99990654
test_04527,0.44097021
test_04528,0.95306146
test_04529,0.09626818
test_04530,0.01031991
test_04531,0.22006659
test_04532,0.98267877
test_04533,0.00002848
test_04534,0.19609576
test_04535,0.93777257
test_04536,0.00648965
test_04537,0.00589267
test_04538,0.70310897
test_04539,0.73488861
test_04540,0.12087645
test_04541,0.81217915
test_04542,0.85706252
test_04543,0.00000001
test_04544,0.09656435
test_04545,0.72388941
test_04546,0.98208100
test_04547,0.99864513
test_04548,0.99997234
test_04549,0.39110067
test_04550,0.92634010
test_04551,0.99938643
test_04552,0.68445522
test_04553,0.00229592
test_04554,0.11349273
test_04555,0.31518921
test_04556,0.11888955
test_04557,0.00461747
test_04558,0.00238865
test_04559,0.00094193
test_04560,0.01223662
test_04561,0.00004887
test_04562,0.16832070
test_04563,0.99997175
test_04564,0.00122107
test_04565,0.35115698
test_04566,0.00086536
test_04567,0.55545247
test_04568,0.19773810
test_04569,0.99780041
test_04570,0.00047562
test_04571,0.00156805
test_04572,0.99986780
test_04573,0.99223173
test_04574,0.64064753
test_04575,0.80961657
test_04576,0.25983271
test_04577,0.71428543
test_04578,0.94443482
test_04579,0.03311066
test_04580,0.00187687
test_04581,0.09043731
test_04582,0.16974391
test_04583,0.91363341
test_04584,0.98177755
test_04585,0.90224439
test_04586,0.38341016
test_04587,0.99731368
test_04588,0.69899303
test_04589,0.98089856
test_04590,0.99999964
test_04591,0.99730575
test_04592,0.00477382
test_04593,0.72390962
test_04594,0.00846948
test_04595,0.89332020
test_04596,0.00199761
test_04597,0.16168529
test_04598,0.00284255
test_04599,0.12393234
test_04600,0.27383092
test_04601,0.16057333
test_04602,0.38952026
test_04603,0.99884522
test_04604,0.00738369
test_04605,0.95280093
test_04606,0.98426867
test_04607,0.33520961
test_04608,0.37414500
test_04609,0.99668413
test_04610,0.00004500
test_04611,0.99859124
test_04612,0.95923358
test_04613,0.99881434
test_04614,1.00000000
test_04615,0.93160361
test_04616,0.98426199
test_04617,0.00598493
test_04618,0.99980336
test_04619,0.02444194
test_04620,0.00418663
test_04621,0.99594134
test_04622,0.90817928
test_04623,0.89822280
test_04624,0.10538112
test_04625,0.45539492
test_04626,0.00085225
test_04627,0.00464768
test_04628,0.71906990
test_04629,0.95724154
test_04630,0.99999130
test_04631,0.99999809
test_04632,0.00003691
test_04633,0.00887774
test_04634,0.98763263
test_04635,0.99966133
test_04636,0.97274888
test_04637,0.78655034
test_04638,0.10226062
test_04639,0.99987328
test_04640,0.99998271
test_04641,0.99999738
test_04642,0.04862403
test_04643,0.93376368
test_04644,0.47886425
test_04645,0.99995208
test_04646,0.93739980
test_04647,0.93134481
test_04648,0.43795031
test_04649,0.99933857
test_04650,0.06406740
test_04651,0.99953175
test_04652,0.00000044
test_04653,0.88475114
test_04654,0.00157182
test_04655,0.94274902
test_04656,0.00000676
test_04657,0.99958378
test_04658,0.90380049
test_04659,0.99356645
test_04660,0.99857366
test_04661,0.01892403
test_04662,0.00975924
test_04663,0.07458735
test_04664,0.00014154
test_04665,0.99999762
test_04666,0.00000451
test_04667,0.99999869
test_04668,0.00020182
test_04669,0.91724968
test_04670,0.95019507
test_04671,0.44255668
test_04672,0.00603541
test_04673,0.14614721
test_04674,0.20240620
test_04675,0.00000335
test_04676,0.08451024
test_04677,0.99559987
test_04678,0.92954558
test_04679,0.00663807
test_04680,0.49206454
test_04681,0.99995947
test_04682,0.00220144
test_04683,0.00024444
test_04684,0.08751547
test_04685,0.97594655
test_04686,0.78896022
test_04687,0.99528259
test_04688,0.44806668
test_04689,0.81511694
test_04690,0.99616420
test_04691,0.01399092
test_04692,0.00000902
test_04693,0.99991000
test_04694,0.01333945
test_04695,0.05743428
test_04696,0.99966359
test_04697,0.00055297
test_04698,0.02566362
test_04699,0.04306149
test_04700,0.99996924
test_04701,0.17034090
test_04702,0.10185519
test_04703,0.99241394
test_04704,0.00869829
test_04705,0.03203076
test_04706,0.00018461
test_04707,0.32610294
test_04708,0.00087749
test_04709,0.49182928
test_04710,0.93563908
test_04711,0.94277823
test_04712,0.99999976
test_04713,0.79468322
test_04714,0.05593341
test_04715,0.99794978
test_04716,0.00000454
test_04717,0.61320859
test_04718,0.02323744
test_04719,0.00163175
test_04720,0.98898077
test_04721,0.99999833
test_04722,0.99175018
test_04723,0.68605226
test_04724,0.76025432
test_04725,0.97304779
test_04726,0.05393025
test_04727,0.99959117
test_04728,0.96607155
test_04729,0.13450456
test_04730,0.00068600
test_04731,0.65125418
test_04732,0.94051665
test_04733,0.82269961
test_04734,0.99999011
test_04735,0.99998224
test_04736,0.00866363
test_04737,0.66220897
test_04738,0.00475927
test_04739,0.00020421
test_04740,0.67138577
test_04741,0.64347035
test_04742,0.99946398
test_04743,0.79323900
test_04744,0.01788672
test_04745,0.98576480
test_04746,0.00184637
test_04747,0.04200240
test_04748,0.87824672
test_04749,0.27265781
test_04750,0.69643557
test_04751,0.99177462
test_04752,0.00418153
test_04753,0.99896812
test_04754,0.62752312
test_04755,0.55718333
test_04756,0.00000371
test_04757,0.00186257
test_04758,0.00000329
test_04759,0.99992859
test_04760,0.99999523
test_04761,0.84320700
test_04762,0.00381246
test_04763,0.11891700
test_04764,0.99993348
test_04765,0.99906105
test_04766,0.65679759
test_04767,0.99999547
test_04768,0.00516557
test_04769,0.99628520
test_04770,0.99996197
test_04771,0.81795740
test_04772,0.97350538
test_04773,1.00000000
test_04774,0.00090475
test_04775,0.78628379
test_04776,0.84562290
test_04777,0.00123912
test_04778,0.99910116
test_04779,0.19669648
test_04780,0.96520364
test_04781,0.07991513
test_04782,0.10416638
test_04783,0.99321896
test_04784,0.00000906
test_04785,0.99884522
test_04786,0.00054894
test_04787,0.99317145
test_04788,0.15170090
test_04789,0.00000223
test_04790,0.99141544
test_04791,0.00001104
test_04792,0.98566079
test_04793,0.99996650
test_04794,0.43124837
test_04795,0.00025878
test_04796,0.13027933
test_04797,0.99998212
test_04798,0.99656373
test_04799,0.06294253
test_04800,1.00000000
test_04801,0.62781292
test_04802,0.12284536
test_04803,0.99999821
test_04804,0.84649843
test_04805,0.00142820
test_04806,0.01317773
test_04807,0.26661485
test_04808,0.96275657
test_04809,0.99998951
test_04810,0.95504975
test_04811,0.00000062
test_04812,0.99162489
test_04813,0.99905401
test_04814,0.10891446
test_04815,0.99493623
test_04816,0.58632171
test_04817,0.00002754
test_04818,0.05042398
test_04819,0.35084173
test_04820,0.03917334
test_04821,0.99985027
test_04822,0.99562484
test_04823,0.99999976
test_04824,0.00146788
test_04825,0.45726228
test_04826,0.55817896
test_04827,0.00000120
test_04828,0.88733447
test_04829,1.00000000
test_04830,0.00968834
test_04831,0.76989245
test_04832,0.99879706
test_04833,0.60273725
test_04834,0.00001575
test_04835,0.99725479
test_04836,0.00960771
test_04837,0.79593509
test_04838,0.02540288
test_04839,0.07274290
test_04840,0.00227180
test_04841,0.29034996
test_04842,0.65208668
test_04843,0.27306312
test_04844,0.00049791
test_04845,0.99994934
test_04846,0.02442652
test_04847,0.43059206
test_04848,0.87831688
test_04849,0.86049354
test_04850,0.98875797
test_04851,0.99826139
test_04852,0.99999666
test_04853,0.12278065
test_04854,0.01574405
test_04855,0.93279731
test_04856,0.94241136
test_04857,0.30157575
test_04858,0.30690852
test_04859,0.87177956
test_04860,0.42246655
test_04861,0.99875963
test_04862,0.01134280
test_04863,0.47691518
test_04864,0.37151298
test_04865,0.01986425
test_04866,0.01250502
test_04867,0.00000169
test_04868,0.00006752
test_04869,0.84066486
test_04870,0.99972004
test_04871,0.99650323
test_04872,0.70568925
test_04873,0.97036642
test_04874,0.00025237
test_04875,0.75894332
test_04876,0.16574392
test_04877,0.75923926
test_04878,0.04626751
test_04879,0.66686726
test_04880,0.00003484
test_04881,0.00004178
test_04882,0.84340990
test_04883,0.99825150
test_04884,0.20154005
test_04885,0.01288453
test_04886,0.99963617
test_04887,0.06913815
test_04888,0.09583654
test_04889,0.97178650
test_04890,0.00130626
test_04891,0.90902519
test_04892,0.00069447
test_04893,0.54582071
test_04894,0.49882090
test_04895,0.00000001
test_04896,0.00000113
test_04897,0.04052006
test_04898,0.16915476
test_04899,0.02708452
test_04900,0.99932814
test_04901,0.89257282
test_04902,0.00002956
test_04903,0.99994135
test_04904,0.98183721
test_04905,0.08881760
test_04906,0.99777561
test_04907,0.22201428
test_04908,0.16673455
test_04909,0.98019952
test_04910,0.99963069
test_04911,0.99288827
test_04912,0.98534250
test_04913,0.99894196
test_04914,0.00006655
test_04915,0.69866425
test_04916,0.89877862
test_04917,0.99504650
test_04918,0.99841785
test_04919,0.49481076
test_04920,0.73578626
test_04921,0.96918720
test_04922,0.00000205
test_04923,0.24830504
test_04924,0.00870947
test_04925,0.99815995
test_04926,1.00000000
test_04927,0.00208200
test_04928,0.00124096
test_04929,0.99942267
test_04930,0.01565980
test_04931,0.98819089
test_04932,0.99185854
test_04933,0.99888664
test_04934,0.76621246
test_04935,0.00000000
test_04936,0.99995601
test_04937,0.00000607
test_04938,0.00243663
test_04939,0.46985757
test_04940,0.66685671
test_04941,0.88473296
test_04942,0.00139030
test_04943,0.99775034
test_04944,0.99902511
test_04945,0.05761422
test_04946,0.00023899
test_04947,0.99695063
test_04948,0.99991810
test_04949,0.99998283
test_04950,0.23652068
test_04951,0.57187414
test_04952,0.99751532
test_04953,0.00327130
test_04954,0.99252898
test_04955,0.99999976
test_04956,0.99301344
test_04957,0.79521525
test_04958,0.00498921
test_04959,0.00428719
test_04960,0.99645692
test_04961,0.14275846
test_04962,0.99612445
test_04963,0.00091348
test_04964,0.59823656
test_04965,0.99923134
test_04966,0.99999642
test_04967,0.67367738
test_04968,0.08759962
test_04969,0.45807862
test_04970,0.99990356
test_04971,0.99910319
test_04972,0.00029402
test_04973,0.44392079
test_04974,0.04915791
test_04975,0.03862077
test_04976,0.00517168
test_04977,0.00012568
test_04978,0.14430565
test_04979,0.70008910
test_04980,0.91230023
test_04981,0.99968386
test_04982,0.99925095
test_04983,0.45971426
test_04984,0.96189749
test_04985,0.95189977
test_04986,0.05152155
test_04987,0.99108338
test_04988,0.02405761
test_04989,0.00030551
test_04990,0.99998963
test_04991,0.20031510
test_04992,0.91255796
test_04993,0.99999440
test_04994,0.31875601
test_04995,0.99395496
test_04996,0.66123974
test_04997,0.00224354
test_04998,0.00358910
test_04999,0.01347371
test_05000,0.99993587
test_05001,0.71500617
test_05002,0.29236129
test_05003,0.99452943
test_05004,0.87734032
test_05005,0.99018466
test_05006,0.00000285
test_05007,0.52426946
test_05008,0.57303566
test_05009,0.55139327
test_05010,0.00285805
test_05011,0.46499348
test_05012,0.84373355
test_05013,0.97879547
test_05014,0.99999809
test_05015,0.99171996
test_05016,0.01312747
test_05017,0.99696261
test_05018,0.85680223
test_05019,0.91886067
test_05020,0.92519081
test_05021,0.83788794
test_05022,0.99992609
test_05023,0.36294597
test_05024,0.99123198
test_05025,0.00515061
test_05026,0.02146826
test_05027,0.29673788
test_05028,0.99999714
test_05029,0.99995434
test_05030,0.99777800
test_05031,0.04908974
test_05032,0.99986553
test_05033,0.99937004
test_05034,0.14471738
test_05035,0.03742454
test_05036,0.26693711
test_05037,0.99969971
test_05038,0.01109693
test_05039,0.99772185
test_05040,0.33034739
test_05041,0.96583331
test_05042,0.99996591
test_05043,0.98934162
test_05044,0.96063226
test_05045,0.96254539
test_05046,0.00001333
test_05047,0.99999893
test_05048,0.12235618
test_05049,0.99772733
test_05050,0.65541989
test_05051,0.34220466
test_05052,0.51617467
test_05053,0.99999976
test_05054,0.00000693
test_05055,0.00107896
test_05056,0.97994244
test_05057,0.92644954
test_05058,0.99517483
test_05059,0.02378195
test_05060,0.96600324
test_05061,1.00000000
test_05062,0.07728383
test_05063,0.99999976
test_05064,0.54363668
test_05065,0.00001092
test_05066,0.01086526
test_05067,0.99983358
test_05068,0.99834883
test_05069,0.85504603
test_05070,0.24674082
test_05071,0.00020136
test_05072,0.20682372
test_05073,0.40498641
test_05074,0.01009807
test_05075,0.99325907
test_05076,0.99995077
test_05077,0.00001248
test_05078,0.98558259
test_05079,0.11732677
test_05080,1.00000000
test_05081,0.00680372
test_05082,0.57844198
test_05083,0.90584552
test_05084,0.99257690
test_05085,0.99947768
test_05086,0.66168809
test_05087,0.83498681
test_05088,0.99994254
test_05089,0.07639291
test_05090,0.94056565
test_05091,0.99998283
test_05092,0.00454633
test_05093,0.00173174
test_05094,0.95568758
test_05095,0.70332837
test_05096,0.24201873
test_05097,0.99998832
test_05098,0.00965042
test_05099,0.99999940
test_05100,0.00072157
test_05101,0.77154499
test_05102,0.00000002
test_05103,0.97462928
test_05104,0.00006958
test_05105,0.97161102
test_05106,0.96704918
test_05107,0.00017187
test_05108,0.12440265
test_05109,0.00002612
test_05110,0.98877573
test_05111,0.96923369
test_05112,0.11370182
test_05113,0.33148238
test_05114,0.00788404
test_05115,0.00184076
test_05116,0.19539696
test_05117,0.35236683
test_05118,0.00024673
test_05119,0.99748504
test_05120,0.97871608
test_05121,0.00027219
test_05122,0.21458153
test_05123,0.34483793
test_05124,0.45869875
test_05125,0.52734667
test_05126,0.88917327
test_05127,0.99979955
test_05128,0.21947862
test_05129,0.66288501
test_05130,0.00215662
test_05131,0.17977199
test_05132,0.65564257
test_05133,0.01077007
test_05134,0.37469369
test_05135,0.15599623
test_05136,0.90990865
test_05137,0.99999642
test_05138,0.44662935
test_05139,0.90699041
test_05140,0.88459301
test_05141,0.47619891
test_05142,0.92384320
test_05143,0.11806525
test_05144,0.11804362
test_05145,0.99997258
test_05146,0.99846220
test_05147,0.48092803
test_05148,0.60258538
test_05149,0.15104844
test_05150,0.00712092
test_05151,0.99986482
test_05152,0.99083531
test_05153,0.60735506
test_05154,0.54484105
test_05155,0.35684693
test_05156,0.92906380
test_05157,0.96711385
test_05158,0.68330204
test_05159,0.00015067
test_05160,0.72089016
test_05161,0.84301990
test_05162,0.05589066
test_05163,0.00105294
test_05164,0.08459277
test_05165,0.10625546
test_05166,0.99995828
test_05167,0.95019799
test_05168,0.93721902
test_05169,0.86574811
test_05170,0.00006371
test_05171,0.99959761
test_05172,0.95709115
test_05173,0.00000068
test_05174,0.81612968
test_05175,0.03468130
test_05176,0.03924847
test_05177,0.99869686
test_05178,0.98849350
test_05179,0.00004623
test_05180,0.00000806
test_05181,0.11127547
test_05182,0.11220055
test_05183,0.00006101
test_05184,0.99858713
test_05185,0.06393755
test_05186,0.96345830
test_05187,1.00000000
test_05188,0.99987292
test_05189,0.15097514
test_05190,0.98049265
test_05191,0.93595070
test_05192,0.03043280
test_05193,0.00020265
test_05194,0.58497745
test_05195,0.26362553
test_05196,0.03010668
test_05197,0.45212695
test_05198,0.90622795
test_05199,0.87957531
test_05200,0.86505681
test_05201,0.99999988
test_05202,0.67166823
test_05203,0.98311990
test_05204,0.00198617
test_05205,0.00048013
test_05206,0.66929549
test_05207,0.00018031
test_05208,0.85627729
test_05209,0.29838344
test_05210,0.96270931
test_05211,0.88081396
test_05212,1.00000000
test_05213,0.00000046
test_05214,0.10555077
test_05215,0.84945625
test_05216,0.65218663
test_05217,0.95752496
test_05218,0.99999940
test_05219,0.39929354
test_05220,0.99999952
test_05221,0.00262412
test_05222,0.23924084
test_05223,0.82547522
test_05224,0.70900798
test_05225,0.99994755
test_05226,0.00205616
test_05227,0.99774003
test_05228,0.93778515
test_05229,0.03262563
test_05230,0.12188137
test_05231,0.66134185
test_05232,0.02297530
test_05233,0.88183373
test_05234,0.25434121
test_05235,0.99990392
test_05236,0.32927960
test_05237,0.99757963
test_05238,0.00016939
test_05239,0.97697532
test_05240,0.82401007
test_05241,0.00032635
test_05242,0.66898382
test_05243,0.99970561
test_05244,0.52045888
test_05245,0.00007581
test_05246,0.23821542
test_05247,0.32534307
test_05248,0.00147118
test_05249,0.44854787
test_05250,0.89748240
test_05251,0.99634844
test_05252,0.00061989
test_05253,0.12846915
test_05254,0.98633456
test_05255,0.95089865
test_05256,0.03961446
test_05257,0.73364097
test_05258,0.06376604
test_05259,0.00009116
test_05260,0.43522865
test_05261,0.99703360
test_05262,0.79203373
test_05263,0.99999869
test_05264,0.82171416
test_05265,0.00139088
test_05266,1.00000000
test_05267,0.99897206
test_05268,0.99877638
test_05269,0.87159932
test_05270,0.45868284
test_05271,0.99828184
test_05272,0.99999821
test_05273,0.00000213
test_05274,0.00005575
test_05275,0.00257210
test_05276,0.98687822
test_05277,0.71397334
test_05278,0.99357176
test_05279,0.05871075
test_05280,0.52537429
test_05281,0.97597903
test_05282,0.92090476
test_05283,0.99940908
test_05284,0.99016422
test_05285,0.00133654
test_05286,0.99999821
test_05287,0.00000000
test_05288,0.99303919
test_05289,0.99999595
test_05290,0.67462105
test_05291,0.00000106
test_05292,0.99993455
test_05293,0.49054053
test_05294,0.85213435
test_05295,0.99999034
test_05296,0.10611654
test_05297,0.03667297
test_05298,0.77066225
test_05299,0.36686695
test_05300,0.01462619
test_05301,0.00000008
test_05302,0.00000078
test_05303,0.99935585
test_05304,0.02517279
test_05305,0.76616424
test_05306,0.64283502
test_05307,0.98615706
test_05308,1.00000000
test_05309,0.00000055
test_05310,0.00013306
test_05311,0.99999845
test_05312,0.96014363
test_05313,0.99962473
test_05314,0.81455123
test_05315,0.99987435
test_05316,0.99674147
test_05317,0.99678159
test_05318,0.06766331
test_05319,0.99620879
test_05320,0.99979168
test_05321,0.98680359
test_05322,0.44997913
test_05323,0.92430627
test_05324,1.00000000
test_05325,0.99968743
test_05326,0.95636028
test_05327,0.99583411
test_05328,0.00081629
test_05329,0.99998677
test_05330,0.00000935
test_05331,0.17612077
test_05332,0.10600587
test_05333,0.42781472
test_05334,0.10213803
test_05335,0.55172658
test_05336,0.99916971
test_05337,0.99999464
test_05338,0.99837780
test_05339,0.00739603
test_05340,0.99104601
test_05341,0.02153004
test_05342,0.00176687
test_05343,0.97243935
test_05344,0.00020819
test_05345,0.53918415
test_05346,0.98721701
test_05347,0.11794256
test_05348,0.96816927
test_05349,0.31634149
test_05350,0.03153956
test_05351,0.99996996
test_05352,0.00232105
test_05353,0.23708804
test_05354,0.00000001
test_05355,0.75007629
test_05356,0.47836757
test_05357,0.92458254
test_05358,0.00705876
test_05359,0.00000000
test_05360,0.00149759
test_05361,0.97789055
test_05362,0.96841878
test_05363,0.04153015
test_05364,0.99959069
test_05365,0.04102808
test_05366,0.71088666
test_05367,0.00000032
test_05368,0.00771249
test_05369,0.00722405
test_05370,0.99998558
test_05371,0.05585240
test_05372,0.96021044
test_05373,0.96284413
test_05374,0.14717978
test_05375,0.01254399
test_05376,0.27967474
test_05377,0.89527017
test_05378,0.99999917
test_05379,0.99272072
test_05380,0.15260951
test_05381,0.56409067
test_05382,0.77106291
test_05383,0.97514558
test_05384,0.14179249
test_05385,0.70346737
test_05386,0.06389821
test_05387,0.99999702
test_05388,0.99999166
test_05389,0.00000068
test_05390,0.99988449
test_05391,0.99434572
test_05392,0.67027903
test_05393,0.92501360
test_05394,0.98770088
test_05395,0.86358017
test_05396,0.50270218
test_05397,0.00277828
test_05398,0.99939644
test_05399,0.99609202
test_05400,0.54896301
test_05401,0.83631313
test_05402,0.99270660
test_05403,0.96628809
test_05404,0.99726665
test_05405,0.00008308
test_05406,0.99791354
test_05407,0.07815583
test_05408,0.86056203
test_05409,0.00719433
test_05410,0.99976593
test_05411,0.99932599
test_05412,0.99992728
test_05413,0.00134174
test_05414,0.00047756
test_05415,0.78598064
test_05416,0.96602362
test_05417,0.00007458
test_05418,1.00000000
test_05419,0.43978554
test_05420,0.02447019
test_05421,0.92842484
test_05422,0.25153217
test_05423,0.61802208
test_05424,0.00032979
test_05425,0.40626866
test_05426,0.00000000
test_05427,0.00001249
test_05428,0.99995697
test_05429,0.99956661
test_05430,0.99999845
test_05431,0.56709325
test_05432,0.99639589
test_05433,0.99393672
test_05434,0.99906129
test_05435,0.99090183
test_05436,0.03319827
test_05437,0.99723864
test_05438,0.53623796
test_05439,0.02342037
test_05440,0.00002875
test_05441,0.99999964
test_05442,0.99979991
test_05443,0.00277272
test_05444,0.99029911
test_05445,0.44941810
test_05446,0.02821180
test_05447,0.96934390
test_05448,0.79987758
test_05449,0.81474173
test_05450,0.98299152
test_05451,0.06558239
test_05452,0.99606699
test_05453,0.63689935
test_05454,0.00003290
test_05455,0.00002037
test_05456,0.00000931
test_05457,0.14478140
test_05458,0.09399231
test_05459,0.00157363
test_05460,0.99946445
test_05461,0.68805450
test_05462,1.00000000
test_05463,0.90339434
test_05464,0.99999988
test_05465,0.18750215
test_05466,0.74694878
test_05467,0.00005586
test_05468,0.82811052
test_05469,0.93286961
test_05470,0.00140403
test_05471,0.00274475
test_05472,0.95161176
test_05473,0.93754596
test_05474,0.02237788
test_05475,0.14995241
test_05476,0.00000101
test_05477,0.79288507
test_05478,0.32793796
test_05479,0.94417441
test_05480,0.00010975
test_05481,0.99753761
test_05482,0.23361591
test_05483,0.99972183
test_05484,0.00148714
test_05485,0.00354261
test_05486,0.43124175
test_05487,0.78259766
test_05488,0.99999821
test_05489,0.02374673
test_05490,0.00122389
test_05491,0.81624335
test_05492,0.01530955
test_05493,0.00000054
test_05494,0.99520653
test_05495,0.99930215
test_05496,0.93833983
test_05497,0.00003735
test_05498,0.03680259
test_05499,0.01574495
test_05500,0.99455452
test_05501,0.93886745
test_05502,0.00000006
test_05503,0.00083651
test_05504,0.99996173
test_05505,0.97545093
test_05506,0.02185331
test_05507,0.00150988
test_05508,0.99998713
test_05509,0.00315636
test_05510,0.99974293
test_05511,0.99992728
test_05512,0.05415028
test_05513,0.00000818
test_05514,0.00001328
test_05515,0.00037868
test_05516,0.95814419
test_05517,0.00030303
test_05518,0.44574946
test_05519,0.56829631
test_05520,0.62394387
test_05521,0.77964026
test_05522,0.11932142
test_05523,0.99692649
test_05524,0.99850059
test_05525,0.04368272
test_05526,0.16044790
test_05527,0.32514289
test_05528,0.00000868
test_05529,0.99987245
test_05530,0.04853935
test_05531,0.00008596
test_05532,0.99960059
test_05533,0.97137409
test_05534,0.99911672
test_05535,0.99993944
test_05536,0.77390248
test_05537,0.99858367
test_05538,0.80586523
test_05539,0.96759307
test_05540,0.51313221
test_05541,0.92374820
test_05542,0.04340510
test_05543,0.00003776
test_05544,0.99993980
test_05545,0.01072319
test_05546,0.00000845
test_05547,0.11231778
test_05548,0.98882759
test_05549,0.16288313
test_05550,0.05159115
test_05551,0.43809909
test_05552,0.01536025
test_05553,0.99902523
test_05554,0.99756074
test_05555,0.98430806
test_05556,0.84159929
test_05557,0.98783374
test_05558,0.27333313
test_05559,0.00000001
test_05560,0.99476838
test_05561,0.00596762
test_05562,0.95333511
test_05563,0.52646178
test_05564,0.97982568
test_05565,0.99067783
test_05566,0.00052724
test_05567,0.99992275
test_05568,0.79620981
test_05569,0.91127908
test_05570,0.00000259
test_05571,0.97791994
test_05572,0.99999964
test_05573,0.99800950
test_05574,0.88606757
test_05575,0.94300580
test_05576,0.13358106
test_05577,0.70115048
test_05578,0.97256786
test_05579,0.00362089
test_05580,0.02529225
test_05581,0.00003168
test_05582,0.99989021
test_05583,0.00000057
test_05584,0.99983752
test_05585,0.00549253
test_05586,0.78645247
test_05587,0.00001180
test_05588,0.67452651
test_05589,0.00000000
test_05590,0.97271603
test_05591,0.69956076
test_05592,0.02494211
test_05593,1.00000000
test_05594,0.77402908
test_05595,0.99948859
test_05596,0.65425158
test_05597,0.01149264
test_05598,0.68893224
test_05599,0.09191646
test_05600,0.99976784
test_05601,0.99999738
test_05602,0.28620455
test_05603,0.27077553
test_05604,0.99990523
test_05605,0.78089160
test_05606,0.00088066
test_05607,0.28371948
test_05608,0.13289271
test_05609,0.00287375
test_05610,0.99999106
test_05611,0.00061887
test_05612,0.99021697
test_05613,0.99036646
test_05614,0.33397037
test_05615,0.99945635
test_05616,0.00003186
test_05617,0.00579892
test_05618,0.00000522
test_05619,0.37849715
test_05620,0.01972839
test_05621,0.02719446
test_05622,0.99649626
test_05623,0.00116562
test_05624,0.74305737
test_05625,0.02639319
test_05626,0.99627399
test_05627,0.00116265
test_05628,0.55786180
test_05629,0.08358911
test_05630,0.00007411
test_05631,0.00091987
test_05632,0.99789715
test_05633,0.99997997
test_05634,0.89294094
test_05635,0.45734897
test_05636,0.73927349
test_05637,0.92598510
test_05638,0.58533508
test_05639,0.89936572
test_05640,0.99999404
test_05641,0.24904728
test_05642,0.99792922
test_05643,0.40591753
test_05644,0.67945874
test_05645,0.84782434
test_05646,0.09439322
test_05647,0.08691392
test_05648,0.00039856
test_05649,0.00399343
test_05650,0.99786395
test_05651,0.03977080
test_05652,0.81385642
test_05653,0.02460860
test_05654,0.96907997
test_05655,0.99991930
test_05656,0.93602937
test_05657,0.37679547
test_05658,0.00103394
test_05659,0.99918324
test_05660,0.99868852
test_05661,0.00195535
test_05662,0.99933869
test_05663,0.97402507
test_05664,0.99680591
test_05665,0.75225288
test_05666,0.09102517
test_05667,0.14750887
test_05668,0.20623215
test_05669,0.99962115
test_05670,0.91190565
test_05671,0.04011519
test_05672,0.99521482
test_05673,0.82050586
test_05674,0.01384576
test_05675,0.57897174
test_05676,0.00000010
test_05677,0.00017890
test_05678,0.00017772
test_05679,0.99976999
test_05680,0.00000000
test_05681,0.00000062
test_05682,0.96431345
test_05683,0.02463674
test_05684,0.00038366
test_05685,0.98684818
test_05686,0.93311411
test_05687,0.00007139
test_05688,0.03498731
test_05689,0.99944419
test_05690,0.00005602
test_05691,0.97664922
test_05692,0.61408848
test_05693,0.99725717
test_05694,0.17484559
test_05695,0.16203728
test_05696,0.99999678
test_05697,0.53218752
test_05698,0.00000775
test_05699,0.81829578
test_05700,0.99997973
test_05701,0.99721551
test_05702,0.81359595
test_05703,0.99999774
test_05704,0.99996793
test_05705,0.04074651
test_05706,0.00793585
test_05707,0.04157216
test_05708,0.00004012
test_05709,0.74596548
test_05710,0.95056546
test_05711,0.00308064
test_05712,0.99861443
test_05713,0.35015711
test_05714,0.99960428
test_05715,0.16977778
test_05716,0.99755126
test_05717,0.79179329
test_05718,0.99986553
test_05719,0.00268119
test_05720,0.04960932
test_05721,0.99734014
test_05722,0.98646390
test_05723,0.00206576
test_05724,0.99992466
test_05725,0.00157171
test_05726,0.41167727
test_05727,0.76558220
test_05728,0.95921385
test_05729,0.00247717
test_05730,0.99928564
test_05731,0.99999928
test_05732,0.00000007
test_05733,0.80783743
test_05734,0.63943803
test_05735,0.03144372
test_05736,0.39691275
test_05737,0.06204965
test_05738,0.26116839
test_05739,0.31308889
test_05740,0.77359647
test_05741,0.01340055
test_05742,0.00000151
test_05743,0.00091370
test_05744,0.17450471
test_05745,0.97507679
test_05746,0.00492744
test_05747,0.94446003
test_05748,0.02503698
test_05749,0.96652848
test_05750,0.00287725
test_05751,0.07712799
test_05752,0.97428912
test_05753,0.00000630
test_05754,0.90286332
test_05755,0.99674571
test_05756,0.38039139
test_05757,0.42254129
test_05758,0.30100694
test_05759,0.82889289
test_05760,0.99996841
test_05761,0.05078987
test_05762,0.04091574
test_05763,0.99985313
test_05764,0.98983675
test_05765,0.99992371
test_05766,0.18667190
test_05767,0.10771777
test_05768,0.17651661
test_05769,0.79234499
test_05770,0.99999702
test_05771,0.81405652
test_05772,0.25359502
test_05773,0.99691677
test_05774,0.68320864
test_05775,0.56305468
test_05776,0.01700921
test_05777,0.79354727
test_05778,0.98197514
test_05779,0.70740718
test_05780,0.50408643
test_05781,0.80827683
test_05782,0.31362629
test_05783,0.92562789
test_05784,0.97357190
test_05785,0.99994051
test_05786,0.54757917
test_05787,0.17021427
test_05788,0.96227926
test_05789,0.95894378
test_05790,0.39466572
test_05791,0.00085278
test_05792,0.84192795
test_05793,0.99999940
test_05794,0.03452589
test_05795,0.50260448
test_05796,0.89841503
test_05797,0.99776697
test_05798,0.99999666
test_05799,0.99983418
test_05800,0.86543387
test_05801,0.55374002
test_05802,0.00171683
test_05803,0.64798880
test_05804,0.99981338
test_05805,0.99874580
test_05806,0.00456025
test_05807,0.00299647
test_05808,0.57918310
test_05809,0.63001281
test_05810,0.99016029
test_05811,0.02746346
test_05812,0.98775709
test_05813,0.99996400
test_05814,0.96576005
test_05815,0.89461535
test_05816,0.16665848
test_05817,0.18765047
test_05818,0.27962309
test_05819,0.99997950
test_05820,0.00109530
test_05821,0.24982029
test_05822,0.00826044
test_05823,0.74899709
test_05824,0.02444008
test_05825,0.00404633
test_05826,0.77210790
test_05827,0.00000543
test_05828,0.00001294
test_05829,0.01006104
test_05830,0.00000258
test_05831,0.12416218
test_05832,0.63521349
test_05833,0.79977769
test_05834,0.00424679
test_05835,0.99992228
test_05836,0.42270583
test_05837,0.09006708
test_05838,0.01369050
test_05839,0.99998260
test_05840,0.99997044
test_05841,0.03695157
test_05842,0.00000158
test_05843,0.93315148
test_05844,0.00142574
test_05845,0.00000024
test_05846,0.52744013
test_05847,0.99829119
test_05848,0.31353447
test_05849,0.00167081
test_05850,0.01243546
test_05851,0.63571906
test_05852,0.99976283
test_05853,0.43122202
test_05854,0.64515185
test_05855,0.49021715
test_05856,0.99925441
test_05857,0.98700130
test_05858,0.01736786
test_05859,0.01314451
test_05860,0.00242276
test_05861,0.00017632
test_05862,0.10244630
test_05863,0.00002353
test_05864,0.03246826
test_05865,0.00592892
test_05866,0.59179252
test_05867,0.99998736
test_05868,0.90438962
test_05869,0.99921513
test_05870,0.00639843
test_05871,0.99128401
test_05872,0.99995911
test_05873,0.00032037
test_05874,0.03244947
test_05875,0.00975563
test_05876,0.43557894
test_05877,0.99970800
test_05878,0.96702486
test_05879,0.97551072
test_05880,0.97247338
test_05881,0.99999523
test_05882,0.73188537
test_05883,0.99873739
test_05884,0.95678210
test_05885,0.04063903
test_05886,0.55906826
test_05887,0.00425288
test_05888,0.00340766
test_05889,0.00067688
test_05890,0.00006405
test_05891,0.00401328
test_05892,0.99953592
test_05893,0.00000000
test_05894,0.95605016
test_05895,0.00006791
test_05896,0.98612219
test_05897,0.94069099
test_05898,0.00000114
test_05899,1.00000000
test_05900,0.99336666
test_05901,0.31083834
test_05902,0.99856949
test_05903,0.29432446
test_05904,0.02980759
test_05905,0.34803462
test_05906,0.14613062
test_05907,0.05349547
test_05908,0.00722550
test_05909,0.07386307
test_05910,0.94446319
test_05911,0.81989533
test_05912,0.00036244
test_05913,0.02431102
test_05914,0.00000016
test_05915,0.93269837
test_05916,0.00360661
test_05917,0.00012841
test_05918,0.41113862
test_05919,0.92832631
test_05920,0.43742561
test_05921,0.99999750
test_05922,0.97773629
test_05923,0.99998832
test_05924,0.83047527
test_05925,0.00300071
test_05926,0.00046626
test_05927,0.00744527
test_05928,0.99936575
test_05929,0.00018215
test_05930,0.00534171
test_05931,0.99684286
test_05932,0.00000095
test_05933,0.01743080
test_05934,0.00825603
test_05935,0.00036569
test_05936,0.51402950
test_05937,0.33087713
test_05938,0.99999964
test_05939,0.00000002
test_05940,0.33825099
test_05941,0.99999845
test_05942,0.00000000
test_05943,0.96102870
test_05944,0.99259019
test_05945,0.00946788
test_05946,0.19800945
test_05947,0.99911350
test_05948,0.99997747
test_05949,0.90401149
test_05950,0.13747537
test_05951,0.05879339
test_05952,0.00000348
test_05953,0.99986267
test_05954,0.04798230
test_05955,0.79191160
test_05956,0.59247708
test_05957,0.05960567
test_05958,0.00000000
test_05959,0.99999988
test_05960,0.00504718
test_05961,0.99964297
test_05962,0.99975401
test_05963,0.99994278
test_05964,0.97523195
test_05965,0.89552552
test_05966,0.00146122
test_05967,0.63864154
test_05968,0.99956328
test_05969,0.00038177
test_05970,0.98318547
test_05971,0.00000048
test_05972,0.74331111
test_05973,0.00000084
test_05974,0.01952709
test_05975,0.36880761
test_05976,0.70380032
test_05977,0.99999821
test_05978,0.94060534
test_05979,0.00172095
test_05980,0.00443324
test_05981,0.99563712
test_05982,0.99995029
test_05983,0.00000067
test_05984,0.22431742
test_05985,0.00721115
test_05986,0.84886724
test_05987,0.99981254
test_05988,0.82238078
test_05989,0.99453014
test_05990,0.97974074
test_05991,0.96631318
test_05992,0.83108103
test_05993,0.99998748
test_05994,0.38044214
test_05995,0.07113405
test_05996,0.55218381
test_05997,0.99404067
test_05998,0.70008940
test_05999,0.38218769
test_06000,0.99999630
test_06001,0.99901605
test_06002,0.99735677
test_06003,0.99999905
test_06004,0.00044643
test_06005,0.98853230
test_06006,0.99966824
test_06007,0.00000607
test_06008,0.41983831
test_06009,0.00075161
test_06010,0.87134129
test_06011,0.52406299
test_06012,0.85580385
test_06013,0.70208180
test_06014,0.03646624
test_06015,0.07827073
test_06016,0.08355183
test_06017,0.56895471
test_06018,0.60717171
test_06019,0.98574126
test_06020,0.15606903
test_06021,0.00006830
test_06022,0.00035090
test_06023,0.20152895
test_06024,0.93174475
test_06025,0.99743819
test_06026,0.02091257
test_06027,0.99086189
test_06028,0.00066540
test_06029,0.02159133
test_06030,0.99799651
test_06031,0.93392968
test_06032,0.00030237
test_06033,0.05127831
test_06034,0.83681029
test_06035,0.00009070
test_06036,0.62190461
test_06037,0.05333060
test_06038,0.99703312
test_06039,0.00160449
test_06040,0.31447712
test_06041,0.50155789
test_06042,0.94990939
test_06043,0.00366969
test_06044,0.99991846
test_06045,0.95374435
test_06046,0.00114715
test_06047,0.20866795
test_06048,0.83448309
test_06049,0.17253661
test_06050,0.00326406
test_06051,0.00630656
test_06052,0.99979264
test_06053,0.01407956
test_06054,0.08687433
test_06055,0.00000000
test_06056,0.99984157
test_06057,0.99943405
test_06058,0.92824209
test_06059,0.99993670
test_06060,0.99999964
test_06061,0.00000000
test_06062,0.54945409
test_06063,0.98948562
test_06064,0.99973112
test_06065,0.00165628
test_06066,0.19324023
test_06067,0.69697517
test_06068,0.99920613
test_06069,0.99839634
test_06070,0.00142953
test_06071,0.00703930
test_06072,0.99996269
test_06073,0.99320424
test_06074,0.05458188
test_06075,0.00017442
test_06076,0.99999964
test_06077,0.90379232
test_06078,0.18302827
test_06079,0.99728680
test_06080,0.99966121
test_06081,0.94098002
test_06082,0.41412738
test_06083,0.93145889
test_06084,0.00001652
test_06085,0.99999774
test_06086,0.01833074
test_06087,0.23478283
test_06088,0.04847108
test_06089,0.65269458
test_06090,0.99998105
test_06091,0.26524675
test_06092,0.00002069
test_06093,0.21697275
test_06094,0.99999285
test_06095,0.10237651
test_06096,0.99975926
test_06097,0.00000000
test_06098,0.00243498
test_06099,0.11502430
test_06100,0.27476037
test_06101,0.00000313
test_06102,0.99992192
test_06103,0.99999845
test_06104,0.99389040
test_06105,0.99999821
test_06106,0.99990439
test_06107,0.90788740
test_06108,0.57012612
test_06109,0.35325900
test_06110,0.94285327
test_06111,0.00027768
test_06112,0.97203946
test_06113,0.00160132
test_06114,0.00077536
test_06115,0.99999726
test_06116,0.77866769
test_06117,0.08304902
test_06118,0.10163172
test_06119,0.99988365
test_06120,0.85962963
test_06121,0.80487186
test_06122,0.02644409
test_06123,0.08615619
test_06124,0.44430181
test_06125,0.98088396
test_06126,0.59509903
test_06127,0.06204905
test_06128,0.94090748
test_06129,0.86238360
test_06130,0.97877264
test_06131,0.18511268
test_06132,0.99956912
test_06133,0.35016298
test_06134,0.00000367
test_06135,0.00057716
test_06136,0.84188080
test_06137,0.98240685
test_06138,0.99933165
test_06139,1.00000000
test_06140,0.68602473
test_06141,0.98769045
test_06142,0.99568033
test_06143,0.00371925
test_06144,0.99307340
test_06145,0.02347771
test_06146,0.02045168
test_06147,0.50728202
test_06148,0.00393691
test_06149,0.00412295
test_06150,0.00070523
test_06151,0.72550207
test_06152,0.00051377
test_06153,0.53326201
test_06154,0.15901513
test_06155,0.95624524
test_06156,0.00322299
test_06157,0.10732335
test_06158,0.00198825
test_06159,0.60460621
test_06160,0.98263991
test_06161,0.18116333
test_06162,0.63291353
test_06163,0.99031365
test_06164,0.85939580
test_06165,0.03806195
test_06166,0.10571565
test_06167,0.96376538
test_06168,0.52347189
test_06169,0.99218047
test_06170,0.98799801
test_06171,0.10892738
test_06172,0.99944192
test_06173,0.99512863
test_06174,0.17369772
test_06175,0.00175894
test_06176,0.93540299
test_06177,1.00000000
test_06178,0.92544383
test_06179,0.07457542
test_06180,0.99764639
test_06181,0.00002313
test_06182,0.05009066
test_06183,0.99999440
test_06184,0.78645897
test_06185,0.13755408
test_06186,0.99999988
test_06187,0.32306564
test_06188,0.96376514
test_06189,0.00000317
test_06190,0.59648848
test_06191,0.00741528
test_06192,0.04770664
test_06193,0.96625471
test_06194,0.98567200
test_06195,0.03337905
test_06196,0.00108614
test_06197,0.99995434
test_06198,0.80223536
test_06199,0.89383268
test_06200,1.00000000
test_06201,0.99995601
test_06202,0.60524583
test_06203,0.08003067
test_06204,0.06249373
test_06205,0.83319980
test_06206,0.06916139
test_06207,0.38392919
test_06208,0.48720542
test_06209,0.00601896
test_06210,0.99994409
test_06211,0.96281177
test_06212,0.94699442
test_06213,0.00155516
test_06214,0.59877980
test_06215,0.99096560
test_06216,0.99692482
test_06217,0.99999130
test_06218,0.98256171
test_06219,0.03635783
test_06220,0.00005623
test_06221,0.03780151
test_06222,0.00049272
test_06223,0.00000073
test_06224,0.97361124
test_06225,0.97633255
test_06226,0.32758787
test_06227,0.00273620
test_06228,0.99911863
test_06229,0.00003464
test_06230,0.49144661
test_06231,0.00531605
test_06232,0.01268638
test_06233,0.03037078
test_06234,0.99981052
test_06235,0.00012088
test_06236,0.00488252
test_06237,0.76821434
test_06238,0.00109570
test_06239,0.99925202
test_06240,0.99527210
test_06241,0.84232336
test_06242,0.55601913
test_06243,1.00000000
test_06244,0.02708083
test_06245,0.89291275
test_06246,0.99075222
test_06247,0.99712092
test_06248,0.99999380
test_06249,0.99957913
test_06250,0.99985909
test_06251,0.04761004
test_06252,0.97919387
test_06253,0.16524523
test_06254,0.99840987
test_06255,0.00206996
test_06256,0.26187611
test_06257,0.99994099
test_06258,0.99429840
test_06259,0.98319811
test_06260,0.99644262
test_06261,0.00102597
test_06262,0.98361373
test_06263,0.97156817
test_06264,0.57300377
test_06265,0.92609477
test_06266,0.98684585
test_06267,0.88860744
test_06268,0.99844640
test_06269,0.65976310
test_06270,0.56927389
test_06271,0.96697348
test_06272,0.99979168
test_06273,0.99698120
test_06274,0.96250200
test_06275,0.73227930
test_06276,0.51818222
test_06277,0.99888998
test_06278,0.00860427
test_06279,0.53223407
test_06280,0.66839677
test_06281,0.99445313
test_06282,0.99999845
test_06283,0.00219803
test_06284,0.10707503
test_06285,0.53249460
test_06286,0.94300038
test_06287,0.00034378
test_06288,0.99884856
test_06289,0.81025326
test_06290,0.23862535
test_06291,0.28982654
test_06292,0.00024108
test_06293,0.02203975
test_06294,0.66562933
test_06295,0.05773436
test_06296,0.13618051
test_06297,0.83965671
test_06298,0.99978393
test_06299,0.96859032
test_06300,0.78239709
test_06301,0.29231831
test_06302,0.93714291
test_06303,0.12761547
test_06304,0.99478018
test_06305,0.05018460
test_06306,0.43233946
test_06307,0.55131620
test_06308,0.06656420
test_06309,0.99994087
test_06310,0.00000001
test_06311,0.05139480
test_06312,0.38087866
test_06313,0.91431957
test_06314,0.05733572
test_06315,0.05042886
test_06316,0.52376449
test_06317,0.84732026
test_06318,1.00000000
test_06319,0.36746538
test_06320,1.00000000
test_06321,0.30946064
test_06322,0.99963200
test_06323,0.22103004
test_06324,0.00015776
test_06325,0.99974102
test_06326,0.99999535
test_06327,0.00004513
test_06328,0.99946827
test_06329,0.65657002
test_06330,0.00001178
test_06331,0.00436032
test_06332,0.00033179
test_06333,0.98263794
test_06334,0.00014768
test_06335,0.25056329
test_06336,0.10677676
test_06337,0.07148007
test_06338,0.99947327
test_06339,0.99937731
test_06340,0.99994433
test_06341,0.11237592
test_06342,0.99977225
test_06343,0.02730452
test_06344,0.05836866
test_06345,0.14538333
test_06346,0.99523181
test_06347,0.07193873
test_06348,0.99999583
test_06349,0.77197874
test_06350,0.10931879
test_06351,0.98811823
test_06352,0.91772562
test_06353,0.00993290
test_06354,0.74668318
test_06355,0.99122107
test_06356,0.99699080
test_06357,0.00844963
test_06358,0.90431368
test_06359,0.99605632
test_06360,0.99998331
test_06361,0.27262548
test_06362,0.00579017
test_06363,0.39555100
test_06364,0.95135266
test_06365,0.00029402
test_06366,0.93744099
test_06367,0.97597164
test_06368,0.96932542
test_06369,0.55256200
test_06370,0.54760295
test_06371,0.00811563
test_06372,0.99946076
test_06373,0.99907047
test_06374,0.98521256
test_06375,0.00067774
test_06376,0.01204302
test_06377,0.73921442
test_06378,0.38661733
test_06379,0.32923242
test_06380,0.00037752
test_06381,0.00010708
test_06382,0.99996233
test_06383,0.08875124
test_06384,0.89627367
test_06385,0.53823745
test_06386,0.99957603
test_06387,0.96842176
test_06388,0.95163280
test_06389,0.00046265
test_06390,0.70707041
test_06391,0.00068637
test_06392,0.16366887
test_06393,0.00054966
test_06394,0.99857616
test_06395,0.03456406
test_06396,0.24496903
test_06397,0.00002180
test_06398,0.96869767
test_06399,0.12744066
test_06400,0.00000530
test_06401,0.83510065
test_06402,0.99793613
test_06403,0.94516885
test_06404,0.42068514
test_06405,0.00019767
test_06406,0.00014997
test_06407,0.62148356
test_06408,0.00186354
test_06409,0.99996972
test_06410,0.74246949
test_06411,0.93518919
test_06412,0.00351009
test_06413,0.00009381
test_06414,0.99984539
test_06415,0.25212657
test_06416,0.98565811
test_06417,0.14504698
test_06418,0.17051828
test_06419,0.90826386
test_06420,0.00015854
test_06421,0.93647343
test_06422,0.99112660
test_06423,0.76499581
test_06424,0.90644968
test_06425,0.54046410
test_06426,0.00690447
test_06427,0.73070168
test_06428,0.79682958
test_06429,0.04403177
test_06430,0.20562221
test_06431,0.99197394
test_06432,0.00000000
test_06433,0.14410943
test_06434,0.99899119
test_06435,0.06112973
test_06436,0.07499073
test_06437,0.16401075
test_06438,0.00021101
test_06439,1.00000000
test_06440,0.00092671
test_06441,0.72510445
test_06442,0.58454120
test_06443,0.09098868
test_06444,0.00000017
test_06445,0.00686218
test_06446,0.94320726
test_06447,0.97927731
test_06448,0.99537647
test_06449,0.01224805
test_06450,0.99160904
test_06451,0.99950850
test_06452,0.99992144
test_06453,0.17986234
test_06454,0.41848320
test_06455,0.99944907
test_06456,0.00785061
test_06457,0.04398131
test_06458,0.47631255
test_06459,0.99355352
test_06460,0.18720657
test_06461,0.00000848
test_06462,0.99711990
test_06463,0.99992633
test_06464,0.00413765
test_06465,0.00522981
test_06466,0.27920929
test_06467,0.98177445
test_06468,0.00000000
test_06469,0.99997163
test_06470,0.79469198
test_06471,0.03278888
test_06472,0.00068871
test_06473,0.99999785
test_06474,0.00000070
test_06475,0.96437973
test_06476,0.00034228
test_06477,0.00047042
test_06478,0.99973935
test_06479,0.97846496
test_06480,0.99985647
test_06481,0.24090344
test_06482,0.51588273
test_06483,0.00005469
test_06484,0.00019138
test_06485,0.74689114
test_06486,0.99575543
test_06487,0.74987322
test_06488,0.99988496
test_06489,0.00002152
test_06490,1.00000000
test_06491,0.00003226
test_06492,0.98796159
test_06493,0.00034097
test_06494,0.98804420
test_06495,0.00546142
test_06496,0.98366368
test_06497,0.99016273
test_06498,0.99959940
test_06499,0.00037006
test_06500,0.25874418
test_06501,0.00069607
test_06502,0.99642533
test_06503,0.04420912
test_06504,0.00036579
test_06505,0.00692435
test_06506,0.86585337
test_06507,0.99853492
test_06508,0.98388690
test_06509,0.85426664
test_06510,0.76622146
test_06511,0.54760760
test_06512,0.43999588
test_06513,0.98937982
test_06514,0.00134477
test_06515,0.97739261
test_06516,0.99999905
test_06517,0.99880815
test_06518,0.76295269
test_06519,0.54975903
test_06520,0.00434367
test_06521,0.96666026
test_06522,0.99092662
test_06523,0.99998140
test_06524,0.00001690
test_06525,0.13030720
test_06526,0.98715162
test_06527,0.00048804
test_06528,0.98155928
test_06529,0.07698913
test_06530,0.52296090
test_06531,0.60303354
test_06532,0.64516073
test_06533,0.99697757
test_06534,0.96336979
test_06535,0.99694818
test_06536,0.10602979
test_06537,0.00430557
test_06538,0.98058617
test_06539,0.08739231
test_06540,0.00584664
test_06541,0.97914827
test_06542,0.02378419
test_06543,0.01866163
test_06544,0.99999869
test_06545,0.99997652
test_06546,0.00084663
test_06547,0.89107662
test_06548,1.00000000
test_06549,0.00735095
test_06550,0.99824035
test_06551,0.08920944
test_06552,0.94365025
test_06553,0.94267803
test_06554,0.72518373
test_06555,0.01339963
test_06556,0.99999535
test_06557,0.41686711
test_06558,0.93556124
test_06559,0.91543889
test_06560,0.69356078
test_06561,0.44248095
test_06562,0.01073809
test_06563,0.02592708
test_06564,0.98188031
test_06565,0.96021169
test_06566,0.85147083
test_06567,0.77591401
test_06568,0.07893412
test_06569,0.90074223
test_06570,0.01227554
test_06571,0.00205068
test_06572,0.00308668
test_06573,0.06691322
test_06574,0.28134146
test_06575,0.18751837
test_06576,0.99800724
test_06577,0.03787424
test_06578,0.99995673
test_06579,0.36883146
test_06580,0.60591561
test_06581,0.87525433
test_06582,0.91779792
test_06583,0.50660408
test_06584,0.06151698
test_06585,0.77042758
test_06586,0.74704468
test_06587,0.99999356
test_06588,0.00206682
test_06589,0.90958536
test_06590,0.00014491
test_06591,0.01098893
test_06592,0.98090899
test_06593,0.76476824
test_06594,0.83615392
test_06595,0.31062081
test_06596,0.04731923
test_06597,0.08972973
test_06598,0.00032263
test_06599,0.00005183
test_06600,0.02739790
test_06601,0.00000003
test_06602,0.00187031
test_06603,0.09127234
test_06604,0.17927942
test_06605,0.00020170
test_06606,0.99462199
test_06607,0.00000258
test_06608,0.99998605
test_06609,0.77759963
test_06610,0.38201100
test_06611,0.48931080
test_06612,0.00000495
test_06613,0.00013462
test_06614,0.09233778
test_06615,0.00027425
test_06616,0.85364300
test_06617,0.35828519
test_06618,0.00065135
test_06619,0.00757692
test_06620,0.18176815
test_06621,0.00000424
test_06622,0.00707343
test_06623,0.94587129
test_06624,0.99999690
test_06625,0.91024870
test_06626,0.00262565
test_06627,0.00000562
test_06628,0.81587905
test_06629,0.00305716
test_06630,0.00197772
test_06631,0.75292021
test_06632,0.05993914
test_06633,0.42564619
test_06634,0.97213036
test_06635,0.85046756
test_06636,0.01195456
test_06637,0.00021606
test_06638,0.06643895
test_06639,0.35359189
test_06640,0.99094373
test_06641,0.73523766
test_06642,0.90984827
test_06643,0.99648488
test_06644,0.99999619
test_06645,0.99967718
test_06646,0.66517442
test_06647,0.99350303
test_06648,0.00104741
test_06649,0.80820757
test_06650,0.21167386
test_06651,0.89019394
test_06652,0.00000000
test_06653,0.99996638
test_06654,0.82981819
test_06655,0.00025797
test_06656,0.99986553
test_06657,0.99959975
test_06658,0.00011124
test_06659,0.90083247
test_06660,0.25449640
test_06661,0.03143583
test_06662,0.00506823
test_06663,0.00201746
test_06664,0.00000003
test_06665,0.16192812
test_06666,0.00223614
test_06667,0.97020096
test_06668,0.54325634
test_06669,0.89376038
test_06670,0.64241004
test_06671,0.98065740
test_06672,0.49603724
test_06673,0.36497733
test_06674,0.88499254
test_06675,0.73114234
test_06676,0.94291759
test_06677,0.99999344
test_06678,0.98118871
test_06679,0.09257209
test_06680,0.01862943
test_06681,0.99976259
test_06682,0.00014159
test_06683,0.27860698
test_06684,0.63292694
test_06685,0.99991536
test_06686,0.99978513
test_06687,0.00842400
test_06688,0.06384631
test_06689,0.73898858
test_06690,0.57943732
test_06691,0.00019768
test_06692,0.49398300
test_06693,0.94152540
test_06694,0.98948985
test_06695,0.27227399
test_06696,0.97840810
test_06697,0.99924242
test_06698,0.00004434
test_06699,0.95943224
test_06700,1.00000000
test_06701,0.99900311
test_06702,0.99995553
test_06703,0.00006890
test_06704,0.99946660
test_06705,0.99918801
test_06706,0.66138285
test_06707,0.09530540
test_06708,0.85036778
test_06709,0.64267796
test_06710,0.84323227
test_06711,0.99999285
test_06712,0.01879155
test_06713,0.99999845
test_06714,0.97903764
test_06715,0.00561411
test_06716,0.98315293
test_06717,0.24612860
test_06718,0.99480247
test_06719,0.93396509
test_06720,0.88501036
test_06721,0.00073889
test_06722,0.96818787
test_06723,0.99797231
test_06724,0.00000006
test_06725,0.65755343
test_06726,0.96330267
test_06727,0.21114115
test_06728,0.00101939
test_06729,0.00015398
test_06730,0.01379817
test_06731,0.80262262
test_06732,0.45458201
test_06733,0.06301130
test_06734,0.48232228
test_06735,0.86345398
test_06736,0.98399699
test_06737,0.99999130
test_06738,0.99999630
test_06739,0.99881858
test_06740,0.81593722
test_06741,0.84241623
test_06742,0.97858596
test_06743,0.99305904
test_06744,0.23059773
test_06745,0.00000483
test_06746,0.99725431
test_06747,0.99999821
test_06748,0.01464838
test_06749,0.99999988
test_06750,0.87282252
test_06751,0.32847628
test_06752,0.00530640
test_06753,0.00059094
test_06754,0.00019973
test_06755,0.99794167
test_06756,0.00006724
test_06757,0.99961191
test_06758,0.00575874
test_06759,0.29875082
test_06760,0.18023388
test_06761,0.99683893
test_06762,0.99999154
test_06763,0.94466192
test_06764,0.94424796
test_06765,0.99994016
test_06766,0.01110121
test_06767,0.00001558
test_06768,0.99957091
test_06769,0.01224532
test_06770,0.01216539
test_06771,0.99998736
test_06772,0.00000499
test_06773,0.99999607
test_06774,0.66662717
test_06775,0.00360579
test_06776,0.87392128
test_06777,0.99942541
test_06778,0.00001908
test_06779,0.52190220
test_06780,0.99988961
test_06781,0.99999905
test_06782,0.66010451
test_06783,0.96722275
test_06784,0.00884519
test_06785,0.98168254
test_06786,0.99999690
test_06787,0.00000000
test_06788,0.00003653
test_06789,0.55542409
test_06790,0.56060773
test_06791,0.74354869
test_06792,0.99740475
test_06793,0.21588521
test_06794,0.51811856
test_06795,0.00015861
test_06796,0.99991894
test_06797,0.68456978
test_06798,0.99865746
test_06799,0.00068107
test_06800,0.00076429
test_06801,0.99986792
test_06802,0.23684011
test_06803,0.01758000
test_06804,0.51391250
test_06805,0.06641019
test_06806,0.99991190
test_06807,0.97237563
test_06808,0.99838138
test_06809,0.98285174
test_06810,0.56156850
test_06811,0.99940860
test_06812,0.00230290
test_06813,0.92587185
test_06814,0.99999940
test_06815,0.99999988
test_06816,0.99999690
test_06817,0.01246441
test_06818,0.95040876
test_06819,0.91826630
test_06820,0.06451516
test_06821,0.99666935
test_06822,0.07789744
test_06823,0.25682607
test_06824,0.98151565
test_06825,0.01987482
test_06826,0.00035293
test_06827,0.00011042
test_06828,0.98976678
test_06829,0.41016114
test_06830,0.00113478
test_06831,0.52984470
test_06832,0.00013899
test_06833,0.00053650
test_06834,0.00895391
test_06835,0.00000009
test_06836,0.32700300
test_06837,0.00095755
test_06838,0.00093292
test_06839,0.00423845
test_06840,1.00000000
test_06841,0.82926142
test_06842,0.99256247
test_06843,0.68998194
test_06844,0.00001310
test_06845,0.00011890
test_06846,0.98516059
test_06847,0.99969637
test_06848,0.00155383
test_06849,0.89667958
test_06850,0.04335012
test_06851,0.08511645
test_06852,0.00627426
test_06853,0.16586782
test_06854,0.99800402
test_06855,0.00100805
test_06856,0.00157724
test_06857,0.20043594
test_06858,0.00452373
test_06859,0.56238353
test_06860,0.96564710
test_06861,0.02580730
test_06862,0.95028615
test_06863,0.85873091
test_06864,0.96550924
test_06865,0.98885494
test_06866,0.14281167
test_06867,0.01065227
test_06868,0.96282309
test_06869,0.63558024
test_06870,0.99988723
test_06871,0.96763438
test_06872,0.64676160
test_06873,0.00119108
test_06874,0.99981159
test_06875,0.06422973
test_06876,0.00007251
test_06877,0.99972123
test_06878,0.57100344
test_06879,0.88566339
test_06880,0.06743585
test_06881,0.86701578
test_06882,0.22842483
test_06883,0.84986520
test_06884,0.00000000
test_06885,0.96730745
test_06886,0.00937763
test_06887,0.99982494
test_06888,0.44460747
test_06889,0.99941814
test_06890,0.03826469
test_06891,0.09423197
test_06892,0.00634618
test_06893,0.31671926
test_06894,0.00004111
test_06895,0.37953410
test_06896,0.99954623
test_06897,0.16557984
test_06898,0.25066811
test_06899,0.02469197
test_06900,0.00526904
test_06901,0.85333413
test_06902,0.00485440
test_06903,0.99968541
test_06904,0.86748773
test_06905,0.99996281
test_06906,0.65494782
test_06907,0.99999511
test_06908,0.99708861
test_06909,0.00029535
test_06910,0.99960178
test_06911,0.17976753
test_06912,0.00019951
test_06913,0.01181731
test_06914,0.33528185
test_06915,0.74406558
test_06916,0.99998283
test_06917,0.00005950
test_06918,0.99937743
test_06919,0.99981147
test_06920,0.70564538
test_06921,0.99863881
test_06922,1.00000000
test_06923,0.78276688
test_06924,0.85213155
test_06925,0.10011707
test_06926,0.00465866
test_06927,0.00015944
test_06928,0.00000039
test_06929,0.68976450
test_06930,0.00114079
test_06931,0.01426874
test_06932,0.96332800
test_06933,0.67466354
test_06934,0.00669413
test_06935,0.00001209
test_06936,0.99318612
test_06937,0.40147513
test_06938,0.00321369
test_06939,0.00041555
test_06940,0.99978703
test_06941,0.69534880
test_06942,0.15248786
test_06943,0.11443835
test_06944,0.23425929
test_06945,0.00000028
test_06946,0.16782068
test_06947,0.93007141
test_06948,0.68167865
test_06949,0.99229711
test_06950,0.96294326
test_06951,0.00114612
test_06952,0.62380272
test_06953,0.51198220
test_06954,0.04722551
test_06955,0.99999881
test_06956,0.98713487
test_06957,0.66391277
test_06958,0.99755412
test_06959,0.00103909
test_06960,0.00021007
test_06961,0.98271519
test_06962,0.00000964
test_06963,0.84054339
test_06964,0.99999869
test_06965,0.01957154
test_06966,0.00000919
test_06967,0.10622358
test_06968,0.00000618
test_06969,0.00001132
test_06970,0.99997818
test_06971,0.98078662
test_06972,0.00000012
test_06973,0.96620566
test_06974,0.05600334
test_06975,0.99821872
test_06976,0.98351181
test_06977,0.95573944
test_06978,0.00119439
test_06979,0.56194490
test_06980,0.17176493
test_06981,0.99998343
test_06982,0.99644691
test_06983,0.00003572
test_06984,0.02363898
test_06985,0.00359838
test_06986,0.56871593
test_06987,0.01087103
test_06988,0.75775409
test_06989,0.00653038
test_06990,1.00000000
test_06991,0.97114795
test_06992,0.80186796
test_06993,0.00379854
test_06994,0.00000000
test_06995,0.00386788
test_06996,0.13142355
test_06997,0.95854437
test_06998,0.47569415
test_06999,0.99318874
test_07000,0.36783117
test_07001,0.84103853
test_07002,1.00000000
test_07003,0.54218709
test_07004,0.54120731
test_07005,0.81291562
test_07006,0.94699460
test_07007,0.03980742
test_07008,0.00552999
test_07009,0.99597836
test_07010,0.88358372
test_07011,0.89265275
test_07012,0.69977576
test_07013,0.09042542
test_07014,0.92781579
test_07015,0.92997068
test_07016,0.99856985
test_07017,0.31795892
test_07018,0.99987185
test_07019,0.29867712
test_07020,0.09269131
test_07021,0.99668831
test_07022,0.25788406
test_07023,0.72469997
test_07024,0.18389532
test_07025,0.99999559
test_07026,0.99999988
test_07027,0.00093366
test_07028,0.78723580
test_07029,0.16904354
test_07030,0.06710492
test_07031,0.06876049
test_07032,0.89897084
test_07033,0.99999833
test_07034,0.00007809
test_07035,0.99626040
test_07036,0.07704183
test_07037,0.01160428
test_07038,0.99834049
test_07039,0.09489377
test_07040,0.00021675
test_07041,0.99487936
test_07042,0.99925536
test_07043,0.29237753
test_07044,0.99999654
test_07045,0.00018181
test_07046,0.99557424
test_07047,0.99968898
test_07048,0.10675988
test_07049,0.49270329
test_07050,0.20274670
test_07051,0.00626115
test_07052,0.34720847
test_07053,0.06258108
test_07054,0.90861005
test_07055,0.99963069
test_07056,0.99999559
test_07057,0.00694547
test_07058,0.21902299
test_07059,0.77093554
test_07060,0.99885023
test_07061,0.98495507
test_07062,0.90910667
test_07063,0.08102423
test_07064,0.00007039
test_07065,0.06473725
test_07066,0.88841999
test_07067,0.99999976
test_07068,0.34407529
test_07069,0.99209970
test_07070,0.09252226
test_07071,0.00075299
test_07072,0.99025667
test_07073,0.54094553
test_07074,0.99999976
test_07075,0.43232229
test_07076,0.99999809
test_07077,0.02771497
test_07078,0.99990714
test_07079,0.99999714
test_07080,0.09723668
test_07081,0.25711417
test_07082,0.86856520
test_07083,0.00983674
test_07084,0.26747951
test_07085,0.06370308
test_07086,0.99201983
test_07087,0.07613461
test_07088,0.96667260
test_07089,0.01437480
test_07090,0.15339345
test_07091,0.11069195
test_07092,0.99484503
test_07093,0.35420895
test_07094,0.79894489
test_07095,0.00506964
test_07096,0.99911016
test_07097,0.00017358
test_07098,0.53824645
test_07099,0.00012291
test_07100,0.55004859
test_07101,0.99932468
test_07102,0.99670452
test_07103,0.99985099
test_07104,0.97720510
test_07105,0.00000226
test_07106,0.99138111
test_07107,0.00214684
test_07108,0.55045831
test_07109,0.53981376
test_07110,0.82928199
test_07111,0.33640641
test_07112,0.92997658
test_07113,0.20487407
test_07114,0.98730695
test_07115,0.99490935
test_07116,0.51316750
test_07117,0.05558837
test_07118,0.00023119
test_07119,0.42561504
test_07120,0.00672978
test_07121,0.10866512
test_07122,0.72915214
test_07123,0.82018852
test_07124,0.99999964
test_07125,0.77656412
test_07126,0.99719667
test_07127,0.98470932
test_07128,0.00001535
test_07129,0.00000328
test_07130,0.99670535
test_07131,0.99996829
test_07132,0.04008809
test_07133,0.22208239
test_07134,0.98965037
test_07135,0.00000142
test_07136,0.85383260
test_07137,0.89203835
test_07138,0.00000258
test_07139,0.00183894
test_07140,0.09201591
test_07141,0.21683927
test_07142,0.00001642
test_07143,0.02226725
test_07144,0.06982200
test_07145,0.00060490
test_07146,0.99360800
test_07147,0.61973125
test_07148,0.98286843
test_07149,0.00001177
test_07150,0.72807038
test_07151,0.67063689
test_07152,0.98106271
test_07153,0.17410333
test_07154,0.99251610
test_07155,0.06220424
test_07156,0.00021100
test_07157,0.97451049
test_07158,0.99997270
test_07159,0.52618772
test_07160,0.00000656
test_07161,0.00000042
test_07162,0.97978574
test_07163,0.61633593
test_07164,0.87651885
test_07165,0.15842310
test_07166,0.97765517
test_07167,0.00197929
test_07168,0.99911314
test_07169,0.00942351
test_07170,0.99996924
test_07171,0.87217057
test_07172,0.99762553
test_07173,0.99999440
test_07174,0.57646531
test_07175,0.86884362
test_07176,0.00281706
test_07177,0.33410147
test_07178,0.97740734
test_07179,0.12387490
test_07180,0.00000004
test_07181,0.29703405
test_07182,0.15391636
test_07183,0.34744409
test_07184,0.00002272
test_07185,0.98633039
test_07186,0.99999976
test_07187,0.00490612
test_07188,0.78503346
test_07189,0.00057306
test_07190,0.13182881
test_07191,0.00022565
test_07192,0.00000004
test_07193,0.01419833
test_07194,0.94428766
test_07195,0.98935717
test_07196,0.99324846
test_07197,0.13721800
test_07198,0.00019668
test_07199,0.00000003
test_07200,1.00000000
test_07201,0.13675772
test_07202,0.00006725
test_07203,0.99877030
test_07204,0.98435968
test_07205,0.00004824
test_07206,0.62893838
test_07207,0.79443121
test_07208,0.10235745
test_07209,0.33631790
test_07210,0.00209367
test_07211,0.98120463
test_07212,0.45179179
test_07213,0.05163846
test_07214,0.86273253
test_07215,0.20521019
test_07216,0.08851082
test_07217,0.00230821
test_07218,0.01019227
test_07219,0.99815482
test_07220,0.50314939
test_07221,0.99380976
test_07222,0.03963682
test_07223,0.70211864
test_07224,0.99811220
test_07225,0.29345196
test_07226,0.67179078
test_07227,0.99849248
test_07228,0.00033118
test_07229,0.10561883
test_07230,0.06761023
test_07231,0.00323907
test_07232,0.33267966
test_07233,0.99999356
test_07234,0.99969673
test_07235,0.93742275
test_07236,0.16696437
test_07237,0.99993575
test_07238,0.01137513
test_07239,0.89853936
test_07240,0.01986757
test_07241,0.00039261
test_07242,0.89238167
test_07243,0.00075433
test_07244,1.00000000
test_07245,0.98540211
test_07246,0.99325091
test_07247,0.78459418
test_07248,0.99999261
test_07249,0.00007875
test_07250,0.03845195
test_07251,0.00393501
test_07252,0.97604907
test_07253,0.00002422
test_07254,0.16461745
test_07255,0.58202016
test_07256,0.00006235
test_07257,0.97059143
test_07258,0.93931204
test_07259,0.37130517
test_07260,0.17521505
test_07261,0.00886349
test_07262,0.00063142
test_07263,0.99344724
test_07264,0.00139572
test_07265,0.98394102
test_07266,0.00190074
test_07267,0.71746331
test_07268,0.06303631
test_07269,0.99989510
test_07270,0.57827520
test_07271,0.98724467
test_07272,0.69831860
test_07273,0.99020571
test_07274,0.94492590
test_07275,0.60164875
test_07276,0.08187041
test_07277,0.99989355
test_07278,0.95314735
test_07279,0.20317969
test_07280,0.00084751
test_07281,0.00197961
test_07282,0.62174821
test_07283,0.01925594
test_07284,0.17695698
test_07285,0.93919057
test_07286,0.13727768
test_07287,0.76623178
test_07288,0.03478438
test_07289,0.36706585
test_07290,0.00034287
test_07291,0.58980662
test_07292,0.16200401
test_07293,0.00003130
test_07294,1.00000000
test_07295,0.29555130
test_07296,0.78988618
test_07297,0.99977845
test_07298,0.17065601
test_07299,0.58288509
test_07300,0.13947143
test_07301,0.96760410
test_07302,0.00098099
test_07303,0.90391874
test_07304,0.00077130
test_07305,0.49566907
test_07306,0.39557531
test_07307,0.00000236
test_07308,0.00005489
test_07309,0.04453273
test_07310,0.10861921
test_07311,0.00533345
test_07312,0.99337387
test_07313,0.03787678
test_07314,0.28942591
test_07315,0.13747977
test_07316,0.78874266
test_07317,1.00000000
test_07318,0.00686300
test_07319,0.97201174
test_07320,0.99604648
test_07321,0.01808374
test_07322,0.68273449
test_07323,0.33120364
test_07324,0.58025748
test_07325,0.58132976
test_07326,0.99912649
test_07327,0.99965763
test_07328,0.99984586
test_07329,0.04858776
test_07330,0.62784195
test_07331,0.03354259
test_07332,0.02297176
test_07333,0.64844632
test_07334,0.74914658
test_07335,0.82149142
test_07336,0.37852088
test_07337,0.54315913
test_07338,0.12262425
test_07339,0.01599569
test_07340,0.99935490
test_07341,0.21921371
test_07342,0.90423745
test_07343,0.99614406
test_07344,0.69707513
test_07345,0.00000538
test_07346,0.34819031
test_07347,0.01457795
test_07348,0.72372842
test_07349,0.00970678
test_07350,0.99998271
test_07351,0.05533875
test_07352,0.90661621
test_07353,0.99968970
test_07354,0.41933644
test_07355,0.97825134
test_07356,0.99735510
test_07357,0.99958676
test_07358,0.95173377
test_07359,0.01110667
test_07360,0.99640429
test_07361,0.69206554
test_07362,0.01201754
test_07363,0.09786577
test_07364,0.02314899
test_07365,0.93449432
test_07366,0.93921238
test_07367,0.45771936
test_07368,0.45165846
test_07369,0.21744871
test_07370,0.99357551
test_07371,0.00204042
test_07372,0.00466084
test_07373,0.72470325
test_07374,0.00000362
test_07375,0.37058040
test_07376,0.49258333
test_07377,0.00003795
test_07378,0.98429686
test_07379,0.00013658
test_07380,0.20179641
test_07381,0.17082261
test_07382,0.07051335
test_07383,0.86554325
test_07384,0.73396355
test_07385,0.07656250
test_07386,0.00018496
test_07387,0.00900456
test_07388,0.99027443
test_07389,0.12455218
test_07390,0.00002903
test_07391,0.99994397
test_07392,0.09617177
test_07393,0.87750763
test_07394,0.92037696
test_07395,0.99999619
test_07396,0.00000596
test_07397,0.99949038
test_07398,0.97187984
test_07399,0.98723805
test_07400,0.99744213
test_07401,0.06929070
test_07402,0.99994373
test_07403,0.00004419
test_07404,0.00001507
test_07405,0.99958628
test_07406,0.00838744
test_07407,0.00072496
test_07408,0.12649456
test_07409,0.19999325
test_07410,0.99999690
test_07411,0.91336846
test_07412,0.00016545
test_07413,0.97964603
test_07414,0.15991087
test_07415,0.98442626
test_07416,0.19326828
test_07417,0.00464187
test_07418,0.99960011
test_07419,0.00118714
test_07420,0.00228487
test_07421,0.16768023
test_07422,0.99942809
test_07423,0.99996042
test_07424,0.03525817
test_07425,0.12382343
test_07426,0.06238253
test_07427,0.00115782
test_07428,0.00026929
test_07429,0.33890936
test_07430,0.12570703
test_07431,0.99998152
test_07432,0.01159924
test_07433,0.56787974
test_07434,0.00000787
test_07435,0.00001396
test_07436,0.00062102
test_07437,0.80448455
test_07438,0.88633889
test_07439,0.92044997
test_07440,0.32066679
test_07441,0.01612068
test_07442,0.00152451
test_07443,0.99283606
test_07444,0.03255293
test_07445,0.99130529
test_07446,0.00003472
test_07447,0.00001747
test_07448,0.00882620
test_07449,0.99825722
test_07450,0.60099375
test_07451,0.89967555
test_07452,0.02637356
test_07453,0.00046685
test_07454,0.82105714
test_07455,0.22797996
test_07456,0.99859184
test_07457,0.20922877
test_07458,0.99999893
test_07459,0.99998176
test_07460,0.58480060
test_07461,0.67304677
test_07462,0.59605879
test_07463,0.00079391
test_07464,0.15552992
test_07465,0.99814939
test_07466,0.01242805
test_07467,0.96657050
test_07468,0.93860453
test_07469,0.10936704
test_07470,0.99679643
test_07471,0.40657130
test_07472,0.56931496
test_07473,0.00145207
test_07474,0.00291808
test_07475,0.94997567
test_07476,0.00001080
test_07477,0.00000406
test_07478,0.99131846
test_07479,0.99918920
test_07480,0.91212666
test_07481,0.53566241
test_07482,0.70538455
test_07483,0.27817407
test_07484,0.07753170
test_07485,0.99922955
test_07486,0.99917871
test_07487,0.00250992
test_07488,0.00268097
test_07489,0.99999368
test_07490,0.71031719
test_07491,0.00191652
test_07492,0.27427554
test_07493,0.54591405
test_07494,0.99708194
test_07495,0.99516451
test_07496,0.34139445
test_07497,0.33898050
test_07498,0.56830716
test_07499,0.00003740
test_07500,0.00083898
test_07501,0.00432008
test_07502,0.93492949
test_07503,0.01234832
test_07504,0.55042034
test_07505,0.74445242
test_07506,0.99982661
test_07507,0.01164665
test_07508,0.00097740
test_07509,0.99839431
test_07510,0.97771400
test_07511,0.99904448
test_07512,0.04587222
test_07513,0.99774158
test_07514,0.99998748
test_07515,0.99208802
test_07516,0.99874914
test_07517,0.99934596
test_07518,0.00456024
test_07519,0.04028543
test_07520,0.41293916
test_07521,0.01254287
test_07522,1.00000000
test_07523,0.00000416
test_07524,0.05858516
test_07525,0.63313520
test_07526,0.03311821
test_07527,0.36094096
test_07528,0.99988210
test_07529,0.01047445
test_07530,0.99809963
test_07531,0.68057883
test_07532,0.99997330
test_07533,0.00163139
test_07534,0.03416606
test_07535,0.83309662
test_07536,0.74649370
test_07537,0.00505430
test_07538,0.27100497
test_07539,0.99995089
test_07540,0.04857365
test_07541,0.66201282
test_07542,0.51884431
test_07543,0.00372373
test_07544,0.98019481
test_07545,0.00629186
test_07546,0.99824548
test_07547,0.99921596
test_07548,0.27652010
test_07549,0.97514945
test_07550,0.96604776
test_07551,0.82083607
test_07552,0.68491691
test_07553,0.99895871
test_07554,0.99567658
test_07555,0.00500492
test_07556,0.00236514
test_07557,1.00000000
test_07558,0.98018450
test_07559,0.99858522
test_07560,0.84917021
test_07561,0.01071865
test_07562,0.67499834
test_07563,0.98069662
test_07564,0.99987936
test_07565,0.00298519
test_07566,0.67958045
test_07567,0.00051295
test_07568,0.01209044
test_07569,0.28307033
test_07570,0.43622935
test_07571,0.29670233
test_07572,0.99247384
test_07573,1.00000000
test_07574,0.97524738
test_07575,0.28484422
test_07576,0.00434178
test_07577,0.01444997
test_07578,0.00228910
test_07579,0.00000128
test_07580,0.99999487
test_07581,0.21115552
test_07582,0.00000011
test_07583,0.99462694
test_07584,0.99994397
test_07585,0.86505026
test_07586,0.99997902
test_07587,0.29005218
test_07588,0.98185235
test_07589,0.81133592
test_07590,0.92152053
test_07591,0.99999964
test_07592,0.00103085
test_07593,0.99999654
test_07594,0.39165500
test_07595,0.00000023
test_07596,0.00014363
test_07597,0.99962902
test_07598,0.96730107
test_07599,0.97482163
test_07600,0.00001458
test_07601,0.02185565
test_07602,0.02207741
test_07603,0.99833626
test_07604,0.09267789
test_07605,0.00015730
test_07606,0.00000303
test_07607,0.08789624
test_07608,0.98756695
test_07609,0.99999750
test_07610,0.00000317
test_07611,0.05209942
test_07612,0.06668870
test_07613,0.11070687
test_07614,1.00000000
test_07615,0.96001595
test_07616,0.97749138
test_07617,0.06373668
test_07618,0.99260581
test_07619,0.00053794
test_07620,0.40275455
test_07621,0.00020435
test_07622,0.61419153
test_07623,0.99999833
test_07624,0.00363027
test_07625,0.00001208
test_07626,0.99999702
test_07627,0.99592495
test_07628,0.99992573
test_07629,0.00243181
test_07630,0.99997103
test_07631,0.45175755
test_07632,0.37625423
test_07633,0.02304133
test_07634,1.00000000
test_07635,0.99999940
test_07636,0.00275347
test_07637,0.70349932
test_07638,0.99996805
test_07639,0.00344192
test_07640,0.00789931
test_07641,0.38137671
test_07642,0.67414618
test_07643,0.99991155
test_07644,0.99999928
test_07645,0.00778837
test_07646,0.92001200
test_07647,0.99998927
test_07648,0.00000271
test_07649,0.73314416
test_07650,0.99998915
test_07651,0.69807482
test_07652,0.74098182
test_07653,0.93521458
test_07654,0.99999797
test_07655,0.06490188
test_07656,0.06817012
test_07657,0.99765188
test_07658,0.00000055
test_07659,0.91293418
test_07660,0.10119145
test_07661,0.96885288
test_07662,0.10886399
test_07663,0.21143074
test_07664,0.00005768
test_07665,0.00354110
test_07666,0.99206853
test_07667,0.02190716
test_07668,0.95784420
test_07669,0.99997401
test_07670,0.00090591
test_07671,0.37489289
test_07672,0.00065761
test_07673,0.00002173
test_07674,0.93827897
test_07675,0.00000166
test_07676,0.40672243
test_07677,0.50536710
test_07678,0.52484256
test_07679,0.01012101
test_07680,0.95192754
test_07681,0.00005156
test_07682,0.00000220
test_07683,0.51252371
test_07684,0.41097131
test_07685,0.94929546
test_07686,0.05100778
test_07687,0.67847115
test_07688,0.64911628
test_07689,0.75871754
test_07690,0.61562991
test_07691,0.00101142
test_07692,0.99999642
test_07693,0.99986005
test_07694,0.00400244
test_07695,0.06055947
test_07696,0.00311615
test_07697,0.82310808
test_07698,0.99948478
test_07699,0.00019464
test_07700,0.99832875
test_07701,0.00021800
test_07702,0.02666012
test_07703,0.61979324
test_07704,0.99999511
test_07705,0.06337989
test_07706,0.43785629
test_07707,0.55741698
test_07708,0.99991083
test_07709,0.05970071
test_07710,0.99997973
test_07711,0.77181965
test_07712,0.04630294
test_07713,0.00001804
test_07714,0.03580095
test_07715,0.98805141
test_07716,0.77926075
test_07717,0.00003718
test_07718,0.00196447
test_07719,0.00050425
test_07720,0.06126256
test_07721,0.00227537
test_07722,0.00050878
test_07723,0.00234135
test_07724,1.00000000
test_07725,0.99677330
test_07726,0.64373893
test_07727,0.00149537
test_07728,0.19537881
test_07729,0.98738062
test_07730,0.48758221
test_07731,0.00021824
test_07732,0.78192532
test_07733,0.99999893
test_07734,0.34325784
test_07735,0.28729275
test_07736,0.00108063
test_07737,0.99777442
test_07738,0.50959426
test_07739,0.38969442
test_07740,0.56990886
test_07741,0.03833614
test_07742,0.29608899
test_07743,0.99979144
test_07744,0.58071023
test_07745,0.51813656
test_07746,0.79871225
test_07747,0.41471642
test_07748,0.00291406
test_07749,0.29950121
test_07750,0.99628985
test_07751,0.62767655
test_07752,0.02026869
test_07753,0.32132861
test_07754,0.00428798
test_07755,0.76929098
test_07756,0.98584360
test_07757,0.33801782
test_07758,0.66519541
test_07759,0.85012668
test_07760,0.98655826
test_07761,0.20963465
test_07762,0.97832388
test_07763,0.99976724
test_07764,0.98800439
test_07765,0.79523540
test_07766,1.00000000
test_07767,0.01008208
test_07768,0.50292861
test_07769,0.67430031
test_07770,0.34405795
test_07771,0.50013018
test_07772,0.95637751
test_07773,0.99675202
test_07774,0.00553407
test_07775,0.00136681
test_07776,0.62181491
test_07777,0.99983680
test_07778,0.58807588
test_07779,0.45034412
test_07780,0.99982786
test_07781,0.00000033
test_07782,0.28904697
test_07783,0.00249075
test_07784,0.15875290
test_07785,0.12714919
test_07786,0.17891686
test_07787,0.99559635
test_07788,0.99257678
test_07789,0.33171272
test_07790,0.00393733
test_07791,0.78642631
test_07792,0.03596283
test_07793,0.00185155
test_07794,0.01865396
test_07795,0.78368258
test_07796,0.01870539
test_07797,0.00159467
test_07798,0.94709331
test_07799,0.99999988
test_07800,0.75808299
test_07801,0.00566612
test_07802,0.99666166
test_07803,0.99540776
test_07804,0.64874792
test_07805,0.00000113
test_07806,0.03868840
test_07807,0.80828619
test_07808,0.00001019
test_07809,0.00314935
test_07810,0.00165453
test_07811,0.93977129
test_07812,0.50853652
test_07813,0.99997115
test_07814,0.03527258
test_07815,0.00028153
test_07816,0.38831532
test_07817,0.99991810
test_07818,0.22072336
test_07819,0.89170521
test_07820,0.00011533
test_07821,0.98972332
test_07822,0.02140318
test_07823,0.03460740
test_07824,0.99996281
test_07825,0.89746308
test_07826,0.00029573
test_07827,0.95224726
test_07828,0.00040242
test_07829,0.99753594
test_07830,0.04655678
test_07831,0.99999940
test_07832,0.99972099
test_07833,0.92461395
test_07834,0.40647644
test_07835,0.99991608
test_07836,0.01768320
test_07837,0.15916368
test_07838,0.99962890
test_07839,0.79133648
test_07840,0.89647394
test_07841,0.00089576
test_07842,0.02134856
test_07843,0.00048097
test_07844,0.97172493
test_07845,0.99628532
test_07846,0.09127934
test_07847,0.83344084
test_07848,0.00001255
test_07849,0.99979788
test_07850,0.99996352
test_07851,0.00913939
test_07852,0.96829414
test_07853,0.01713235
test_07854,0.99336511
test_07855,0.04261018
test_07856,0.00349330
test_07857,0.00419948
test_07858,0.01506869
test_07859,0.99983823
test_07860,0.02516950
test_07861,0.62188315
test_07862,0.00031437
test_07863,0.00615153
test_07864,0.60753149
test_07865,0.99362296
test_07866,0.85930806
test_07867,0.97956264
test_07868,0.99653900
test_07869,0.64649266
test_07870,0.20237184
test_07871,0.90627223
test_07872,0.10649901
test_07873,0.04862440
test_07874,0.02038588
test_07875,0.00000486
test_07876,0.39439553
test_07877,0.98497033
test_07878,0.02732503
test_07879,0.00117985
test_07880,0.97327662
test_07881,0.99030346
test_07882,0.95536381
test_07883,0.97440368
test_07884,0.77710146
test_07885,0.44970459
test_07886,0.00061245
test_07887,0.99991655
test_07888,0.12067121
test_07889,0.99995208
test_07890,0.59711063
test_07891,0.99998581
test_07892,0.36872810
test_07893,0.91542870
test_07894,0.00023158
test_07895,0.63928235
test_07896,0.99662918
test_07897,0.00279814
test_07898,0.95913595
test_07899,0.99998784
test_07900,0.99998116
test_07901,0.84533745
test_07902,0.05198006
test_07903,0.13235663
test_07904,0.00041809
test_07905,0.36542702
test_07906,0.02798215
test_07907,0.57613003
test_07908,0.00340022
test_07909,0.98801839
test_07910,0.93795282
test_07911,0.78896636
test_07912,0.00065242
test_07913,0.00966969
test_07914,0.00085162
test_07915,0.00475743
test_07916,0.98193550
test_07917,0.36990622
test_07918,0.08000453
test_07919,0.00481117
test_07920,0.00473543
test_07921,0.99943835
test_07922,0.53470010
test_07923,0.99999988
test_07924,0.00262342
test_07925,0.01636576
test_07926,0.06021988
test_07927,0.93911076
test_07928,0.97676921
test_07929,0.00029775
test_07930,0.03776750
test_07931,0.00037867
test_07932,0.99950337
test_07933,0.99999774
test_07934,0.02758006
test_07935,0.07243089
test_07936,0.05547463
test_07937,0.13222730
test_07938,0.98135078
test_07939,0.00004203
test_07940,0.24496514
test_07941,0.35448202
test_07942,0.00468912
test_07943,0.99991322
test_07944,0.01430881
test_07945,0.00204499
test_07946,0.01147530
test_07947,0.99999988
test_07948,0.61398995
test_07949,0.99988818
test_07950,0.99992454
test_07951,0.00000346
test_07952,0.16630420
test_07953,0.01638530
test_07954,0.99994361
test_07955,0.00017132
test_07956,0.04623688
test_07957,0.96523207
test_07958,0.00778584
test_07959,0.98783714
test_07960,0.00068682
test_07961,0.99976641
test_07962,0.01644949
test_07963,0.99981612
test_07964,0.02943940
test_07965,0.02117500
test_07966,0.97792381
test_07967,0.99730587
test_07968,0.91699791
test_07969,0.00291985
test_07970,0.04108918
test_07971,0.01939479
test_07972,0.99934751
test_07973,0.00001409
test_07974,0.82625169
test_07975,0.00079803
test_07976,0.35501343
test_07977,0.00161445
test_07978,0.99999273
test_07979,0.00089036
test_07980,0.86745113
test_07981,0.57813489
test_07982,0.00878973
test_07983,0.02493177
test_07984,0.78306442
test_07985,0.99999416
test_07986,0.00505886
test_07987,0.06682196
test_07988,0.00689994
test_07989,0.00005639
test_07990,0.71276009
test_07991,0.61698538
test_07992,0.00007316
test_07993,0.99999988
test_07994,0.62985086
test_07995,0.94198585
test_07996,0.57658941
test_07997,0.69421589
test_07998,0.83414614
test_07999,0.99974531
test_08000,0.08554248
test_08001,0.17103098
test_08002,0.85348839
test_08003,0.86621338
test_08004,0.00282693
test_08005,0.98338079
test_08006,0.87162662
test_08007,0.00000002
test_08008,0.39803898
test_08009,0.10786095
test_08010,0.99958616
test_08011,0.09288646
test_08012,0.09744537
test_08013,0.00002453
test_08014,0.35424903
test_08015,0.00031331
test_08016,0.50428122
test_08017,0.59335077
test_08018,0.99970669
test_08019,0.99089324
test_08020,0.99997330
test_08021,0.78201574
test_08022,0.92496181
test_08023,0.21675804
test_08024,0.01391575
test_08025,0.42303216
test_08026,0.87258309
test_08027,0.49974564
test_08028,0.00763343
test_08029,0.97897917
test_08030,0.58676130
test_08031,0.04906720
test_08032,0.95770007
test_08033,0.00002777
test_08034,0.99999166
test_08035,0.48288053
test_08036,0.96577960
test_08037,0.16772255
test_08038,0.96666133
test_08039,0.98587543
test_08040,0.72387534
test_08041,0.99975973
test_08042,0.99782169
test_08043,0.13306078
test_08044,0.06756583
test_08045,0.16775797
test_08046,0.10310973
test_08047,0.00000000
test_08048,0.24613722
test_08049,0.99985266
test_08050,0.22991681
test_08051,0.15504664
test_08052,0.99867034
test_08053,0.95328277
test_08054,0.03696853
test_08055,0.99992013
test_08056,0.99982941
test_08057,0.00061649
test_08058,0.00315111
test_08059,0.01789724
test_08060,1.00000000
test_08061,0.61174566
test_08062,0.99874121
test_08063,0.32885635
test_08064,0.34375340
test_08065,1.00000000
test_08066,0.10010789
test_08067,0.99999797
test_08068,0.75603235
test_08069,0.86573547
test_08070,0.01159786
test_08071,0.99365658
test_08072,0.00000316
test_08073,0.98986650
test_08074,0.51795679
test_08075,0.43968585
test_08076,0.00028691
test_08077,0.17127150
test_08078,0.24479441
test_08079,0.62029207
test_08080,0.90780044
test_08081,0.00150159
test_08082,0.75488371
test_08083,0.99943990
test_08084,0.00488116
test_08085,0.00066585
test_08086,0.00890657
test_08087,0.72338068
test_08088,0.99976760
test_08089,0.70967257
test_08090,0.00055433
test_08091,0.99999988
test_08092,0.37045786
test_08093,0.20873196
test_08094,0.07134974
test_08095,0.36458814
test_08096,0.00043546
test_08097,0.99999797
test_08098,0.00000208
test_08099,0.14941348
test_08100,0.99720973
test_08101,0.00001638
test_08102,0.00054173
test_08103,0.99900156
test_08104,0.01990653
test_08105,1.00000000
test_08106,0.97424024
test_08107,0.61989784
test_08108,0.94830799
test_08109,0.97766465
test_08110,0.99990630
test_08111,0.00016846
test_08112,0.31992328
test_08113,0.00014170
test_08114,0.00579610
test_08115,0.04341879
test_08116,0.99986100
test_08117,0.00008009
test_08118,0.04738995
test_08119,0.85749048
test_08120,0.01501095
test_08121,0.03131780
test_08122,0.97664285
test_08123,0.10601610
test_08124,0.55347675
test_08125,0.99975103
test_08126,0.30129933
test_08127,0.00050428
test_08128,0.30189484
test_08129,0.48285756
test_08130,0.00152792
test_08131,0.99977738
test_08132,0.40058374
test_08133,0.03381193
test_08134,0.01223777
test_08135,0.01193628
test_08136,0.99892139
test_08137,0.00000070
test_08138,0.00000000
test_08139,0.99993217
test_08140,0.98905420
test_08141,0.99999571
test_08142,0.99989069
test_08143,0.82944804
test_08144,0.49764204
test_08145,0.00061111
test_08146,0.91796154
test_08147,0.01963060
test_08148,0.00002561
test_08149,0.00001091
test_08150,0.93036211
test_08151,0.76011884
test_08152,0.46392724
test_08153,0.65418929
test_08154,0.24920972
test_08155,0.00054438
test_08156,0.00784060
test_08157,0.00000277
test_08158,0.00033493
test_08159,0.98165488
test_08160,1.00000000
test_08161,0.99018109
test_08162,0.22657593
test_08163,0.99996960
test_08164,0.07133950
test_08165,0.07086382
test_08166,0.80763489
test_08167,0.00000851
test_08168,0.99062192
test_08169,0.99210197
test_08170,0.00015707
test_08171,0.99699980
test_08172,0.92318296
test_08173,0.15652983
test_08174,0.34830740
test_08175,0.99939120
test_08176,0.99548423
test_08177,0.99825794
test_08178,0.99997747
test_08179,0.99573296
test_08180,0.00015456
test_08181,0.04672331
test_08182,0.05289313
test_08183,0.99964380
test_08184,0.99927598
test_08185,0.69308954
test_08186,0.99922132
test_08187,0.61712444
test_08188,0.00029015
test_08189,0.00394996
test_08190,0.00434454
test_08191,0.91336250
test_08192,0.97310477
test_08193,0.99999988
test_08194,0.02358326
test_08195,0.00002765
test_08196,0.00020977
test_08197,0.99989653
test_08198,0.97770500
test_08199,0.00146951
test_08200,0.82452452
test_08201,0.00281325
test_08202,0.13384663
test_08203,0.79784632
test_08204,0.83811378
test_08205,0.41361499
test_08206,0.02260822
test_08207,1.00000000
test_08208,0.03246019
test_08209,0.00434946
test_08210,0.06972206
test_08211,0.01242837
test_08212,0.92649072
test_08213,0.99223107
test_08214,0.67624438
test_08215,0.00235636
test_08216,0.00007832
test_08217,0.98914939
test_08218,0.99318755
test_08219,0.98265797
test_08220,0.00003700
test_08221,0.00000064
test_08222,0.98315614
test_08223,0.00488765
test_08224,0.15128225
test_08225,0.00654623
test_08226,0.99400985
test_08227,0.99548090
test_08228,0.99582171
test_08229,0.39742029
test_08230,0.03682369
test_08231,0.00018625
test_08232,0.01496066
test_08233,0.03766040
test_08234,0.01599614
test_08235,0.00000007
test_08236,0.07275811
test_08237,0.98547387
test_08238,0.99713564
test_08239,0.99993289
test_08240,0.93425703
test_08241,0.96247870
test_08242,0.99782395
test_08243,0.18642510
test_08244,0.99992776
test_08245,0.94119054
test_08246,0.69281387
test_08247,0.76869541
test_08248,0.19860710
test_08249,0.99715781
test_08250,0.33264619
test_08251,0.99466670
test_08252,0.99426621
test_08253,0.30460450
test_08254,0.75943071
test_08255,0.00649327
test_08256,0.00018209
test_08257,0.02677386
test_08258,0.96276587
test_08259,0.99999595
test_08260,0.77787977
test_08261,0.99568754
test_08262,0.99629670
test_08263,0.99998271
test_08264,0.90437245
test_08265,0.95356816
test_08266,0.97044486
test_08267,0.00036460
test_08268,0.00113719
test_08269,0.12750891
test_08270,0.03183177
test_08271,0.31840384
test_08272,0.63220578
test_08273,0.32575160
test_08274,1.00000000
test_08275,0.10768712
test_08276,0.99890041
test_08277,0.05116843
test_08278,0.00933815
test_08279,0.34845984
test_08280,0.00009771
test_08281,0.62062848
test_08282,0.38737950
test_08283,0.99985564
test_08284,0.64400476
test_08285,0.99951446
test_08286,0.00357846
test_08287,0.06592262
test_08288,0.00000108
test_08289,0.00795361
test_08290,0.00000751
test_08291,0.89164084
test_08292,0.01197148
test_08293,0.97005504
test_08294,0.27455509
test_08295,0.93936086
test_08296,0.86525363
test_08297,0.99990702
test_08298,0.18586822
test_08299,0.06562511
test_08300,0.40014568
test_08301,0.92867529
test_08302,0.74219352
test_08303,0.98920935
test_08304,0.98422158
test_08305,0.37007412
test_08306,0.00001083
test_08307,0.54860425
test_08308,0.99667066
test_08309,0.22586223
test_08310,0.98199618
test_08311,0.00019122
test_08312,0.92610598
test_08313,0.99987924
test_08314,0.00000225
test_08315,0.99914265
test_08316,0.99537438
test_08317,0.84248418
test_08318,0.00008456
test_08319,0.99999857
test_08320,0.46879911
test_08321,0.96230668
test_08322,0.69607806
test_08323,0.99999940
test_08324,0.30199611
test_08325,1.00000000
test_08326,0.00728768
test_08327,0.01397926
test_08328,0.07667205
test_08329,0.92920375
test_08330,0.93067467
test_08331,0.57412893
test_08332,0.02739525
test_08333,0.56863624
test_08334,0.31356946
test_08335,0.79017097
test_08336,0.51309156
test_08337,0.39951777
test_08338,0.99899608
test_08339,0.00091739
test_08340,0.08711676
test_08341,0.99738139
test_08342,0.00001293
test_08343,0.96529669
test_08344,0.97809380
test_08345,0.98010331
test_08346,0.00130028
test_08347,0.04491637
test_08348,0.99999940
test_08349,0.00000007
test_08350,0.99131835
test_08351,0.99980134
test_08352,0.00000891
test_08353,0.99999392
test_08354,0.00000350
test_08355,0.91803610
test_08356,0.97987604
test_08357,0.00005560
test_08358,0.98840183
test_08359,0.99043161
test_08360,0.99998116
test_08361,0.81348574
test_08362,0.00055521
test_08363,0.99717170
test_08364,0.58548945
test_08365,0.00425738
test_08366,0.76006985
test_08367,0.97974181
test_08368,0.99966311
test_08369,0.00003636
test_08370,0.99684179
test_08371,0.00014828
test_08372,0.00106186
test_08373,0.98961508
test_08374,0.99999058
test_08375,0.28751501
test_08376,0.99927741
test_08377,0.06607348
test_08378,0.40135238
test_08379,0.77375692
test_08380,0.99998295
test_08381,0.99974149
test_08382,0.84743541
test_08383,0.47993976
test_08384,0.00312761
test_08385,0.06521851
test_08386,0.00000005
test_08387,0.00053900
test_08388,0.00000000
test_08389,0.97552627
test_08390,0.00000240
test_08391,0.27119055
test_08392,0.12483659
test_08393,1.00000000
test_08394,0.00077312
test_08395,0.05754464
test_08396,0.36951354
test_08397,0.00019690
test_08398,0.99880528
test_08399,0.00941469
test_08400,0.00000150
test_08401,0.59519809
test_08402,0.25933543
test_08403,0.65690678
test_08404,0.88151288
test_08405,0.02442440
test_08406,0.00550970
test_08407,0.99971527
test_08408,0.00370445
test_08409,0.12271128
test_08410,0.99945372
test_08411,0.99962330
test_08412,0.99570799
test_08413,0.00122315
test_08414,0.00012895
test_08415,0.11943609
test_08416,0.99911624
test_08417,0.23972106
test_08418,0.96604419
test_08419,0.87554228
test_08420,0.96417481
test_08421,0.13583107
test_08422,0.99625325
test_08423,0.99937624
test_08424,0.04371129
test_08425,0.00042199
test_08426,0.00029436
test_08427,0.99999917
test_08428,0.99999845
test_08429,0.00418047
test_08430,0.98628926
test_08431,0.07074882
test_08432,0.56512952
test_08433,0.93996775
test_08434,0.95266694
test_08435,0.00000020
test_08436,0.99454921
test_08437,0.00014696
test_08438,0.98198915
test_08439,0.45368332
test_08440,0.99999011
test_08441,0.17230420
test_08442,0.97415233
test_08443,0.29406247
test_08444,0.52210248
test_08445,0.75036287
test_08446,0.00001987
test_08447,0.00001017
test_08448,0.49563882
test_08449,0.43992740
test_08450,0.04143359
test_08451,0.00018315
test_08452,0.29236937
test_08453,0.00001610
test_08454,0.00407305
test_08455,0.31651130
test_08456,0.99999189
test_08457,0.96693343
test_08458,0.00319527
test_08459,0.82956082
test_08460,0.89540243
test_08461,0.00562852
test_08462,0.00266127
test_08463,0.99639553
test_08464,0.86213481
test_08465,0.99998593
test_08466,0.05661098
test_08467,0.00015258
test_08468,0.01220352
test_08469,0.37549043
test_08470,0.00031510
test_08471,0.00028926
test_08472,0.99997699
test_08473,0.06004407
test_08474,0.98053563
test_08475,0.93605024
test_08476,0.99804306
test_08477,0.99029541
test_08478,0.91829967
test_08479,0.57642275
test_08480,0.06528715
test_08481,0.44765130
test_08482,1.00000000
test_08483,0.00110202
test_08484,0.99054432
test_08485,0.70665288
test_08486,0.99633896
test_08487,0.82985765
test_08488,0.28187752
test_08489,0.37530020
test_08490,0.88063616
test_08491,0.99999857
test_08492,0.99645752
test_08493,0.61743355
test_08494,0.25218442
test_08495,0.83023983
test_08496,0.74598080
test_08497,0.98056030
test_08498,0.00423261
test_08499,0.32073104
test_08500,0.97730780
test_08501,0.00018752
test_08502,0.99993420
test_08503,0.04221828
test_08504,0.98790234
test_08505,0.05928260
test_08506,0.23558506
test_08507,0.00231287
test_08508,0.99916577
test_08509,0.70854557
test_08510,0.89272106
test_08511,0.30833015
test_08512,0.97650331
test_08513,0.99999666
test_08514,0.01903992
test_08515,0.97850150
test_08516,0.99999905
test_08517,0.99927384
test_08518,0.84134293
test_08519,0.99999249
test_08520,0.00783182
test_08521,0.00002777
test_08522,0.04133111
test_08523,0.00254258
test_08524,0.00040393
test_08525,0.09292232
test_08526,0.00794996
test_08527,0.08495650
test_08528,0.00011775
test_08529,0.88857526
test_08530,0.00000728
test_08531,0.24755910
test_08532,0.98830730
test_08533,0.81668907
test_08534,0.03263554
test_08535,0.99911278
test_08536,0.00007709
test_08537,0.16965722
test_08538,0.56476730
test_08539,0.26981845
test_08540,0.99761742
test_08541,0.00025253
test_08542,0.96924770
test_08543,0.04853788
test_08544,0.99997997
test_08545,0.97941214
test_08546,0.88272148
test_08547,0.31029168
test_08548,0.04529298
test_08549,0.00006698
test_08550,0.99857950
test_08551,0.72570848
test_08552,0.03873404
test_08553,0.94118249
test_08554,0.00000000
test_08555,0.99936706
test_08556,0.32065105
test_08557,0.20741412
test_08558,0.62730807
test_08559,0.99997270
test_08560,0.05723768
test_08561,0.53807878
test_08562,0.95752192
test_08563,0.87553293
test_08564,0.00019288
test_08565,0.99999928
test_08566,0.99997258
test_08567,0.16898188
test_08568,0.99760735
test_08569,0.11608420
test_08570,0.83524799
test_08571,0.08923722
test_08572,0.95023274
test_08573,0.97670358
test_08574,0.00573164
test_08575,0.96738327
test_08576,0.83060271
test_08577,0.87347066
test_08578,0.00183787
test_08579,0.89097500
test_08580,0.99962223
test_08581,0.98733526
test_08582,0.11632810
test_08583,0.01351778
test_08584,0.06051531
test_08585,0.60892469
test_08586,0.91664970
test_08587,0.00539207
test_08588,0.99816567
test_08589,0.80800992
test_08590,0.99843162
test_08591,0.00962139
test_08592,0.33202586
test_08593,0.00741657
test_08594,0.18670069
test_08595,0.40867478
test_08596,0.92295408
test_08597,0.16784759
test_08598,0.77651489
test_08599,0.42739987
test_08600,0.99992609
test_08601,0.95237440
test_08602,0.92280972
test_08603,0.91126537
test_08604,0.99901474
test_08605,0.11632700
test_08606,0.99982798
test_08607,0.97826868
test_08608,0.00640295
test_08609,0.05202585
test_08610,0.71700656
test_08611,0.00007142
test_08612,0.99932277
test_08613,0.04554792
test_08614,0.99830997
test_08615,0.27890122
test_08616,0.99999988
test_08617,0.64410192
test_08618,0.06992364
test_08619,0.25048637
test_08620,0.99574006
test_08621,0.99695969
test_08622,0.85752875
test_08623,0.03479606
test_08624,0.96655822
test_08625,0.76668102
test_08626,0.00278269
test_08627,0.00533354
test_08628,0.77484798
test_08629,0.00004356
test_08630,0.93642461
test_08631,0.19716133
test_08632,0.00361356
test_08633,0.99999988
test_08634,0.96706307
test_08635,0.85201812
test_08636,0.23795149
test_08637,0.92404532
test_08638,0.99982822
test_08639,0.00129472
test_08640,0.39491940
test_08641,0.34710747
test_08642,0.99980098
test_08643,0.38476050
test_08644,0.98591381
test_08645,0.00137237
test_08646,0.94624400
test_08647,0.09978858
test_08648,0.00140764
test_08649,0.97430068
test_08650,0.91306198
test_08651,0.95116842
test_08652,0.80851233
test_08653,0.99999821
test_08654,0.00088190
test_08655,0.46850139
test_08656,0.03106445
test_08657,0.90354341
test_08658,0.81484163
test_08659,0.00001723
test_08660,0.94206506
test_08661,0.50898081
test_08662,0.00265277
test_08663,0.00044554
test_08664,0.00092036
test_08665,0.06741852
test_08666,0.99999976
test_08667,0.95999390
test_08668,0.99976879
test_08669,0.99985409
test_08670,0.74578756
test_08671,0.29839268
test_08672,0.99993992
test_08673,0.99996150
test_08674,0.99999964
test_08675,0.00077293
test_08676,0.99944335
test_08677,0.73554021
test_08678,0.93407756
test_08679,0.90281397
test_08680,0.99992347
test_08681,0.00239872
test_08682,0.06560388
test_08683,0.60114402
test_08684,0.46399409
test_08685,0.57767636
test_08686,0.99969482
test_08687,0.01933006
test_08688,0.95238727
test_08689,0.99999118
test_08690,0.00355667
test_08691,0.98245710
test_08692,0.99998844
test_08693,0.19089675
test_08694,0.39293212
test_08695,0.97092527
test_08696,0.00030304
test_08697,0.01852028
test_08698,0.89510739
test_08699,0.12938960
test_08700,0.99998605
test_08701,0.99999762
test_08702,0.00004849
test_08703,0.10254062
test_08704,0.00390160
test_08705,0.23547259
test_08706,0.00429837
test_08707,0.99601704
test_08708,0.90052325
test_08709,0.99682045
test_08710,0.00000042
test_08711,0.05175328
test_08712,0.00000782
test_08713,0.99979025
test_08714,0.71782047
test_08715,0.19431245
test_08716,1.00000000
test_08717,0.22378767
test_08718,0.32169786
test_08719,0.97416103
test_08720,0.99998653
test_08721,0.99334759
test_08722,0.99998713
test_08723,0.98011649
test_08724,0.54994524
test_08725,0.99997759
test_08726,1.00000000
test_08727,0.02668381
test_08728,0.00689847
test_08729,0.96869373
test_08730,0.29933015
test_08731,0.90606683
test_08732,0.35092109
test_08733,0.00010586
test_08734,0.45213643
test_08735,0.00002744
test_08736,0.97368693
test_08737,0.22899103
test_08738,0.39451247
test_08739,0.98337436
test_08740,0.48658425
test_08741,0.02764421
test_08742,0.86747140
test_08743,0.00233739
test_08744,0.04367605
test_08745,0.98468775
test_08746,0.38267788
test_08747,0.99999988
test_08748,0.02283133
test_08749,0.03237245
test_08750,0.81962943
test_08751,0.00042255
test_08752,0.04610744
test_08753,0.91234171
test_08754,0.11479025
test_08755,0.97329795
test_08756,0.99131483
test_08757,0.99999869
test_08758,0.00117094
test_08759,0.02603953
test_08760,0.01492835
test_08761,0.37246662
test_08762,0.59869480
test_08763,0.01618029
test_08764,0.92100871
test_08765,0.42051938
test_08766,0.99250871
test_08767,0.05629182
test_08768,0.99702042
test_08769,0.22463129
test_08770,0.95331180
test_08771,0.42640471
test_08772,0.00000580
test_08773,0.01369620
test_08774,0.00869808
test_08775,0.95296049
test_08776,0.99994612
test_08777,0.00120376
test_08778,0.99833268
test_08779,0.29076326
test_08780,0.92925358
test_08781,0.82405418
test_08782,0.92619944
test_08783,0.99952853
test_08784,0.99759275
test_08785,0.06186391
test_08786,0.77765697
test_08787,0.16080087
test_08788,0.11742491
test_08789,0.33472237
test_08790,0.00032093
test_08791,0.00026003
test_08792,0.04431684
test_08793,0.06274169
test_08794,0.29558897
test_08795,0.99989486
test_08796,1.00000000
test_08797,0.95324451
test_08798,0.39028987
test_08799,0.99859768
test_08800,0.89558131
test_08801,0.74222505
test_08802,0.98856014
test_08803,0.99995792
test_08804,0.00538911
test_08805,0.96274543
test_08806,0.99857962
test_08807,0.50865775
test_08808,0.99999690
test_08809,0.70802683
test_08810,0.12269837
test_08811,0.91148669
test_08812,0.70191014
test_08813,0.54731727
test_08814,0.00015057
test_08815,0.15040001
test_08816,0.00327688
test_08817,0.99954140
test_08818,0.01589399
test_08819,0.98447627
test_08820,0.80414915
test_08821,0.10460731
test_08822,0.99872452
test_08823,0.71908015
test_08824,0.42780688
test_08825,0.93777025
test_08826,0.02938334
test_08827,0.94031686
test_08828,0.99374229
test_08829,0.40182653
test_08830,0.96362245
test_08831,0.79263061
test_08832,0.00000139
test_08833,0.99990571
test_08834,0.05415712
test_08835,0.35118267
test_08836,0.43753621
test_08837,0.99751943
test_08838,0.49066845
test_08839,0.99997532
test_08840,0.41098231
test_08841,0.99748433
test_08842,0.02899183
test_08843,0.99761319
test_08844,0.00089759
test_08845,0.00919376
test_08846,0.99810338
test_08847,0.97665602
test_08848,0.77488393
test_08849,0.63561213
test_08850,0.84029239
test_08851,0.30626607
test_08852,0.11246680
test_08853,0.99999571
test_08854,0.22710407
test_08855,0.58230782
test_08856,0.76476210
test_08857,0.99678481
test_08858,0.99983203
test_08859,0.00000136
test_08860,0.86750126
test_08861,0.99749750
test_08862,0.03418948
test_08863,0.00424227
test_08864,0.66895229
test_08865,0.20331401
test_08866,0.91012722
test_08867,0.66140562
test_08868,0.00010494
test_08869,0.71158284
test_08870,0.99966049
test_08871,0.99999106
test_08872,0.14844415
test_08873,0.99551940
test_08874,0.00007372
test_08875,0.26330477
test_08876,0.99946648
test_08877,0.91778165
test_08878,0.95947826
test_08879,0.93169552
test_08880,0.31958061
test_08881,0.99142063
test_08882,0.02641523
test_08883,0.05616726
test_08884,0.46819595
test_08885,0.15466981
test_08886,0.00000221
test_08887,0.00727574
test_08888,0.27954969
test_08889,0.99999905
test_08890,0.31998214
test_08891,0.28743893
test_08892,0.45920083
test_08893,0.00002601
test_08894,0.94914508
test_08895,0.13806792
test_08896,0.99999738
test_08897,0.00248167
test_08898,0.82179248
test_08899,0.02709465
test_08900,0.99857283
test_08901,0.99995577
test_08902,0.86819160
test_08903,0.84570289
test_08904,0.99147296
test_08905,0.99996209
test_08906,0.95440555
test_08907,0.99989915
test_08908,0.99883085
test_08909,0.37244308
test_08910,0.00003553
test_08911,1.00000000
test_08912,0.00009487
test_08913,0.00081302
test_08914,0.00032166
test_08915,0.74247527
test_08916,0.97310525
test_08917,0.95681065
test_08918,0.99999571
test_08919,0.99496472
test_08920,0.00001067
test_08921,0.75871068
test_08922,0.10335879
test_08923,0.87383401
test_08924,0.99999988
test_08925,0.99928111
test_08926,0.00152188
test_08927,0.79907578
test_08928,0.00004993
test_08929,0.77535075
test_08930,0.99414718
test_08931,0.01327484
test_08932,0.53740972
test_08933,0.99183160
test_08934,0.65847397
test_08935,0.99832362
test_08936,0.99643540
test_08937,0.64674759
test_08938,0.98553431
test_08939,0.00001104
test_08940,0.00000001
test_08941,0.82232732
test_08942,0.45946997
test_08943,0.99997401
test_08944,0.87271833
test_08945,0.99987364
test_08946,0.99011070
test_08947,0.88259524
test_08948,0.05491564
test_08949,0.01049669
test_08950,0.03478341
test_08951,0.99939835
test_08952,0.98875087
test_08953,0.94889271
test_08954,0.99731654
test_08955,0.99825126
test_08956,0.90459424
test_08957,0.00004618
test_08958,0.00160276
test_08959,0.27914116
test_08960,0.72460669
test_08961,0.00138262
test_08962,0.22136612
test_08963,0.01354943
test_08964,0.00495184
test_08965,0.00055605
test_08966,0.93085682
test_08967,0.00211946
test_08968,0.99999702
test_08969,0.21990821
test_08970,0.99997604
test_08971,0.00007950
test_08972,0.00191636
test_08973,0.99974173
test_08974,0.55164742
test_08975,0.24790828
test_08976,0.00130761
test_08977,0.98439759
test_08978,0.01149145
test_08979,0.94509029
test_08980,0.99384719
test_08981,0.76924407
test_08982,0.40889397
test_08983,0.08352225
test_08984,0.24449216
test_08985,0.01933021
test_08986,0.99791175
test_08987,0.00078612
test_08988,0.05532325
test_08989,0.99992943
test_08990,0.00000028
test_08991,0.00000460
test_08992,0.22376354
test_08993,0.32014227
test_08994,1.00000000
test_08995,0.00000680
test_08996,1.00000000
test_08997,0.92824948
test_08998,0.98319411
test_08999,0.93195242
test_09000,0.99999821
test_09001,0.03584633
test_09002,0.06620707
test_09003,0.88119841
test_09004,0.04351865
test_09005,0.99999976
test_09006,0.99441034
test_09007,0.93596399
test_09008,0.36827600
test_09009,0.56149805
test_09010,0.98918474
test_09011,0.00000005
test_09012,0.74438220
test_09013,0.98653620
test_09014,0.73351294
test_09015,0.96563160
test_09016,0.99417949
test_09017,0.98914778
test_09018,0.99999774
test_09019,0.99461585
test_09020,0.00171879
test_09021,0.19944423
test_09022,0.98665476
test_09023,0.03793722
test_09024,0.69143349
test_09025,0.99999857
test_09026,0.99999940
test_09027,0.28157592
test_09028,0.11267821
test_09029,0.00054040
test_09030,0.99993324
test_09031,0.00281064
test_09032,0.99998808
test_09033,0.87809283
test_09034,0.44879487
test_09035,0.03240756
test_09036,0.01931265
test_09037,0.00890233
test_09038,0.00000000
test_09039,0.00048067
test_09040,0.56498826
test_09041,0.02481834
test_09042,0.99985731
test_09043,0.02655438
test_09044,0.56029683
test_09045,0.00370319
test_09046,0.36184901
test_09047,0.08825763
test_09048,0.29515707
test_09049,0.99997020
test_09050,0.18606080
test_09051,0.98707992
test_09052,0.99800915
test_09053,0.57272410
test_09054,0.91553324
test_09055,0.10717402
test_09056,0.02882419
test_09057,0.00120492
test_09058,0.99055415
test_09059,0.01260871
test_09060,0.34291580
test_09061,0.02745299
test_09062,0.29402229
test_09063,0.99828440
test_09064,0.18368489
test_09065,0.99972683
test_09066,0.39906913
test_09067,0.99981922
test_09068,0.00068380
test_09069,0.04752386
test_09070,0.01024599
test_09071,0.25021049
test_09072,0.99950099
test_09073,0.99995852
test_09074,0.94901013
test_09075,0.98023659
test_09076,0.99340069
test_09077,0.99664092
test_09078,0.93817478
test_09079,0.98928928
test_09080,0.99962759
test_09081,0.92301148
test_09082,0.00036364
test_09083,0.98929989
test_09084,0.00001407
test_09085,0.99469769
test_09086,0.99966896
test_09087,0.00006889
test_09088,0.01068525
test_09089,0.99920768
test_09090,0.86122131
test_09091,0.00058357
test_09092,0.00725730
test_09093,0.02611697
test_09094,0.99903107
test_09095,0.99991322
test_09096,0.00000377
test_09097,0.59415388
test_09098,0.97057849
test_09099,0.25403008
test_09100,0.36911678
test_09101,0.49714828
test_09102,0.00544036
test_09103,0.00016462
test_09104,0.99998939
test_09105,0.98788983
test_09106,0.28859976
test_09107,0.02923268
test_09108,0.99781704
test_09109,0.00054169
test_09110,0.99800819
test_09111,0.99999988
test_09112,0.97738546
test_09113,0.99810082
test_09114,0.03649527
test_09115,0.34467301
test_09116,0.96894610
test_09117,0.00483576
test_09118,0.99999893
test_09119,0.40216112
test_09120,0.98713595
test_09121,0.99938464
test_09122,0.99999928
test_09123,0.00079261
test_09124,0.15984899
test_09125,0.99205118
test_09126,0.00507240
test_09127,0.79131782
test_09128,0.37391564
test_09129,0.09128831
test_09130,0.00017826
test_09131,0.24877501
test_09132,0.45683217
test_09133,0.00176564
test_09134,0.00112579
test_09135,0.99720830
test_09136,0.99998546
test_09137,0.98959714
test_09138,0.94260323
test_09139,0.69885349
test_09140,0.99998963
test_09141,0.32803389
test_09142,0.00000955
test_09143,0.24029312
test_09144,0.99742573
test_09145,0.89943796
test_09146,0.04222421
test_09147,0.58557051
test_09148,0.00002929
test_09149,0.85276783
test_09150,0.01088127
test_09151,0.00164002
test_09152,0.00730452
test_09153,0.53673220
test_09154,0.97890717
test_09155,0.07093472
test_09156,0.28436002
test_09157,0.00001152
test_09158,0.97472703
test_09159,0.69066370
test_09160,0.99214739
test_09161,0.99999881
test_09162,0.02155985
test_09163,1.00000000
test_09164,0.52604735
test_09165,0.19140236
test_09166,0.94220018
test_09167,0.18961339
test_09168,0.99857318
test_09169,0.99217343
test_09170,0.74362701
test_09171,0.03717060
test_09172,0.99998653
test_09173,0.99863261
test_09174,0.01351713
test_09175,0.00002042
test_09176,0.94886422
test_09177,0.79644412
test_09178,0.91838253
test_09179,0.51260203
test_09180,0.55243284
test_09181,0.01024342
test_09182,0.98309064
test_09183,0.00267684
test_09184,0.05444960
test_09185,0.56493443
test_09186,0.26292852
test_09187,0.99484706
test_09188,0.28806090
test_09189,0.01579113
test_09190,0.99953437
test_09191,0.97663462
test_09192,0.00004598
test_09193,0.99992597
test_09194,0.50538248
test_09195,0.97392875
test_09196,0.99787724
test_09197,0.71786761
test_09198,0.32123086
test_09199,0.99998140
test_09200,0.00010365
test_09201,0.96601695
test_09202,0.48316556
test_09203,0.99942493
test_09204,0.99193442
test_09205,0.44628212
test_09206,0.97495419
test_09207,0.00029622
test_09208,0.29690620
test_09209,0.00000139
test_09210,0.06503049
test_09211,0.97430056
test_09212,0.00162818
test_09213,0.99999571
test_09214,0.92865217
test_09215,0.69405407
test_09216,0.45050403
test_09217,0.97997093
test_09218,0.99999583
test_09219,0.58629835
test_09220,0.09335471
test_09221,0.27008799
test_09222,0.00370581
test_09223,0.31271771
test_09224,0.85953915
test_09225,0.99955839
test_09226,0.99999905
test_09227,0.00000057
test_09228,0.00268874
test_09229,0.09150573
test_09230,0.95260930
test_09231,0.11892756
test_09232,0.00138627
test_09233,0.00022833
test_09234,0.99989510
test_09235,0.00000002
test_09236,0.00008368
test_09237,0.99913138
test_09238,0.99982637
test_09239,0.40291682
test_09240,0.00000823
test_09241,0.18112142
test_09242,0.88048935
test_09243,0.00380937
test_09244,0.52351618
test_09245,0.99999225
test_09246,0.99550003
test_09247,0.13674414
test_09248,0.00120794
test_09249,0.99997723
test_09250,0.00000052
test_09251,0.00321799
test_09252,0.00002068
test_09253,0.99736303
test_09254,0.92980403
test_09255,0.28071877
test_09256,0.99942756
test_09257,0.22772650
test_09258,0.54602379
test_09259,0.99908757
test_09260,0.15455586
test_09261,0.16562553
test_09262,0.99651635
test_09263,0.42354146
test_09264,0.62446105
test_09265,0.90092885
test_09266,0.96279925
test_09267,0.99409384
test_09268,0.99845910
test_09269,0.50790757
test_09270,0.00170328
test_09271,0.88534307
test_09272,0.95907784
test_09273,0.99997282
test_09274,0.04900975
test_09275,0.00000022
test_09276,0.82144833
test_09277,0.74798065
test_09278,0.00400361
test_09279,0.00000105
test_09280,0.32271436
test_09281,0.13967393
test_09282,0.00031899
test_09283,0.33663008
test_09284,0.99976474
test_09285,0.26670164
test_09286,0.00945463
test_09287,0.98239005
test_09288,0.78821409
test_09289,0.64753592
test_09290,0.00001169
test_09291,0.99984872
test_09292,0.95977277
test_09293,0.00000002
test_09294,0.00018560
test_09295,0.11615630
test_09296,0.00174631
test_09297,0.96412867
test_09298,0.99290401
test_09299,0.00000379
test_09300,0.00109190
test_09301,0.00032305
test_09302,0.94469362
test_09303,0.95574486
test_09304,0.26222306
test_09305,0.99422497
test_09306,0.00000050
test_09307,0.09464742
test_09308,0.01339185
test_09309,0.43637368
test_09310,0.54220194
test_09311,0.84873396
test_09312,0.95121163
test_09313,0.02474852
test_09314,0.00000001
test_09315,0.00402684
test_09316,0.83727247
test_09317,0.99557257
test_09318,0.96880990
test_09319,0.11013267
test_09320,0.99856263
test_09321,0.08947506
test_09322,0.99992228
test_09323,0.25122917
test_09324,0.97357845
test_09325,1.00000000
test_09326,0.47953147
test_09327,0.02543078
test_09328,0.74978143
test_09329,0.53804505
test_09330,0.17022026
test_09331,1.00000000
test_09332,0.00003193
test_09333,0.92424619
test_09334,0.99799627
test_09335,0.83120078
test_09336,0.00000073
test_09337,0.12671651
test_09338,0.13303554
test_09339,0.00004305
test_09340,0.62194687
test_09341,0.00000243
test_09342,0.26932383
test_09343,0.00000739
test_09344,0.89999956
test_09345,0.41078618
test_09346,0.73794812
test_09347,0.00004590
test_09348,0.70133454
test_09349,0.97143787
test_09350,0.99804062
test_09351,0.99992955
test_09352,0.00552623
test_09353,0.01226386
test_09354,0.99981207
test_09355,0.99991906
test_09356,0.97582573
test_09357,0.98201764
test_09358,0.00278659
test_09359,0.03498957
test_09360,0.00319675
test_09361,0.71952891
test_09362,0.03870227
test_09363,0.99349058
test_09364,0.00031749
test_09365,0.14266312
test_09366,0.51916116
test_09367,0.83689904
test_09368,0.48485819
test_09369,0.89081526
test_09370,0.25151566
test_09371,0.00463095
test_09372,0.97630626
test_09373,0.00000462
test_09374,1.00000000
test_09375,0.43831915
test_09376,0.01094284
test_09377,0.01374557
test_09378,0.87660837
test_09379,1.00000000
test_09380,0.01410948
test_09381,0.83741075
test_09382,0.99826318
test_09383,0.93642253
test_09384,0.00002028
test_09385,0.98580092
test_09386,0.99999368
test_09387,0.98395902
test_09388,0.99074650
test_09389,0.90605950
test_09390,0.80995435
test_09391,0.24123637
test_09392,0.01966461
test_09393,0.06132827
test_09394,0.99273247
test_09395,0.57366830
test_09396,0.99786794
test_09397,0.00282689
test_09398,0.94654948
test_09399,0.00067105
test_09400,0.61223209
test_09401,0.29019150
test_09402,0.99507880
test_09403,0.03187824
test_09404,0.34580779
test_09405,0.03151355
test_09406,0.42548728
test_09407,0.79106581
test_09408,0.03910315
test_09409,0.13273549
test_09410,0.99443096
test_09411,0.99997079
test_09412,0.57635450
test_09413,0.91615367
test_09414,0.00000000
test_09415,0.99989450
test_09416,0.99961936
test_09417,0.00013224
test_09418,0.96927768
test_09419,0.30284053
test_09420,0.89322126
test_09421,0.00355925
test_09422,0.03050219
test_09423,0.44293550
test_09424,0.98095727
test_09425,0.99043989
test_09426,0.19736250
test_09427,0.00267886
test_09428,0.07576985
test_09429,0.98750162
test_09430,0.99183464
test_09431,0.99629754
test_09432,0.02164959
test_09433,0.43912143
test_09434,0.99999452
test_09435,0.69833046
test_09436,0.49966908
test_09437,0.00073714
test_09438,0.95685577
test_09439,0.00735265
test_09440,0.96258169
test_09441,0.00396108
test_09442,0.00000489
test_09443,0.99814224
test_09444,0.99614394
test_09445,0.75384992
test_09446,0.11816128
test_09447,0.15876922
test_09448,0.61255282
test_09449,0.60548985
test_09450,0.99999678
test_09451,0.09474084
test_09452,0.98265487
test_09453,0.99993277
test_09454,0.25526461
test_09455,0.99999988
test_09456,0.98996079
test_09457,0.01480173
test_09458,0.03122585
test_09459,0.99058259
test_09460,0.99988091
test_09461,0.92381227
test_09462,0.29841593
test_09463,0.12616450
test_09464,0.19104178
test_09465,0.99998689
test_09466,0.00006794
test_09467,0.99981803
test_09468,0.29224452
test_09469,0.04376749
test_09470,0.99999857
test_09471,0.65025306
test_09472,0.99701631
test_09473,0.00005148
test_09474,0.95776439
test_09475,0.41233110
test_09476,0.91094071
test_09477,0.85951298
test_09478,0.00000129
test_09479,0.90793389
test_09480,0.02377847
test_09481,0.00081154
test_09482,0.00875577
test_09483,0.99704808
test_09484,0.02415530
test_09485,0.01319216
test_09486,0.84924495
test_09487,0.99985540
test_09488,0.00176341
test_09489,0.24199444
test_09490,0.00130921
test_09491,0.00069582
test_09492,0.99909484
test_09493,0.24274850
test_09494,0.48843992
test_09495,0.39573145
test_09496,0.00064694
test_09497,0.00017344
test_09498,0.99885988
test_09499,0.55587661
test_09500,0.99570233
test_09501,0.99693894
test_09502,0.00200808
test_09503,0.03084667
test_09504,0.12799908
test_09505,0.96604061
test_09506,0.65353602
test_09507,0.96638048
test_09508,1.00000000
test_09509,0.04685690
test_09510,0.12102316
test_09511,0.00000044
test_09512,0.00049671
test_09513,0.94019902
test_09514,0.99999905
test_09515,0.00950187
test_09516,0.21453501
test_09517,0.78465307
test_09518,0.00014200
test_09519,0.99999940
test_09520,0.71453661
test_09521,0.99997246
test_09522,0.78842050
test_09523,0.00004348
test_09524,0.59848052
test_09525,0.99998116
test_09526,0.99999845
test_09527,0.09661749
test_09528,0.00000205
test_09529,0.99959701
test_09530,0.54546458
test_09531,0.18130806
test_09532,0.00945523
test_09533,0.97846699
test_09534,0.99855846
test_09535,0.03919313
test_09536,0.00016116
test_09537,0.37927118
test_09538,0.00115308
test_09539,0.99005985
test_09540,0.04591035
test_09541,0.14295709
test_09542,0.00000943
test_09543,0.93831813
test_09544,0.92172283
test_09545,0.99884146
test_09546,0.00017764
test_09547,0.00004504
test_09548,0.00104771
test_09549,0.25671625
test_09550,0.00000005
test_09551,0.02580091
test_09552,0.96535784
test_09553,0.00008595
test_09554,0.00033109
test_09555,0.00179429
test_09556,0.53256994
test_09557,0.56170756
test_09558,0.85844511
test_09559,0.98522180
test_09560,0.01881303
test_09561,0.00298791
test_09562,0.99999988
test_09563,0.00684706
test_09564,0.97172719
test_09565,0.99995780
test_09566,0.01105229
test_09567,0.99769849
test_09568,0.99982232
test_09569,0.00064606
test_09570,0.00573226
test_09571,0.54909050
test_09572,0.00032853
test_09573,0.42528173
test_09574,0.99945074
test_09575,0.24542701
test_09576,0.00043087
test_09577,0.00705261
test_09578,0.00700645
test_09579,0.96107638
test_09580,0.72864515
test_09581,0.98377359
test_09582,0.84075361
test_09583,0.01842042
test_09584,0.99999046
test_09585,0.42546377
test_09586,0.41030675
test_09587,0.01943479
test_09588,0.99998522
test_09589,0.68757355
test_09590,0.99935478
test_09591,0.99813867
test_09592,0.64810658
test_09593,0.13983643
test_09594,0.99938869
test_09595,0.86295635
test_09596,0.99934155
test_09597,0.99998951
test_09598,0.81095850
test_09599,0.16978285
test_09600,0.35019347
test_09601,0.00972523
test_09602,0.27499303
test_09603,0.00522312
test_09604,0.03881002
test_09605,0.41035292
test_09606,0.28165144
test_09607,0.00982924
test_09608,0.00022196
test_09609,0.99994636
test_09610,0.99881196
test_09611,0.29646647
test_09612,0.99998677
test_09613,0.04905706
test_09614,0.20943025
test_09615,0.02964406
test_09616,0.00039368
test_09617,0.99701500
test_09618,0.81535673
test_09619,0.12785278
test_09620,0.99955422
test_09621,0.99993324
test_09622,0.00000015
test_09623,0.99967706
test_09624,0.01145379
test_09625,0.99988043
test_09626,0.99999988
test_09627,0.09159803
test_09628,0.00804297
test_09629,0.99947113
test_09630,0.02369372
test_09631,0.00009185
test_09632,0.02368247
test_09633,0.96249348
test_09634,0.00007568
test_09635,0.04578272
test_09636,0.00006529
test_09637,0.55074614
test_09638,0.01870328
test_09639,0.99596643
test_09640,0.00067930
test_09641,0.52532834
test_09642,0.14196651
test_09643,0.06357956
test_09644,0.04435720
test_09645,0.98957551
test_09646,0.00533972
test_09647,0.00506364
test_09648,0.52273071
test_09649,0.00000005
test_09650,0.99840015
test_09651,0.02028441
test_09652,0.37172905
test_09653,0.98450065
test_09654,0.00661880
test_09655,0.71863478
test_09656,0.99943012
test_09657,0.01472912
test_09658,0.00075997
test_09659,0.98481607
test_09660,0.99404043
test_09661,0.99952185
test_09662,0.22333996
test_09663,0.99952388
test_09664,0.47438058
test_09665,0.00630437
test_09666,0.96213770
test_09667,0.00005694
test_09668,0.02317975
test_09669,0.98644894
test_09670,0.09611940
test_09671,0.00011087
test_09672,0.89825714
test_09673,0.05783716
test_09674,0.01055897
test_09675,0.00231025
test_09676,0.88961917
test_09677,0.15916988
test_09678,0.99998295
test_09679,0.80189550
test_09680,0.99969339
test_09681,0.97145665
test_09682,0.00770085
test_09683,0.03647238
test_09684,0.92263585
test_09685,0.19816640
test_09686,0.00013250
test_09687,0.25014496
test_09688,0.19246577
test_09689,0.00040756
test_09690,0.99903905
test_09691,0.78848541
test_09692,0.69285458
test_09693,0.21192901
test_09694,0.95490009
test_09695,0.06346113
test_09696,0.23805311
test_09697,0.97077912
test_09698,0.99084210
test_09699,0.60066289
test_09700,0.99190992
test_09701,0.22995566
test_09702,0.97469443
test_09703,0.99158549
test_09704,0.95717978
test_09705,0.99881291
test_09706,0.16677897
test_09707,0.99991953
test_09708,0.45518878
test_09709,0.02881226
test_09710,0.06546907
test_09711,0.00005647
test_09712,0.00704753
test_09713,0.99999845
test_09714,0.89990127
test_09715,0.06097941
test_09716,0.59020025
test_09717,0.99180400
test_09718,0.97280723
test_09719,0.00221180
test_09720,0.00281952
test_09721,0.10786214
test_09722,0.81717014
test_09723,0.95811957
test_09724,0.51088119
test_09725,0.99990606
test_09726,0.03034255
test_09727,0.98668957
test_09728,0.00019889
test_09729,0.08479578
test_09730,0.99949753
test_09731,0.00252200
test_09732,0.31321234
test_09733,0.30452719
test_09734,0.00000001
test_09735,0.02726061
test_09736,0.00001267
test_09737,0.99992955
test_09738,0.00536468
test_09739,0.18836467
test_09740,0.02920225
test_09741,0.20247109
test_09742,0.01829682
test_09743,0.91003954
test_09744,0.99984670
test_09745,0.45164558
test_09746,0.99990201
test_09747,0.99856865
test_09748,0.81424195
test_09749,0.99999821
test_09750,1.00000000
test_09751,0.85724074
test_09752,0.58426434
test_09753,0.92624414
test_09754,0.07770742
test_09755,0.13238446
test_09756,0.63093513
test_09757,0.44997457
test_09758,0.98199469
test_09759,0.98669457
test_09760,0.00007028
test_09761,0.00325593
test_09762,0.02470488
test_09763,0.99619126
test_09764,0.36208907
test_09765,0.00000626
test_09766,0.71772379
test_09767,0.00186698
test_09768,0.94732958
test_09769,0.00001077
test_09770,0.39136612
test_09771,0.80120808
test_09772,0.99885416
test_09773,0.99991822
test_09774,0.81158048
test_09775,0.00271586
test_09776,0.72497720
test_09777,0.44288382
test_09778,0.01202079
test_09779,0.99678612
test_09780,0.00046715
test_09781,0.00035461
test_09782,1.00000000
test_09783,0.99832696
test_09784,0.01210760
test_09785,0.99142623
test_09786,0.00001741
test_09787,0.38252738
test_09788,0.70515484
test_09789,0.75569510
test_09790,0.00123107
test_09791,0.61079454
test_09792,0.13444841
test_09793,0.98701859
test_09794,0.00012129
test_09795,0.01320620
test_09796,0.00002587
test_09797,0.00047359
test_09798,0.99999249
test_09799,0.99972707
test_09800,0.96775478
test_09801,0.00284357
test_09802,0.99925917
test_09803,0.99126422
test_09804,0.97515148
test_09805,0.99999130
test_09806,0.99856949
test_09807,0.99999976
test_09808,0.37796327
test_09809,0.00400318
test_09810,0.99999702
test_09811,0.08238554
test_09812,0.28309172
test_09813,0.00692501
test_09814,0.23574087
test_09815,0.00209727
test_09816,0.68381703
test_09817,0.92161632
test_09818,0.99992383
test_09819,0.89088267
test_09820,0.95143747
test_09821,0.00005811
test_09822,0.99997604
test_09823,1.00000000
test_09824,0.99998176
test_09825,0.99994564
test_09826,1.00000000
test_09827,0.99387062
test_09828,0.99243391
test_09829,0.14975908
test_09830,0.99999988
test_09831,0.99998569
test_09832,0.94841391
test_09833,0.99997234
test_09834,0.97384697
test_09835,0.00000180
test_09836,0.92261070
test_09837,0.99959964
test_09838,0.99822229
test_09839,0.94948912
test_09840,0.82201022
test_09841,0.99994957
test_09842,0.01655784
test_09843,0.97335446
test_09844,0.20891601
test_09845,0.84269887
test_09846,0.99310392
test_09847,0.01128644
test_09848,0.04307774
test_09849,0.99997234
test_09850,0.94454104
test_09851,0.92859727
test_09852,0.93957013
test_09853,0.85710663
test_09854,0.55804807
test_09855,0.00001120
test_09856,0.00364952
test_09857,0.95365989
test_09858,0.94603705
test_09859,0.00036536
test_09860,0.08355546
test_09861,0.99989998
test_09862,0.15131460
test_09863,0.99998820
test_09864,0.99792093
test_09865,0.01366947
test_09866,0.48148921
test_09867,0.00736899
test_09868,0.99977380
test_09869,0.92440873
test_09870,0.48284495
test_09871,0.00003718
test_09872,0.74345171
test_09873,0.99983275
test_09874,0.22891346
test_09875,1.00000000
test_09876,0.99949634
test_09877,0.26152346
test_09878,0.00059598
test_09879,0.01483867
test_09880,0.00295422
test_09881,0.99998891
test_09882,0.44523531
test_09883,0.12547013
test_09884,0.87079901
test_09885,0.97681260
test_09886,0.44478285
test_09887,0.59242910
test_09888,0.77447140
test_09889,0.64975548
test_09890,0.00324265
test_09891,0.00000048
test_09892,0.99975771
test_09893,0.00706928
test_09894,0.97989148
test_09895,0.00000678
test_09896,0.32954782
test_09897,0.91374713
test_09898,0.98665667
test_09899,0.84168589
test_09900,0.00211877
test_09901,0.00214780
test_09902,0.96551293
test_09903,0.00011955
test_09904,0.00007232
test_09905,0.99999845
test_09906,0.99522603
test_09907,0.99423641
test_09908,0.00000428
test_09909,0.01888489
test_09910,0.01738725
test_09911,0.97954708
test_09912,0.05390415
test_09913,0.45221981
test_09914,0.71183324
test_09915,0.58487964
test_09916,0.96370858
test_09917,0.19420023
test_09918,0.93740064
test_09919,0.00019125
test_09920,0.04416725
test_09921,0.97147727
test_09922,0.06326365
test_09923,0.28415364
test_09924,0.89131922
test_09925,0.99933261
test_09926,0.94742370
test_09927,0.07481279
test_09928,0.04099284
test_09929,0.99790800
test_09930,0.99989355
test_09931,0.69469815
test_09932,0.99997485
test_09933,0.00503785
test_09934,0.00361246
test_09935,0.77118587
test_09936,0.99981850
test_09937,0.99646497
test_09938,0.99902093
test_09939,0.35508198
test_09940,0.70407516
test_09941,0.99999559
test_09942,0.25166801
test_09943,0.84245759
test_09944,0.99411446
test_09945,0.99902999
test_09946,0.00002022
test_09947,0.99980646
test_09948,0.97179979
test_09949,0.00256234
test_09950,0.00003241
test_09951,0.99878091
test_09952,0.90555054
test_09953,0.00485525
test_09954,0.02278632
test_09955,0.02180985
test_09956,0.99999535
test_09957,0.00000790
test_09958,0.77552146
test_09959,0.43438733
test_09960,0.99998140
test_09961,0.45193380
test_09962,0.99883813
test_09963,0.98891151
test_09964,0.03159790
test_09965,0.00000398
test_09966,0.99997473
test_09967,0.00004024
test_09968,0.08982750
test_09969,0.69137079
test_09970,0.03360939
test_09971,0.00044622
test_09972,0.32084623
test_09973,0.63330609
test_09974,0.99996936
test_09975,0.00069051
test_09976,0.99982065
test_09977,0.00202114
test_09978,0.85374552
test_09979,0.65793407
test_09980,0.61039132
test_09981,0.99380141
test_09982,0.99970669
test_09983,0.55718577
test_09984,0.00034381
test_09985,0.00253919
test_09986,0.93825662
test_09987,0.00051733
test_09988,0.99997342
test_09989,0.76371896
test_09990,0.62551510
test_09991,0.94639599
test_09992,0.12001687
test_09993,0.00093491
test_09994,0.99819982
test_09995,0.99999619
test_09996,0.99999952
test_09997,0.01529614
test_09998,0.29882249
test_09999,0.99392104
test_10000,0.71668983
test_10001,0.99998271
test_10002,0.99993718
test_10003,0.99777138
test_10004,0.99983370
test_10005,0.00004148
test_10006,0.99525058
test_10007,0.56751227
test_10008,0.94315177
test_10009,0.00000001
test_10010,0.99998951
test_10011,0.95637774
test_10012,0.00137823
test_10013,0.31568828
test_10014,0.00038994
test_10015,0.03895741
test_10016,0.82294601
test_10017,0.99517292
test_10018,0.99807525
test_10019,0.16128735
test_10020,0.00002523
test_10021,0.00013153
test_10022,0.00478060
test_10023,0.00000031
test_10024,0.99999666
test_10025,0.00000007
test_10026,0.98506123
test_10027,0.11060394
test_10028,0.00142830
test_10029,0.49122101
test_10030,0.86747658
test_10031,0.02142974
test_10032,0.00010218
test_10033,0.58246386
test_10034,0.21397546
test_10035,0.01704522
test_10036,0.00043245
test_10037,0.99971610
test_10038,1.00000000
test_10039,0.22746763
test_10040,0.99511766
test_10041,0.55127388
test_10042,0.01155047
test_10043,0.99117821
test_10044,0.97796077
test_10045,0.68863851
test_10046,0.99877280
test_10047,0.98689306
test_10048,0.46274021
test_10049,0.99997008
test_10050,0.99988854
test_10051,0.07023513
test_10052,0.99299508
test_10053,0.45346802
test_10054,0.99095005
test_10055,0.00013418
test_10056,0.88870066
test_10057,0.85995448
test_10058,0.31038463
test_10059,0.99878186
test_10060,0.98955160
test_10061,0.20020001
test_10062,0.00000336
test_10063,0.99996936
test_10064,0.03383452
test_10065,0.00275850
test_10066,0.98759800
test_10067,0.86218816
test_10068,0.00106329
test_10069,0.40250415
test_10070,0.00066570
test_10071,0.99951339
test_10072,0.01020242
test_10073,0.57676202
test_10074,0.00016241
test_10075,0.92536360
test_10076,0.00000581
test_10077,0.13831411
test_10078,0.00006155
test_10079,0.35246950
test_10080,0.07831720
test_10081,0.19463661
test_10082,0.99978453
test_10083,0.99999893
test_10084,0.73459905
test_10085,0.03735178
test_10086,0.99760097
test_10087,0.99898106
test_10088,0.78136116
test_10089,0.10818002
test_10090,0.99997413
test_10091,0.99532676
test_10092,0.87106270
test_10093,0.99590671
test_10094,0.00909934
test_10095,0.90914589
test_10096,0.09251677
test_10097,0.99999654
test_10098,0.00608265
test_10099,0.02210120
test_10100,1.00000000
test_10101,0.99181378
test_10102,0.00000114
test_10103,0.00062035
test_10104,0.96822429
test_10105,0.99996412
test_10106,0.00180026
test_10107,0.00015245
test_10108,0.99997509
test_10109,0.04976908
test_10110,0.00000556
test_10111,0.06857542
test_10112,0.00493525
test_10113,0.64396137
test_10114,0.31073055
test_10115,0.00053399
test_10116,0.00000010
test_10117,0.03267299
test_10118,0.75894356
test_10119,0.99927598
test_10120,0.18175317
test_10121,0.94179523
test_10122,0.04285210
test_10123,0.42464474
test_10124,0.86741865
test_10125,0.01231437
test_10126,0.01647518
test_10127,0.00003603
test_10128,0.73434949
test_10129,0.99387074
test_10130,0.37856016
test_10131,0.00018165
test_10132,0.00612449
test_10133,0.00046022
test_10134,0.99483716
test_10135,0.00588177
test_10136,0.00503399
test_10137,0.00012758
test_10138,0.78081024
test_10139,0.01124641
test_10140,0.00000000
test_10141,0.00093596
test_10142,0.00005813
test_10143,0.06716462
test_10144,0.30919835
test_10145,0.00591754
test_10146,0.00155115
test_10147,0.99992824
test_10148,0.99215406
test_10149,0.69181967
test_10150,0.86343867
test_10151,0.00000118
test_10152,0.02030761
test_10153,0.99994862
test_10154,0.99983191
test_10155,0.57471377
test_10156,0.99934393
test_10157,0.24299137
test_10158,0.00000002
test_10159,0.40414509
test_10160,0.00104366
test_10161,0.91465724
test_10162,0.53433341
test_10163,0.92648506
test_10164,0.01383408
test_10165,0.00144025
test_10166,0.99992490
test_10167,0.86943763
test_10168,0.97873062
test_10169,0.99579275
test_10170,0.00006712
test_10171,0.00002391
test_10172,0.90499467
test_10173,0.99988425
test_10174,0.99991298
test_10175,0.73242295
test_10176,0.00000656
test_10177,0.00406475
test_10178,0.82126683
test_10179,0.00651544
test_10180,0.65643555
test_10181,0.00479713
test_10182,0.99999273
test_10183,0.00022282
test_10184,0.65108341
test_10185,0.90743893
test_10186,0.15382697
test_10187,0.99995232
test_10188,1.00000000
test_10189,0.94515109
test_10190,0.99998081
test_10191,0.71171236
test_10192,0.00001495
test_10193,0.06991886
test_10194,0.02935952
test_10195,0.51857632
test_10196,0.01900357
test_10197,0.98590130
test_10198,0.00366815
test_10199,0.00000002
test_10200,0.30467868
test_10201,0.01818689
test_10202,0.91416425
test_10203,0.99547994
test_10204,0.02707125
test_10205,0.17870446
test_10206,0.99380201
test_10207,0.00003226
test_10208,0.87668449
test_10209,1.00000000
test_10210,0.99939084
test_10211,0.01143959
test_10212,1.00000000
test_10213,0.00001303
test_10214,0.09837212
test_10215,0.04495461
test_10216,0.89881307
test_10217,0.92301267
test_10218,0.99965072
test_10219,0.96440756
test_10220,0.95765942
test_10221,0.58632994
test_10222,0.99999976
test_10223,0.96624738
test_10224,0.89247614
test_10225,0.00757168
test_10226,0.18050086
test_10227,0.01986790
test_10228,0.88257855
test_10229,0.38383672
test_10230,0.01045099
test_10231,0.91605711
test_10232,0.96019357
test_10233,0.99206662
test_10234,0.00000242
test_10235,0.90726632
test_10236,0.36611259
test_10237,0.98476088
test_10238,0.00020125
test_10239,0.95038903
test_10240,0.99929714
test_10241,0.15228640
test_10242,0.99909687
test_10243,0.94073051
test_10244,0.32049257
test_10245,0.67591274
test_10246,0.99998009
test_10247,0.88217211
test_10248,0.91137749
test_10249,0.27965665
test_10250,0.79528403
test_10251,0.94439274
test_10252,0.04498654
test_10253,0.99166733
test_10254,0.42210117
test_10255,0.00108496
test_10256,0.99531353
test_10257,0.34137619
test_10258,0.76298928
test_10259,0.06414142
test_10260,0.04420817
test_10261,0.99720418
test_10262,0.18943574
test_10263,0.99942601
test_10264,0.85296810
test_10265,0.00184600
test_10266,0.03479169
test_10267,0.99997365
test_10268,0.99949813
test_10269,0.95184112
test_10270,0.00203981
test_10271,0.00000270
test_10272,0.00028030
test_10273,0.45707130
test_10274,0.69186229
test_10275,0.99939227
test_10276,0.99999011
test_10277,0.99898762
test_10278,0.99639040
test_10279,0.14503317
test_10280,0.94629329
test_10281,0.00491728
test_10282,0.04850940
test_10283,0.00150223
test_10284,0.82334352
test_10285,0.69201827
test_10286,0.14428857
test_10287,0.19573705
test_10288,0.99960583
test_10289,0.97176480
test_10290,0.98936594
test_10291,0.73666716
test_10292,0.74682575
test_10293,0.99976832
test_10294,0.70194936
test_10295,0.51315027
test_10296,0.99996555
test_10297,0.04093562
test_10298,0.00009006
test_10299,0.09275815
test_10300,0.04243628
test_10301,0.01130470
test_10302,0.99895561
test_10303,0.63232958
test_10304,0.95190871
test_10305,0.78730214
test_10306,0.01297903
test_10307,0.05840513
test_10308,0.31047755
test_10309,0.63374007
test_10310,0.03183388
test_10311,0.69534940
test_10312,0.00622673
test_10313,0.65061504
test_10314,0.99770075
test_10315,0.00000644
test_10316,0.99780720
test_10317,0.01517147
test_10318,0.96081668
test_10319,0.96691650
test_10320,0.99768639
test_10321,0.99964786
test_10322,0.00215482
test_10323,0.00049200
test_10324,0.00049661
test_10325,0.99999702
test_10326,0.99999642
test_10327,1.00000000
test_10328,0.01414733
test_10329,0.99999785
test_10330,0.00332031
test_10331,0.91395551
test_10332,0.99933016
test_10333,1.00000000
test_10334,0.00052858
test_10335,0.07781418
test_10336,0.99923027
test_10337,0.01065112
test_10338,0.98196948
test_10339,0.90227658
test_10340,0.99775344
test_10341,0.00012355
test_10342,0.99854469
test_10343,0.01072786
test_10344,0.75402635
test_10345,0.06696168
test_10346,0.99997830
test_10347,0.99486732
test_10348,0.99993885
test_10349,0.01696069
test_10350,0.02458108
test_10351,0.00041268
test_10352,0.00522426
test_10353,0.00269875
test_10354,0.99721682
test_10355,0.75172937
test_10356,0.16725940
test_10357,0.31765801
test_10358,0.46231914
test_10359,0.09498450
test_10360,0.02112523
test_10361,0.99999321
test_10362,0.88729131
test_10363,0.24062711
test_10364,0.96500599
test_10365,0.00671640
test_10366,0.93396264
test_10367,0.61824667
test_10368,0.03832393
test_10369,0.61431485
test_10370,0.46734208
test_10371,0.99999988
test_10372,0.47661442
test_10373,0.99983799
test_10374,0.00000002
test_10375,0.80299735
test_10376,0.99979812
test_10377,0.00115676
test_10378,0.00746548
test_10379,0.00794845
test_10380,0.98251814
test_10381,0.69714200
test_10382,0.99999869
test_10383,0.93651634
test_10384,0.00000064
test_10385,0.02897826
test_10386,0.98068470
test_10387,0.99995315
test_10388,0.61066031
test_10389,0.00017047
test_10390,0.14715166
test_10391,0.94899082
test_10392,0.01166768
test_10393,0.00000019
test_10394,0.02545297
test_10395,0.40501127
test_10396,0.01584331
test_10397,0.01878035
test_10398,0.83543020
test_10399,0.00004192
test_10400,0.99999917
test_10401,0.13572320
test_10402,0.02590102
test_10403,0.16699027
test_10404,0.09571426
test_10405,0.11165535
test_10406,0.97240329
test_10407,0.93477601
test_10408,0.99968088
test_10409,0.00002403
test_10410,0.00000022
test_10411,0.99798739
test_10412,0.00110180
test_10413,0.51751214
test_10414,0.04002650
test_10415,0.99330443
test_10416,0.66542691
test_10417,0.99556053
test_10418,0.88239646
test_10419,0.01791400
test_10420,0.97444034
test_10421,0.79945838
test_10422,0.11787068
test_10423,1.00000000
test_10424,0.98607177
test_10425,0.06026680
test_10426,0.99880803
test_10427,0.99995160
test_10428,0.19822851
test_10429,0.00202609
test_10430,0.00970745
test_10431,0.15654109
test_10432,0.00081138
test_10433,1.00000000
test_10434,0.99986529
test_10435,0.10495896
test_10436,0.00348319
test_10437,0.00298142
test_10438,0.98657900
test_10439,0.00233172
test_10440,0.00000579
test_10441,0.51870310
test_10442,0.41719344
test_10443,0.99988472
test_10444,0.86842424
test_10445,0.68702984
test_10446,0.99997962
test_10447,0.99556643
test_10448,0.06932364
test_10449,0.79102558
test_10450,0.99943811
test_10451,0.99999940
test_10452,0.96548069
test_10453,0.76783687
test_10454,0.80051178
test_10455,0.00459106
test_10456,0.23071322
test_10457,1.00000000
test_10458,0.99040037
test_10459,0.01651024
test_10460,0.67912251
test_10461,0.36141402
test_10462,0.03145483
test_10463,0.06616979
test_10464,0.62701052
test_10465,0.00000122
test_10466,1.00000000
test_10467,0.89236790
test_10468,0.92043573
test_10469,0.32353428
test_10470,0.99999011
test_10471,0.73735994
test_10472,0.96520662
test_10473,0.99837494
test_10474,0.99985600
test_10475,0.95465428
test_10476,0.04357168
test_10477,0.99570930
test_10478,0.00003280
test_10479,0.99999976
test_10480,0.99999559
test_10481,0.12542847
test_10482,0.01018336
test_10483,0.74253243
test_10484,0.23974827
test_10485,0.00015746
test_10486,0.00000006
test_10487,0.76984316
test_10488,0.00009804
test_10489,0.94187158
test_10490,0.99900937
test_10491,0.00000946
test_10492,0.00027799
test_10493,0.99998748
test_10494,0.04225809
test_10495,0.99999964
test_10496,0.01292126
test_10497,0.00001681
test_10498,0.00011160
test_10499,0.84402978
test_10500,0.37725285
test_10501,0.88417327
test_10502,0.24128616
test_10503,0.62395453
test_10504,0.32028061
test_10505,0.95478606
test_10506,0.99999905
test_10507,0.01449028
test_10508,0.50346440
test_10509,0.85559767
test_10510,0.95865774
test_10511,0.00002013
test_10512,0.00001791
test_10513,0.99998903
test_10514,0.99982905
test_10515,0.00482736
test_10516,0.86201382
test_10517,0.96389651
test_10518,0.00502361
test_10519,0.00000011
test_10520,0.99944276
test_10521,0.99953175
test_10522,0.79540390
test_10523,0.99971706
test_10524,0.10761507
test_10525,0.15253530
test_10526,0.94672805
test_10527,0.88946146
test_10528,0.99999130
test_10529,0.97757041
test_10530,0.01581110
test_10531,0.98853081
test_10532,0.16816328
test_10533,0.80888247
test_10534,0.00046439
test_10535,0.01558064
test_10536,0.99964881
test_10537,0.99908590
test_10538,0.19103755
test_10539,0.98240167
test_10540,0.00124587
test_10541,0.00000939
test_10542,0.96839607
test_10543,0.95630980
test_10544,0.00786067
test_10545,0.01783205
test_10546,0.20288756
test_10547,0.99504614
test_10548,0.01408056
test_10549,0.07554148
test_10550,0.99923754
test_10551,0.00000090
test_10552,0.90343642
test_10553,0.03496061
test_10554,0.99998784
test_10555,0.88556927
test_10556,0.09330363
test_10557,0.19534403
test_10558,0.00006312
test_10559,0.99287122
test_10560,0.99999738
test_10561,0.81187129
test_10562,0.99797899
test_10563,0.99943846
test_10564,0.99999321
test_10565,0.94634658
test_10566,0.99970394
test_10567,0.25367653
test_10568,0.99942696
test_10569,0.96991301
test_10570,0.54460287
test_10571,0.63328367
test_10572,0.99991894
test_10573,0.95528185
test_10574,0.20098257
test_10575,0.98174381
test_10576,0.98151994
test_10577,0.86472821
test_10578,0.00018212
test_10579,0.88549292
test_10580,0.00124753
test_10581,0.00585256
test_10582,0.99991107
test_10583,0.14429727
test_10584,0.83414555
test_10585,0.00000004
test_10586,0.00333511
test_10587,0.62803710
test_10588,0.02471806
test_10589,0.06373523
test_10590,0.04082093
test_10591,0.00000035
test_10592,0.00000288
test_10593,0.99999905
test_10594,0.88947439
test_10595,0.01287246
test_10596,0.99828714
test_10597,0.00000147
test_10598,0.95082790
test_10599,0.99989188
test_10600,0.00139848
test_10601,0.00224827
test_10602,0.23997575
test_10603,0.05747142
test_10604,1.00000000
test_10605,0.99999988
test_10606,0.99999976
test_10607,0.43332052
test_10608,0.00054103
test_10609,1.00000000
test_10610,0.33359542
test_10611,0.87134522
test_10612,0.04646784
test_10613,0.00441345
test_10614,0.24846931
test_10615,0.99997711
test_10616,0.95713198
test_10617,0.61801064
test_10618,0.99975270
test_10619,0.99915147
test_10620,0.99997902
test_10621,0.78595811
test_10622,0.97165245
test_10623,0.88562965
test_10624,0.96634680
test_10625,0.17381100
test_10626,0.00038173
test_10627,0.70982444
test_10628,0.99935073
test_10629,0.96810472
test_10630,0.99982256
test_10631,0.29166061
test_10632,0.99714524
test_10633,0.99871373
test_10634,0.99986756
test_10635,0.00104472
test_10636,0.98587811
test_10637,0.99999523
test_10638,0.00006484
test_10639,0.99888796
test_10640,0.00000032
test_10641,1.00000000
test_10642,0.96767288
test_10643,0.71793777
test_10644,0.81456041
test_10645,0.38850373
test_10646,0.42235252
test_10647,0.29771128
test_10648,0.98049414
test_10649,0.99994135
test_10650,0.43253934
test_10651,0.79573500
test_10652,0.00307105
test_10653,1.00000000
test_10654,0.01066852
test_10655,0.00117186
test_10656,0.99932289
test_10657,0.00574890
test_10658,0.97366762
test_10659,0.00436288
test_10660,0.88248223
test_10661,0.84677124
test_10662,0.00000189
test_10663,0.00720871
test_10664,0.99976200
test_10665,0.99982625
test_10666,0.75462759
test_10667,0.84101909
test_10668,0.93319982
test_10669,0.26440749
test_10670,0.00001175
test_10671,0.84069669
test_10672,0.00001071
test_10673,0.90129000
test_10674,0.59570205
test_10675,0.78402817
test_10676,0.99998903
test_10677,0.99999988
test_10678,0.89829749
test_10679,0.77665377
test_10680,0.11172135
test_10681,0.99988317
test_10682,0.99072683
test_10683,0.90511906
test_10684,0.15695034
test_10685,0.55549908
test_10686,0.99997854
test_10687,0.00257102
test_10688,0.03760717
test_10689,0.16148065
test_10690,0.93223876
test_10691,0.01691496
test_10692,0.88875711
test_10693,0.00000254
test_10694,0.99333864
test_10695,0.99993718
test_10696,0.22890683
test_10697,0.00001784
test_10698,0.92147118
test_10699,0.83958912
test_10700,0.00000138
test_10701,0.06588155
test_10702,0.01149676
test_10703,0.00439450
test_10704,0.84136856
test_10705,0.99991155
test_10706,0.01639139
test_10707,0.99071079
test_10708,0.99996197
test_10709,0.95523238
test_10710,0.98186344
test_10711,0.99999988
test_10712,1.00000000
test_10713,0.00000590
test_10714,0.58712339
test_10715,0.78637528
test_10716,0.70225006
test_10717,0.99992228
test_10718,0.19608402
test_10719,0.40160924
test_10720,0.97307497
test_10721,0.00004256
test_10722,0.95809102
test_10723,0.00608566
test_10724,0.00187371
test_10725,0.00000538
test_10726,0.40519577
test_10727,0.03538841
test_10728,0.00601193
test_10729,0.00131305
test_10730,0.23725422
test_10731,0.00119496
test_10732,0.39430600
test_10733,0.00110510
test_10734,0.00151564
test_10735,0.20619059
test_10736,0.00581016
test_10737,0.00624123
test_10738,0.99999940
test_10739,0.99995100
test_10740,0.99999988
test_10741,0.99755585
test_10742,0.50922418
test_10743,0.96117270
test_10744,0.00002653
test_10745,0.34208173
test_10746,0.72289348
test_10747,0.78207356
test_10748,0.23674935
test_10749,0.99997962
test_10750,0.99591208
test_10751,0.00449735
test_10752,0.99428129
test_10753,0.48932973
test_10754,0.99599260
test_10755,0.00000000
test_10756,0.92241287
test_10757,0.00822592
test_10758,0.00008421
test_10759,0.77348965
test_10760,0.00201204
test_10761,0.00227250
test_10762,0.99998903
test_10763,0.99245936
test_10764,0.97492677
test_10765,0.68213856
test_10766,0.99965608
test_10767,0.76853251
test_10768,0.99451351
test_10769,0.00023482
test_10770,0.02886139
test_10771,0.70875841
test_10772,0.00000000
test_10773,0.99618238
test_10774,0.90517092
test_10775,0.05675932
test_10776,0.14042249
test_10777,0.00001239
test_10778,0.99982738
test_10779,0.76298255
test_10780,0.95271045
test_10781,0.99676955
test_10782,0.81096536
test_10783,0.12888816
test_10784,0.01103286
test_10785,0.97537279
test_10786,0.99988949
test_10787,0.99826884
test_10788,0.00182333
test_10789,0.00002179
test_10790,0.03212895
test_10791,0.03473920
test_10792,0.99520028
test_10793,0.97619116
test_10794,0.99806803
test_10795,0.00402523
test_10796,0.96835840
test_10797,0.77263415
test_10798,0.99914813
test_10799,0.07289705
test_10800,0.99982399
test_10801,0.00018712
test_10802,0.01362222
test_10803,0.99880421
test_10804,0.38499439
test_10805,0.00074399
test_10806,0.99661440
test_10807,0.99906117
test_10808,0.99940097
test_10809,0.99927086
test_10810,0.72110564
test_10811,0.63853997
test_10812,0.88444084
test_10813,0.11474846
test_10814,0.00006756
test_10815,0.99589419
test_10816,0.82099724
test_10817,0.98979491
test_10818,0.99779332
test_10819,0.99940443
test_10820,0.01970867
test_10821,0.07968857
test_10822,0.97673017
test_10823,0.84476793
test_10824,0.00000112
test_10825,0.99691403
test_10826,0.99999774
test_10827,0.94938689
test_10828,0.99954259
test_10829,0.14057727
test_10830,0.99993038
test_10831,0.89899611
test_10832,0.54779702
test_10833,0.99998558
test_10834,0.99699926
test_10835,0.22530617
test_10836,0.00011386
test_10837,0.18538170
test_10838,0.49012241
test_10839,0.00002310
test_10840,0.99993229
test_10841,0.87491548
test_10842,0.80807894
test_10843,0.00003202
test_10844,0.02562892
test_10845,0.00408852
test_10846,0.99676812
test_10847,0.09177785
test_10848,0.00658745
test_10849,0.00852049
test_10850,0.00028558
test_10851,0.00031160
test_10852,0.15912357
test_10853,0.10738531
test_10854,0.83868217
test_10855,0.00000014
test_10856,0.01577907
test_10857,0.99646473
test_10858,0.43425143
test_10859,0.03077397
test_10860,0.00000153
test_10861,0.00294343
test_10862,0.91227514
test_10863,0.99736112
test_10864,0.19255118
test_10865,0.86998034
test_10866,0.99999738
test_10867,0.91488928
test_10868,0.00028255
test_10869,0.00481228
test_10870,0.56065392
test_10871,0.00013923
test_10872,0.99954283
test_10873,0.99999917
test_10874,0.13348930
test_10875,0.14973183
test_10876,0.09783029
test_10877,0.99990785
test_10878,0.61547476
test_10879,0.00233314
test_10880,0.13489008
test_10881,0.00087407
test_10882,0.54533446
test_10883,0.18960477
test_10884,0.99993300
test_10885,0.88164389
test_10886,0.84289134
test_10887,0.93670464
test_10888,0.99999928
test_10889,0.87801355
test_10890,0.00402900
test_10891,0.07584836
test_10892,0.99999750
test_10893,0.03345889
test_10894,0.00623426
test_10895,0.92215955
test_10896,0.10585975
test_10897,0.00016512
test_10898,0.95096838
test_10899,0.67508972
test_10900,0.86648524
test_10901,0.99871254
test_10902,0.26862329
test_10903,0.99982846
test_10904,0.90001899
test_10905,0.99477530
test_10906,0.99946433
test_10907,0.00052387
test_10908,0.57367772
test_10909,0.99446046
test_10910,0.00632660
test_10911,0.00246063
test_10912,0.99998999
test_10913,0.00001448
test_10914,0.99119031
test_10915,0.69359392
test_10916,0.00301983
test_10917,0.98356205
test_10918,0.01982167
test_10919,0.04318839
test_10920,0.71512806
test_10921,0.98957217
test_10922,0.96304178
test_10923,0.99431878
test_10924,0.99116290
test_10925,0.57410002
test_10926,0.00000046
test_10927,0.89560759
test_10928,0.00000065
test_10929,0.00000001
test_10930,0.95379251
test_10931,0.55562437
test_10932,0.95112157
test_10933,0.99611217
test_10934,0.00010075
test_10935,0.00001866
test_10936,0.99971336
test_10937,0.99976987
test_10938,0.00001313
test_10939,0.99003917
test_10940,0.00032616
test_10941,0.00737684
test_10942,0.04625434
test_10943,0.00925004
test_10944,0.88247865
test_10945,0.00000554
test_10946,0.00002882
test_10947,0.99221623
test_10948,0.16042817
test_10949,0.34185678
test_10950,0.05397057
test_10951,0.99999297
test_10952,0.00000179
test_10953,0.97364795
test_10954,0.99999964
test_10955,0.99956375
test_10956,0.99929392
test_10957,0.88368893
test_10958,0.00166263
test_10959,0.26190338
test_10960,0.94185573
test_10961,0.60190028
test_10962,0.53181291
test_10963,0.00059872
test_10964,0.00000102
test_10965,0.12092547
test_10966,0.00303291
test_10967,0.56331944
test_10968,0.00211880
test_10969,0.97046745
test_10970,0.35469377
test_10971,0.84462857
test_10972,0.88665402
test_10973,0.00048889
test_10974,0.65029413
test_10975,0.83155417
test_10976,0.98645627
test_10977,0.65906870
test_10978,0.99990356
test_10979,0.00132482
test_10980,0.63285279
test_10981,0.98093718
test_10982,0.99987066
test_10983,0.05560960
test_10984,0.88202423
test_10985,0.99890900
test_10986,0.00076828
test_10987,0.99659216
test_10988,0.00150315
test_10989,0.00043292
test_10990,0.00025337
test_10991,0.01029297
test_10992,0.99995697
test_10993,0.99999785
test_10994,0.00763176
test_10995,0.75445807
test_10996,0.99967313
test_10997,0.95316565
test_10998,0.00013432
test_10999,0.02437596
test_11000,0.00047239
test_11001,0.99452317
test_11002,0.02867981
test_11003,0.00000112
test_11004,0.00034199
test_11005,0.81422973
test_11006,0.00270106
test_11007,0.21715638
test_11008,0.06988265
test_11009,0.00001730
test_11010,0.99093843
test_11011,0.15991226
test_11012,0.03198997
test_11013,0.46116900
test_11014,0.90365458
test_11015,0.22065334
test_11016,0.01810742
test_11017,0.04196432
test_11018,0.99968243
test_11019,0.02730833
test_11020,0.97255850
test_11021,0.99893123
test_11022,0.21497941
test_11023,0.10156316
test_11024,1.00000000
test_11025,0.95440531
test_11026,0.99999988
test_11027,0.99999547
test_11028,0.97247690
test_11029,0.45967320
test_11030,0.99428928
test_11031,0.25774270
test_11032,0.00012183
test_11033,0.02677244
test_11034,0.01779660
test_11035,0.99999952
test_11036,0.99945372
test_11037,0.06774481
test_11038,0.99997199
test_11039,0.94028860
test_11040,1.00000000
test_11041,0.05746014
test_11042,0.00361479
test_11043,0.95595670
test_11044,0.99555784
test_11045,0.99997187
test_11046,0.99994528
test_11047,0.98830682
test_11048,0.99910444
test_11049,0.53988910
test_11050,0.00168101
test_11051,0.99982411
test_11052,0.99999857
test_11053,0.99263644
test_11054,0.70365244
test_11055,0.13245614
test_11056,0.99776924
test_11057,0.00012083
test_11058,0.42686918
test_11059,0.02111569
test_11060,0.96541780
test_11061,0.00005460
test_11062,0.99995840
test_11063,0.03199266
test_11064,0.99933016
test_11065,0.99993014
test_11066,0.99998593
test_11067,0.00049546
test_11068,0.00006531
test_11069,0.99999988
test_11070,0.99167681
test_11071,0.99921954
test_11072,0.00035449
test_11073,0.00000004
test_11074,0.00000041
test_11075,0.99999547
test_11076,0.70639908
test_11077,0.37142047
test_11078,0.05320786
test_11079,0.08407685
test_11080,0.00217581
test_11081,0.50094384
test_11082,0.09428940
test_11083,0.00669914
test_11084,0.99917501
test_11085,0.25249007
test_11086,0.01658492
test_11087,0.99862885
test_11088,0.00000074
test_11089,0.94042122
test_11090,0.62634069
test_11091,0.99835265
test_11092,0.03650378
test_11093,0.99902952
test_11094,0.94474924
test_11095,0.99998200
test_11096,0.42601240
test_11097,0.86868715
test_11098,0.13493067
test_11099,0.99999964
test_11100,0.99996531
test_11101,0.00018870
test_11102,0.41793132
test_11103,0.99996972
test_11104,0.86095488
test_11105,0.21219248
test_11106,0.58338881
test_11107,0.26955184
test_11108,0.98539692
test_11109,0.98042369
test_11110,0.17703371
test_11111,0.54708362
test_11112,0.98156744
test_11113,0.70436072
test_11114,0.98142749
test_11115,0.99998569
test_11116,0.99999988
test_11117,0.94869995
test_11118,0.99963796
test_11119,0.98588514
test_11120,0.17060095
test_11121,0.81539059
test_11122,0.35452992
test_11123,0.99912864
test_11124,0.99684697
test_11125,0.99896753
test_11126,1.00000000
test_11127,0.97720397
test_11128,0.01278338
test_11129,0.02074488
test_11130,0.99990118
test_11131,0.23390362
test_11132,0.95213640
test_11133,0.07657338
test_11134,0.04820392
test_11135,0.75913191
test_11136,0.99885225
test_11137,0.36139295
test_11138,0.95198238
test_11139,0.06650208
test_11140,0.01110211
test_11141,0.42187491
test_11142,0.00017217
test_11143,0.89727980
test_11144,0.99999022
test_11145,0.73808414
test_11146,0.00000927
test_11147,0.99996829
test_11148,0.65127593
test_11149,0.00013506
test_11150,0.99991941
test_11151,0.09547381
test_11152,0.97964340
test_11153,0.99979645
test_11154,0.99905044
test_11155,0.04888739
test_11156,0.75754952
test_11157,0.99863040
test_11158,0.04189849
test_11159,0.00000001
test_11160,0.35064119
test_11161,0.70277059
test_11162,0.00000098
test_11163,0.31473637
test_11164,0.01915686
test_11165,0.99953568
test_11166,0.74462545
test_11167,0.00253682
test_11168,0.31126040
test_11169,0.99997854
test_11170,0.85214895
test_11171,0.00089482
test_11172,0.93874466
test_11173,0.99735969
test_11174,0.00001434
test_11175,0.00005394
test_11176,0.51058722
test_11177,0.01245135
test_11178,0.08450626
test_11179,0.00029782
test_11180,0.22930053
test_11181,0.99998438
test_11182,0.02637463
test_11183,0.68283218
test_11184,0.96037734
test_11185,0.74066031
test_11186,0.00053123
test_11187,0.00000084
test_11188,1.00000000
test_11189,0.00014124
test_11190,0.00118592
test_11191,0.67681533
test_11192,0.01486932
test_11193,0.00013855
test_11194,0.01258999
test_11195,0.99128634
test_11196,0.00076048
test_11197,0.99817514
test_11198,0.13838993
test_11199,0.00725880
test_11200,0.00766497
test_11201,0.05782254
test_11202,0.95309806
test_11203,0.80454701
test_11204,0.62237954
test_11205,0.03002181
test_11206,0.80738527
test_11207,0.00000001
test_11208,0.98629099
test_11209,0.00001094
test_11210,0.63636720
test_11211,0.87527013
test_11212,0.94555944
test_11213,0.00500531
test_11214,0.01064529
test_11215,0.00480161
test_11216,0.01600737
test_11217,0.63640875
test_11218,0.98388982
test_11219,0.98272586
test_11220,0.99605066
test_11221,0.77993262
test_11222,0.72405267
test_11223,0.00966013
test_11224,0.22623125
test_11225,0.00000603
test_11226,0.28355652
test_11227,0.99611974
test_11228,0.99223870
test_11229,0.87208182
test_11230,0.77906871
test_11231,0.42021966
test_11232,0.06339632
test_11233,0.99964476
test_11234,0.97903067
test_11235,0.32486108
test_11236,0.98773348
test_11237,0.00001289
test_11238,0.83662277
test_11239,0.48416159
test_11240,0.99994731
test_11241,0.95364279
test_11242,0.99726498
test_11243,0.96099293
test_11244,0.00621000
test_11245,0.01951762
test_11246,0.99982196
test_11247,0.00005850
test_11248,0.99162698
test_11249,0.00000013
test_11250,0.78715062
test_11251,0.99710029
test_11252,0.66782331
test_11253,0.01771312
test_11254,0.27825847
test_11255,0.88080710
test_11256,0.88682705
test_11257,0.99999905
test_11258,0.93092996
test_11259,0.00000763
test_11260,0.00000002
test_11261,0.00000112
test_11262,0.99999630
test_11263,0.54526609
test_11264,0.54607868
test_11265,0.82646441
test_11266,0.00127209
test_11267,0.22533445
test_11268,0.95832336
test_11269,0.59330082
test_11270,0.99999201
test_11271,0.55366868
test_11272,0.00001680
test_11273,0.93168372
test_11274,0.99997473
test_11275,0.90608007
test_11276,0.00006778
test_11277,0.99546164
test_11278,0.08234031
test_11279,0.33103085
test_11280,0.94612575
test_11281,0.86029428
test_11282,0.03916015
test_11283,0.01637173
test_11284,0.58609068
test_11285,0.00000002
test_11286,0.00065544
test_11287,0.91806823
test_11288,0.18241581
test_11289,0.00018199
test_11290,0.99935204
test_11291,0.99996269
test_11292,0.99999011
test_11293,0.00022132
test_11294,0.99454749
test_11295,0.99981672
test_11296,0.00082518
test_11297,0.99995947
test_11298,0.01124757
test_11299,0.82551825
test_11300,1.00000000
test_11301,0.99923933
test_11302,0.00008441
test_11303,0.96899366
test_11304,0.99679035
test_11305,0.00075572
test_11306,0.98083544
test_11307,0.96609026
test_11308,0.99952197
test_11309,0.03061799
test_11310,0.00059899
test_11311,0.05438102
test_11312,0.82543606
test_11313,0.33818281
test_11314,0.04056643
test_11315,0.01593699
test_11316,0.49534872
test_11317,0.76802951
test_11318,0.44530839
test_11319,0.00014606
test_11320,0.65599263
test_11321,0.00450511
test_11322,0.00033168
test_11323,0.00007232
test_11324,0.16659622
test_11325,0.99966776
test_11326,0.00000167
test_11327,0.45874792
test_11328,0.99999666
test_11329,0.00431463
test_11330,0.82337022
test_11331,0.00557213
test_11332,0.99999881
test_11333,0.86464912
test_11334,0.57156825
test_11335,0.86845875
test_11336,0.53118098
test_11337,0.98350269
test_11338,0.07158419
test_11339,0.14851867
test_11340,0.11948806
test_11341,0.87739968
test_11342,0.07780021
test_11343,0.99911767
test_11344,0.01126795
test_11345,0.14102061
test_11346,0.26629242
test_11347,0.83837789
test_11348,0.75707912
test_11349,0.01685070
test_11350,0.06943439
test_11351,0.00000008
test_11352,0.79064727
test_11353,0.99994528
test_11354,0.00017767
test_11355,0.00022883
test_11356,0.32062769
test_11357,0.00000245
test_11358,0.01560266
test_11359,0.48769006
test_11360,0.21682712
test_11361,0.00150887
test_11362,0.00000001
test_11363,0.07840266
test_11364,0.00046353
test_11365,0.18097240
test_11366,0.61816210
test_11367,0.00529142
test_11368,0.13536116
test_11369,0.47894615
test_11370,0.66633701
test_11371,0.00000041
test_11372,0.05345461
test_11373,0.00000469
test_11374,0.52792096
test_11375,0.00632962
test_11376,0.00000035
test_11377,0.97990614
test_11378,0.58914447
test_11379,0.00104586
test_11380,0.00187704
test_11381,0.50666189
test_11382,0.96546936
test_11383,0.01932268
test_11384,0.04036389
test_11385,0.99989533
test_11386,0.99982601
test_11387,0.99999118
test_11388,0.05068488
test_11389,0.39177856
test_11390,0.08600576
test_11391,0.35401452
test_11392,0.99952054
test_11393,0.97359586
test_11394,0.01980217
test_11395,0.55577093
test_11396,0.25064921
test_11397,0.00051802
test_11398,0.86498785
test_11399,0.75140858
test_11400,0.10125917
test_11401,0.99997473
test_11402,0.99891901
test_11403,0.44940719
test_11404,0.99888676
test_11405,0.00233010
test_11406,0.44696131
test_11407,0.00004445
test_11408,0.16698675
test_11409,0.20226768
test_11410,0.03900459
test_11411,0.01032890
test_11412,0.73308641
test_11413,0.00004892
test_11414,0.06901688
test_11415,0.99999309
test_11416,0.00006256
test_11417,0.93933749
test_11418,0.35998622
test_11419,0.99985301
test_11420,0.21331769
test_11421,0.63604558
test_11422,0.03877149
test_11423,0.02284138
test_11424,0.99957007
test_11425,0.00480118
test_11426,0.02474508
test_11427,0.99579692
test_11428,0.04998127
test_11429,0.99876535
test_11430,0.21503919
test_11431,0.99999917
test_11432,0.96995598
test_11433,0.00000737
test_11434,0.99416286
test_11435,0.99899966
test_11436,0.89021963
test_11437,0.98277640
test_11438,0.00049986
test_11439,0.03280571
test_11440,0.00091577
test_11441,0.09620702
test_11442,0.03200276
test_11443,0.67305058
test_11444,0.46975178
test_11445,0.66613698
test_11446,0.00000201
test_11447,0.99407792
test_11448,0.92476410
test_11449,0.99442565
test_11450,0.99987149
test_11451,0.93145859
test_11452,0.99310678
test_11453,0.03488944
test_11454,0.00185340
test_11455,0.00000027
test_11456,0.00001917
test_11457,0.22904506
test_11458,0.96032488
test_11459,0.00027405
test_11460,0.89234865
test_11461,0.98360795
test_11462,0.98871058
test_11463,0.02537071
test_11464,0.99999845
test_11465,0.92845976
test_11466,0.99601561
test_11467,0.00095745
test_11468,0.84652472
test_11469,0.00129028
test_11470,0.00010878
test_11471,0.99617153
test_11472,0.00459310
test_11473,0.45402592
test_11474,0.24596581
test_11475,0.96421200
test_11476,0.00180217
test_11477,0.93470997
test_11478,0.37299535
test_11479,0.02488018
test_11480,0.99954247
test_11481,0.38627037
test_11482,0.48135296
test_11483,0.12324762
test_11484,0.78320223
test_11485,0.99450183
test_11486,0.97473484
test_11487,0.89908338
test_11488,0.00000930
test_11489,0.98473096
test_11490,0.99992597
test_11491,0.19516951
test_11492,0.64135808
test_11493,0.91439742
test_11494,0.91872907
test_11495,0.01497631
test_11496,0.98339051
test_11497,0.99999738
test_11498,0.89470744
test_11499,0.77060783
test_11500,0.00831321
test_11501,0.17396921
test_11502,0.00173854
test_11503,0.88019097
test_11504,0.99672878
test_11505,0.98923618
test_11506,0.15310188
test_11507,0.07543411
test_11508,0.00561980
test_11509,0.03212912
test_11510,0.03698510
test_11511,0.00969155
test_11512,0.00000017
test_11513,0.00436429
test_11514,0.48886752
test_11515,0.00016626
test_11516,0.48868588
test_11517,0.55133754
test_11518,0.00415052
test_11519,0.78564602
test_11520,0.95665771
test_11521,0.00123120
test_11522,0.33389193
test_11523,0.76764876
test_11524,0.00148720
test_11525,0.61787254
test_11526,0.44770798
test_11527,0.14518249
test_11528,0.01705256
test_11529,0.00000263
test_11530,0.95946950
test_11531,0.96579659
test_11532,0.92108613
test_11533,0.17489186
test_11534,0.99999964
test_11535,0.52943510
test_11536,1.00000000
test_11537,0.99916363
test_11538,0.08243200
test_11539,0.99989641
test_11540,0.99999511
test_11541,0.27424225
test_11542,0.00426833
test_11543,0.99806052
test_11544,0.00080305
test_11545,0.66900915
test_11546,0.00000651
test_11547,0.99941301
test_11548,0.25783345
test_11549,0.04300715
test_11550,0.67722148
test_11551,0.30391148
test_11552,0.65475118
test_11553,0.74554431
test_11554,0.06472459
test_11555,0.99846089
test_11556,0.62086725
test_11557,0.99922299
test_11558,0.99997807
test_11559,0.00019219
test_11560,0.10364847
test_11561,0.00000483
test_11562,0.99945933
test_11563,0.99995089
test_11564,0.00811724
test_11565,0.73981142
test_11566,0.00107341
test_11567,0.94916689
test_11568,0.14166497
test_11569,0.94774324
test_11570,0.00687393
test_11571,0.28322902
test_11572,0.00274445
test_11573,0.93746340
test_11574,0.99938226
test_11575,0.99995697
test_11576,0.61838531
test_11577,0.98738921
test_11578,0.46891528
test_11579,0.90834641
test_11580,0.96002400
test_11581,0.33704299
test_11582,0.00910774
test_11583,0.43465000
test_11584,0.99988890
test_11585,0.03836926
test_11586,0.99999893
test_11587,0.99568355
test_11588,0.00854678
test_11589,0.93190408
test_11590,0.99999928
test_11591,0.98518515
test_11592,0.97825634
test_11593,0.86227995
test_11594,0.96439004
test_11595,0.00000001
test_11596,0.17256680
test_11597,0.98877102
test_11598,0.03898326
test_11599,0.00006952
test_11600,0.00401611
test_11601,0.99998522
test_11602,0.08376000
test_11603,0.96145242
test_11604,0.99303657
test_11605,0.95637262
test_11606,0.01736650
test_11607,0.90517801
test_11608,0.00192987
test_11609,0.99991453
test_11610,0.10577339
test_11611,0.99995255
test_11612,1.00000000
test_11613,0.99999416
test_11614,0.12842736
test_11615,0.02528400
test_11616,0.99289179
test_11617,0.99968827
test_11618,0.99806947
test_11619,0.77653360
test_11620,0.71118528
test_11621,0.00000317
test_11622,0.99966300
test_11623,0.00004572
test_11624,0.97896898
test_11625,0.99806994
test_11626,0.99999988
test_11627,0.99999666
test_11628,0.00030728
test_11629,0.98300856
test_11630,0.07315881
test_11631,0.00513934
test_11632,0.33320773
test_11633,0.99748409
test_11634,0.90424699
test_11635,0.99944657
test_11636,0.99999475
test_11637,0.91582519
test_11638,0.67049563
test_11639,0.00077491
test_11640,0.99999928
test_11641,0.97359824
test_11642,0.99981028
test_11643,0.07870985
test_11644,0.80320185
test_11645,0.71836144
test_11646,0.00878074
test_11647,0.81461906
test_11648,0.99996281
test_11649,0.73952657
test_11650,0.99992931
test_11651,0.00465705
test_11652,0.01624179
test_11653,0.04233693
test_11654,0.01610220
test_11655,0.23483643
test_11656,0.98752612
test_11657,0.04314863
test_11658,0.07729845
test_11659,0.05442474
test_11660,0.86267239
test_11661,0.30995551
test_11662,0.99996614
test_11663,0.00002011
test_11664,0.67373616
test_11665,0.39082387
test_11666,0.00345345
test_11667,0.02809385
test_11668,0.93411762
test_11669,0.99691582
test_11670,0.00022042
test_11671,0.99955899
test_11672,0.99231333
test_11673,0.00872983
test_11674,0.16165535
test_11675,0.00748761
test_11676,0.72213084
test_11677,0.79223841
test_11678,0.00174370
test_11679,0.99992108
test_11680,0.00684539
test_11681,0.55233008
test_11682,0.00265355
test_11683,0.73249006
test_11684,0.99702954
test_11685,0.02925221
test_11686,0.96640599
test_11687,0.00054058
test_11688,0.02653428
test_11689,0.00477821
test_11690,0.39330572
test_11691,0.97536951
test_11692,0.51048166
test_11693,0.54146957
test_11694,0.00000004
test_11695,0.99967027
test_11696,0.00000086
test_11697,0.00021456
test_11698,0.00789437
test_11699,0.19046514
test_11700,0.35550135
test_11701,0.98655903
test_11702,0.22478175
test_11703,0.06693339
test_11704,0.97171360
test_11705,0.94182420
test_11706,0.99861324
test_11707,0.99982423
test_11708,0.99897987
test_11709,0.98635405
test_11710,0.99926645
test_11711,0.09886552
test_11712,0.32507101
test_11713,0.76800150
test_11714,1.00000000
test_11715,1.00000000
test_11716,0.02018480
test_11717,0.17562433
test_11718,0.02173112
test_11719,0.00017006
test_11720,0.99976760
test_11721,0.96395361
test_11722,0.82218444
test_11723,0.98544216
test_11724,0.01069618
test_11725,0.52470928
test_11726,0.98651218
test_11727,0.86781603
test_11728,0.99991071
test_11729,0.99986315
test_11730,0.58947128
test_11731,0.00045258
test_11732,0.99920517
test_11733,0.99999285
test_11734,0.00000149
test_11735,0.96135527
test_11736,0.42261556
test_11737,0.50672722
test_11738,0.80455714
test_11739,0.99638212
test_11740,0.08542190
test_11741,0.27259183
test_11742,0.04207245
test_11743,0.96828026
test_11744,0.98352909
test_11745,0.00281131
test_11746,0.99666250
test_11747,0.95867902
test_11748,0.83417732
test_11749,0.99998808
test_11750,0.38968632
test_11751,0.79871041
test_11752,0.99901247
test_11753,0.36931235
test_11754,0.77181309
test_11755,0.83681935
test_11756,0.96771204
test_11757,0.01328084
test_11758,0.00001601
test_11759,0.97697693
test_11760,0.99173814
test_11761,0.99566323
test_11762,0.99999917
test_11763,0.04795623
test_11764,0.95859331
test_11765,0.00000395
test_11766,0.97790420
test_11767,0.50903052
test_11768,0.38443151
test_11769,0.98567504
test_11770,0.12681067
test_11771,0.99978977
test_11772,0.98203260
test_11773,0.00122990
test_11774,0.99790728
test_11775,0.98891968
test_11776,0.64596879
test_11777,0.80390614
test_11778,0.99747318
test_11779,0.99999869
test_11780,0.99979275
test_11781,0.00688418
test_11782,0.00008161
test_11783,0.37579572
test_11784,0.99999797
test_11785,0.00000173
test_11786,0.99952459
test_11787,0.00004553
test_11788,0.31927499
test_11789,0.00000228
test_11790,0.00009221
test_11791,0.99368840
test_11792,0.99980313
test_11793,0.41942328
test_11794,0.99046916
test_11795,0.91010135
test_11796,0.00026608
test_11797,0.46457604
test_11798,0.48651040
test_11799,0.99994159
test_11800,0.00000384
test_11801,0.00632842
test_11802,0.00954719
test_11803,0.00038032
test_11804,0.00003514
test_11805,0.01927838
test_11806,0.38728917
test_11807,0.76065016
test_11808,0.52070731
test_11809,0.07995658
test_11810,0.99512672
test_11811,0.00027214
test_11812,0.10258965
test_11813,0.04892408
test_11814,0.06803417
test_11815,0.00000005
test_11816,0.51327848
test_11817,0.00267555
test_11818,0.00731538
test_11819,0.97294068
test_11820,0.74776298
test_11821,0.99998057
test_11822,0.99167460
test_11823,0.99995863
test_11824,0.99649328
test_11825,0.87298834
test_11826,0.00832614
test_11827,0.86135334
test_11828,0.00061032
test_11829,0.34736976
test_11830,0.99282950
test_11831,0.44809985
test_11832,0.64919108
test_11833,0.00004453
test_11834,0.68690914
test_11835,0.00039170
test_11836,0.94505525
test_11837,0.99508470
test_11838,0.42531416
test_11839,0.02566323
test_11840,0.99806851
test_11841,0.01196963
test_11842,0.12496398
test_11843,0.00536716
test_11844,0.00122858
test_11845,0.50856549
test_11846,0.01527227
test_11847,0.69717240
test_11848,0.61636370
test_11849,0.04055768
test_11850,0.99923241
test_11851,0.04252903
test_11852,0.08314767
test_11853,0.99958271
test_11854,0.00003211
test_11855,0.61842716
test_11856,0.14974338
test_11857,0.00012544
test_11858,1.00000000
test_11859,0.08571699
test_11860,0.00595525
test_11861,0.51344472
test_11862,0.04230186
test_11863,0.34997472
test_11864,0.16418582
test_11865,0.99941969
test_11866,0.93926537
test_11867,0.99565202
test_11868,0.52067465
test_11869,0.25752974
test_11870,0.99781573
test_11871,0.97471094
test_11872,0.99999630
test_11873,0.71539712
test_11874,0.49553138
test_11875,0.99845076
test_11876,0.99999988
test_11877,0.13807502
test_11878,0.87235194
test_11879,0.79057366
test_11880,0.05908159
test_11881,0.99727112
test_11882,0.99960417
test_11883,0.00894534
test_11884,0.68662840
test_11885,0.08025313
test_11886,0.00798748
test_11887,0.99999976
test_11888,0.09070399
test_11889,0.64060009
test_11890,0.21983708
test_11891,0.46610162
test_11892,0.00017109
test_11893,0.99999058
test_11894,0.00067411
test_11895,0.01255562
test_11896,0.99999797
test_11897,0.03139235
test_11898,0.01144385
test_11899,0.99467385
test_11900,0.95416808
test_11901,0.89541608
test_11902,0.96610773
test_11903,0.99905187
test_11904,0.43726832
test_11905,0.99859005
test_11906,0.00023940
test_11907,0.97287041
test_11908,0.01820912
test_11909,0.00072741
test_11910,0.99873275
test_11911,0.60298848
test_11912,0.77965683
test_11913,0.29439241
test_11914,0.61523205
test_11915,0.00000011
test_11916,0.00001553
test_11917,0.77436358
test_11918,0.99652535
test_11919,0.04372252
test_11920,0.99894267
test_11921,0.34926847
test_11922,0.00502091
test_11923,0.98026192
test_11924,0.99685282
test_11925,0.99862075
test_11926,0.99463499
test_11927,0.99995029
test_11928,0.90432185
test_11929,0.00163282
test_11930,0.99977976
test_11931,0.69080454
test_11932,0.52325028
test_11933,0.43459362
test_11934,0.00000626
test_11935,0.00149231
test_11936,0.99998808
test_11937,0.18010633
test_11938,0.99996710
test_11939,0.09375127
test_11940,0.68454343
test_11941,0.00085772
test_11942,0.96974516
test_11943,0.00003481
test_11944,0.00011057
test_11945,0.99983561
test_11946,0.22445418
test_11947,0.37219080
test_11948,0.05585467
test_11949,0.09340820
test_11950,0.07418514
test_11951,0.00000053
test_11952,0.00001921
test_11953,0.47406971
test_11954,0.00053803
test_11955,0.99991739
test_11956,0.75556982
test_11957,0.97821379
test_11958,0.68238521
test_11959,0.15013032
test_11960,0.19739458
test_11961,0.00360632
test_11962,0.89166379
test_11963,0.60052669
test_11964,0.00993497
test_11965,0.86346871
test_11966,0.99796546
test_11967,0.48512200
test_11968,0.99982613
test_11969,0.00000002
test_11970,0.88155770
test_11971,0.90943140
test_11972,0.99847394
test_11973,0.73692274
test_11974,0.99996746
test_11975,0.77698261
test_11976,0.06093106
test_11977,0.87953728
test_11978,0.99447578
test_11979,0.99997818
test_11980,1.00000000
test_11981,0.00018789
test_11982,0.99977595
test_11983,0.98737192
test_11984,0.85751140
test_11985,0.23714224
test_11986,0.91348243
test_11987,0.05788128
test_11988,0.99940395
test_11989,0.90280026
test_11990,0.99985456
test_11991,0.53557312
test_11992,0.00165215
test_11993,0.69701576
test_11994,0.48534369
test_11995,0.87986636
test_11996,0.00672048
test_11997,0.99997020
test_11998,0.00213885
test_11999,0.28996560
test_12000,0.96052814
test_12001,0.00000114
test_12002,0.68182564
test_12003,0.41122881
test_12004,0.04750172
test_12005,0.00000002
test_12006,0.94324541
test_12007,0.77013516
test_12008,0.00007254
test_12009,0.01601431
test_12010,0.09900593
test_12011,0.99999309
test_12012,0.75224411
test_12013,0.00156443
test_12014,0.99199063
test_12015,0.99661785
test_12016,0.39134771
test_12017,0.93825358
test_12018,0.68810624
test_12019,0.98872536
test_12020,0.54111552
test_12021,0.99654430
test_12022,0.95420587
test_12023,0.03036939
test_12024,0.46405381
test_12025,0.97313744
test_12026,0.00000354
test_12027,0.99993360
test_12028,0.00564527
test_12029,0.00437355
test_12030,0.65981662
test_12031,0.94727278
test_12032,0.87846649
test_12033,0.99896669
test_12034,0.94503033
test_12035,0.51847118
test_12036,0.00020879
test_12037,0.69341803
test_12038,0.03602147
test_12039,0.00000086
test_12040,0.99735188
test_12041,0.99997747
test_12042,0.02752504
test_12043,0.99638212
test_12044,0.05144257
test_12045,0.00003109
test_12046,0.99999821
test_12047,0.00000268
test_12048,0.94776905
test_12049,0.00001210
test_12050,0.65423411
test_12051,0.00044523
test_12052,0.50316781
test_12053,0.00078770
test_12054,0.99990320
test_12055,0.76539677
test_12056,0.97270018
test_12057,0.95428640
test_12058,0.30129364
test_12059,0.99960691
test_12060,0.99992537
test_12061,0.00003828
test_12062,0.00255977
test_12063,0.93947524
test_12064,1.00000000
test_12065,0.02969705
test_12066,0.45579782
test_12067,1.00000000
test_12068,0.28641003
test_12069,0.00670706
test_12070,0.25397709
test_12071,0.99886501
test_12072,0.99944359
test_12073,0.00594881
test_12074,0.00030957
test_12075,0.99558407
test_12076,0.80140996
test_12077,0.00865067
test_12078,0.99998903
test_12079,0.06266670
test_12080,0.00031305
test_12081,0.99981064
test_12082,0.13188797
test_12083,0.00118894
test_12084,0.99999428
test_12085,0.98569381
test_12086,0.99885345
test_12087,0.95285928
test_12088,0.01372967
test_12089,0.10403068
test_12090,0.07731512
test_12091,0.99994242
test_12092,0.99999595
test_12093,0.98652053
test_12094,0.99999905
test_12095,0.99862766
test_12096,0.97644550
test_12097,0.04372521
test_12098,0.59628063
test_12099,0.07274480
test_12100,0.61907101
test_12101,1.00000000
test_12102,0.00050119
test_12103,0.00000085
test_12104,0.95836222
test_12105,0.00005832
test_12106,0.92447424
test_12107,0.99185705
test_12108,0.24244441
test_12109,0.00000013
test_12110,0.02946531
test_12111,0.99999583
test_12112,0.99998736
test_12113,0.98690146
test_12114,0.99999666
test_12115,0.01498233
test_12116,0.00023803
test_12117,0.00015645
test_12118,0.98091185
test_12119,0.99227798
test_12120,0.74941903
test_12121,0.00106952
test_12122,0.10798582
test_12123,0.01372980
test_12124,0.99742258
test_12125,0.01840523
test_12126,0.99908495
test_12127,0.99834657
test_12128,0.99973315
test_12129,0.42396173
test_12130,0.99941015
test_12131,0.99362421
test_12132,0.33457795
test_12133,0.85556424
test_12134,0.97189391
test_12135,0.03674164
test_12136,0.97893655
test_12137,0.40759099
test_12138,0.00570446
test_12139,0.45702159
test_12140,0.93475831
test_12141,0.14318715
test_12142,0.99070567
test_12143,0.99759632
test_12144,0.18045895
test_12145,0.06008600
test_12146,0.84316230
test_12147,0.70197368
test_12148,0.02121366
test_12149,0.99991703
test_12150,0.35801610
test_12151,0.99998343
test_12152,0.88482893
test_12153,0.14195496
test_12154,0.99995315
test_12155,0.94937068
test_12156,0.86299896
test_12157,0.44463983
test_12158,0.19094168
test_12159,0.99948740
test_12160,0.96500635
test_12161,0.99996507
test_12162,0.99999201
test_12163,0.20938784
test_12164,0.97418755
test_12165,0.01894812
test_12166,0.97990674
test_12167,0.62240362
test_12168,0.02213677
test_12169,0.99782759
test_12170,0.98250878
test_12171,0.00017649
test_12172,0.70793092
test_12173,0.99999404
test_12174,0.64746791
test_12175,0.64801896
test_12176,0.54548138
test_12177,0.00022412
test_12178,0.84610105
test_12179,0.02821353
test_12180,0.75697517
test_12181,0.99999845
test_12182,0.70246744
test_12183,0.99328834
test_12184,0.03526846
test_12185,0.99999869
test_12186,0.87786120
test_12187,0.00009600
test_12188,0.00000034
test_12189,0.43231282
test_12190,0.99785137
test_12191,0.99945039
test_12192,0.00708601
test_12193,0.00012997
test_12194,0.00000430
test_12195,0.08314328
test_12196,0.02830938
test_12197,0.64916682
test_12198,0.16768125
test_12199,0.30545717
test_12200,0.99698251
test_12201,0.00000000
test_12202,0.88378936
test_12203,0.94119990
test_12204,0.00429863
test_12205,0.00002592
test_12206,0.00276168
test_12207,0.15980017
test_12208,0.99921978
test_12209,0.99999475
test_12210,0.00199758
test_12211,0.00004024
test_12212,0.99963963
test_12213,0.01181412
test_12214,0.99354494
test_12215,0.99999988
test_12216,0.73026329
test_12217,0.00182705
test_12218,0.73106116
test_12219,0.00424689
test_12220,0.00033662
test_12221,0.00829656
test_12222,0.07364152
test_12223,0.00202208
test_12224,0.07687599
test_12225,0.59646600
test_12226,0.00079358
test_12227,0.40817386
test_12228,0.99748021
test_12229,0.00000090
test_12230,0.10990635
test_12231,0.01759969
test_12232,0.15990010
test_12233,0.00073120
test_12234,0.71250886
test_12235,0.04175438
test_12236,0.85511410
test_12237,0.95450914
test_12238,0.99506301
test_12239,0.99997354
test_12240,0.87575525
test_12241,0.96531469
test_12242,0.00000051
test_12243,0.98428136
test_12244,0.00000057
test_12245,0.97262508
test_12246,0.99987841
test_12247,0.12993404
test_12248,0.00036744
test_12249,0.00085765
test_12250,0.02977465
test_12251,0.00019364
test_12252,0.05988611
test_12253,0.00645807
test_12254,0.56670970
test_12255,0.16400896
test_12256,0.07099030
test_12257,0.05626925
test_12258,0.00016487
test_12259,0.99998498
test_12260,0.99634236
test_12261,1.00000000
test_12262,0.11489219
test_12263,0.04206805
test_12264,0.00423491
test_12265,0.21078081
test_12266,0.41928440
test_12267,0.00946489
test_12268,0.24927738
test_12269,0.96923661
test_12270,0.01940572
test_12271,0.00984033
test_12272,0.99946612
test_12273,0.62097949
test_12274,0.69841743
test_12275,0.00989471
test_12276,0.51190466
test_12277,0.35842547
test_12278,0.00347575
test_12279,0.96104389
test_12280,0.99038917
test_12281,0.02537730
test_12282,0.00399665
test_12283,0.49729660
test_12284,0.02726981
test_12285,0.02946301
test_12286,0.03432906
test_12287,0.97730494
test_12288,0.99999964
test_12289,0.00000118
test_12290,0.00349583
test_12291,0.00590020
test_12292,0.03711851
test_12293,0.99311346
test_12294,0.29644120
test_12295,0.81797606
test_12296,0.50068080
test_12297,0.00041227
test_12298,0.16529116
test_12299,0.90225744
test_12300,0.08882462
test_12301,0.99743772
test_12302,0.15856633
test_12303,0.00010103
test_12304,0.99121863
test_12305,0.00027555
test_12306,0.80132794
test_12307,0.99698669
test_12308,0.58580726
test_12309,0.44218051
test_12310,0.10611974
test_12311,0.69850302
test_12312,0.60527307
test_12313,0.00078217
test_12314,0.99401033
test_12315,0.00949433
test_12316,0.00019128
test_12317,0.00185017
test_12318,0.00268944
test_12319,0.44337994
test_12320,0.99924254
test_12321,0.99968970
test_12322,0.47341737
test_12323,0.05923303
test_12324,0.00259066
test_12325,0.20643735
test_12326,1.00000000
test_12327,0.99997580
test_12328,0.00000617
test_12329,0.18030158
test_12330,0.98092216
test_12331,0.00078237
test_12332,0.99428999
test_12333,0.09473538
test_12334,0.14080982
test_12335,0.97634584
test_12336,0.02009863
test_12337,0.16505133
test_12338,0.06759313
test_12339,0.70060432
test_12340,0.10048331
test_12341,0.92056996
test_12342,0.00045282
test_12343,0.00002178
test_12344,0.96108627
test_12345,0.93810582
test_12346,0.99580008
test_12347,0.97831935
test_12348,0.35235950
test_12349,0.86852717
test_12350,0.40243587
test_12351,0.36243951
test_12352,0.99672556
test_12353,0.85031557
test_12354,0.72388786
test_12355,0.00000319
test_12356,0.85490203
test_12357,0.99988437
test_12358,0.00004115
test_12359,0.00323514
test_12360,0.03184981
test_12361,0.99999774
test_12362,0.94946200
test_12363,0.00417116
test_12364,0.00025747
test_12365,0.92605180
test_12366,0.17659369
test_12367,0.00796716
test_12368,0.99999738
test_12369,0.94619101
test_12370,0.39147767
test_12371,0.99996543
test_12372,0.99998426
test_12373,0.99322802
test_12374,0.00001110
test_12375,0.98350877
test_12376,0.00000543
test_12377,0.00000157
test_12378,0.02414392
test_12379,0.58644748
test_12380,0.00136197
test_12381,0.99710351
test_12382,0.11737385
test_12383,0.00000000
test_12384,0.99347949
test_12385,0.00536544
test_12386,0.79009265
test_12387,0.99835312
test_12388,0.01522672
test_12389,0.92605978
test_12390,0.38882726
test_12391,0.99688512
test_12392,0.54422927
test_12393,0.99545127
test_12394,0.03136884
test_12395,0.46709484
test_12396,0.96930569
test_12397,0.15091288
test_12398,0.69273460
test_12399,0.00017770
test_12400,0.99999952
test_12401,0.00003212
test_12402,0.00022231
test_12403,0.99830353
test_12404,0.00848820
test_12405,0.01471488
test_12406,0.47223884
test_12407,0.99974662
test_12408,0.81090569
test_12409,0.98050582
test_12410,0.00004379
test_12411,0.99996030
test_12412,0.87593824
test_12413,0.15297489
test_12414,0.07822559
test_12415,0.80883288
test_12416,0.86518288
test_12417,0.33647692
test_12418,0.96673244
test_12419,0.16146642
test_12420,0.74885827
test_12421,0.15675204
test_12422,0.99999499
test_12423,0.01290436
test_12424,0.24104543
test_12425,0.70056391
test_12426,0.96539128
test_12427,0.40672138
test_12428,0.00382885
test_12429,0.26704237
test_12430,0.99916565
test_12431,0.99996209
test_12432,0.55998200
test_12433,0.77556223
test_12434,0.99952006
test_12435,0.00000007
test_12436,0.01145782
test_12437,0.04917619
test_12438,0.07474484
test_12439,0.02389403
test_12440,0.41854581
test_12441,0.99798191
test_12442,0.99953389
test_12443,0.02308464
test_12444,0.81511766
test_12445,0.99995494
test_12446,0.60975945
test_12447,0.00772298
test_12448,0.00000081
test_12449,0.78843200
test_12450,0.99924999
test_12451,0.98208332
test_12452,0.39097965
test_12453,0.99954969
test_12454,0.96325141
test_12455,0.03461582
test_12456,0.00312305
test_12457,0.00010738
test_12458,0.99825400
test_12459,0.43090406
test_12460,0.00000803
test_12461,0.99997652
test_12462,0.48853561
test_12463,0.30431655
test_12464,0.00567928
test_12465,0.99428916
test_12466,0.00000076
test_12467,0.99998450
test_12468,0.79838097
test_12469,0.02983554
test_12470,0.99953878
test_12471,0.72692877
test_12472,0.00000776
test_12473,0.39583522
test_12474,0.00080362
test_12475,0.65388292
test_12476,0.71188015
test_12477,0.00609817
test_12478,0.88837808
test_12479,0.00048187
test_12480,0.00072474
test_12481,0.43462026
test_12482,0.97559887
test_12483,0.11889426
test_12484,0.97632307
test_12485,0.07941885
test_12486,0.00160322
test_12487,0.58330172
test_12488,0.00154059
test_12489,0.99999976
test_12490,0.20808746
test_12491,0.16038932
test_12492,0.63638365
test_12493,0.99890363
test_12494,0.84440064
test_12495,0.04899612
test_12496,0.82546115
test_12497,0.13830893
test_12498,0.45017037
test_12499,0.96391296
test_12500,1.00000000
test_12501,0.83847940
test_12502,0.16265404
test_12503,0.99990475
test_12504,0.99782771
test_12505,0.10180229
test_12506,0.97162288
test_12507,0.82419914
test_12508,0.23602460
test_12509,0.16786657
test_12510,0.42894909
test_12511,0.19908594
test_12512,0.01909355
test_12513,0.07043946
test_12514,0.99995601
test_12515,0.00201400
test_12516,0.98985785
test_12517,0.12688473
test_12518,0.59632897
test_12519,0.00250375
test_12520,0.00546780
test_12521,0.00068228
test_12522,0.00096688
test_12523,0.06036855
test_12524,0.99996650
test_12525,0.00834638
test_12526,0.99999416
test_12527,0.00000015
test_12528,0.00740264
test_12529,0.04781111
test_12530,0.99816567
test_12531,0.12240344
test_12532,0.32855514
test_12533,0.98566008
test_12534,0.99993694
test_12535,0.95520443
test_12536,0.00000231
test_12537,0.13700721
test_12538,0.99999940
test_12539,0.00014943
test_12540,0.22191778
test_12541,0.71808839
test_12542,0.00042591
test_12543,0.00618160
test_12544,0.51656705
test_12545,0.97206187
test_12546,0.02656220
test_12547,0.00000671
test_12548,0.83642977
test_12549,0.99737692
test_12550,0.42612621
test_12551,0.56233007
test_12552,0.99702853
test_12553,0.98436105
test_12554,0.00165464
test_12555,0.99994075
test_12556,0.00076450
test_12557,0.88331455
test_12558,0.10041149
test_12559,0.64506680
test_12560,1.00000000
test_12561,0.99389344
test_12562,0.00223848
test_12563,0.99438781
test_12564,0.08580421
test_12565,0.07885786
test_12566,1.00000000
test_12567,0.00408975
test_12568,0.00745625
test_12569,0.99667180
test_12570,0.97488403
test_12571,0.02130614
test_12572,0.94407958
test_12573,0.08944441
test_12574,0.84029579
test_12575,0.00029463
test_12576,0.55991870
test_12577,0.00291255
test_12578,0.48805788
test_12579,0.36094853
test_12580,0.25728789
test_12581,0.97312897
test_12582,0.30640879
test_12583,0.99986553
test_12584,0.76607990
test_12585,0.99862707
test_12586,0.61759102
test_12587,0.67198026
test_12588,0.00001695
test_12589,0.00079259
test_12590,0.46493164
test_12591,0.53457958
test_12592,0.03844225
test_12593,0.03449947
test_12594,0.93394250
test_12595,0.96219581
test_12596,0.00000000
test_12597,0.99049419
test_12598,0.03685844
test_12599,0.67016703
test_12600,0.99225426
test_12601,0.96698838
test_12602,0.00299467
test_12603,0.95592010
test_12604,0.91441226
test_12605,0.10031790
test_12606,0.93763292
test_12607,0.00000934
test_12608,0.90023959
test_12609,0.60865909
test_12610,0.06668819
test_12611,0.14254777
test_12612,0.82623118
test_12613,0.91831577
test_12614,0.88448977
test_12615,0.18856934
test_12616,0.01748040
test_12617,0.00000176
test_12618,0.05164367
test_12619,0.07980467
test_12620,0.87118155
test_12621,0.17257917
test_12622,0.30778420
test_12623,0.99896693
test_12624,0.99998319
test_12625,0.00000007
test_12626,0.00432139
test_12627,0.00000143
test_12628,0.00132932
test_12629,0.98379701
test_12630,0.06646919
test_12631,1.00000000
test_12632,0.44524252
test_12633,0.00988442
test_12634,0.00044150
test_12635,0.00103917
test_12636,0.99883360
test_12637,0.50317127
test_12638,0.02639224
test_12639,0.93353862
test_12640,0.63223475
test_12641,0.21159071
test_12642,0.79046661
test_12643,1.00000000
test_12644,0.00003318
test_12645,0.99917406
test_12646,0.99999881
test_12647,0.00122171
test_12648,0.11022120
test_12649,0.00458264
test_12650,0.68356192
test_12651,0.99999809
test_12652,0.00000005
test_12653,0.01218039
test_12654,0.05382542
test_12655,0.99984455
test_12656,0.96183228
test_12657,0.95532769
test_12658,0.99723804
test_12659,0.00273298
test_12660,0.04964688
test_12661,0.61141580
test_12662,0.98708355
test_12663,0.00540258
test_12664,0.00000005
test_12665,0.87707365
test_12666,0.96933919
test_12667,0.97716433
test_12668,0.01762669
test_12669,0.76722956
test_12670,0.99999988
test_12671,0.74044144
test_12672,0.00150954
test_12673,0.00000347
test_12674,0.98677629
test_12675,0.64698279
test_12676,0.99967372
test_12677,0.99999022
test_12678,0.03301243
test_12679,0.97770256
test_12680,0.82766378
test_12681,0.07034746
test_12682,0.99959904
test_12683,0.00166617
test_12684,0.98777801
test_12685,0.01801983
test_12686,0.99973077
test_12687,0.99987113
test_12688,0.99722809
test_12689,0.20927094
test_12690,0.06382085
test_12691,0.36885870
test_12692,0.84239465
test_12693,0.96129709
test_12694,0.00416313
test_12695,0.00011700
test_12696,0.21964699
test_12697,0.00162047
test_12698,0.90300113
test_12699,0.70009488
test_12700,0.07615414
test_12701,0.45422578
test_12702,0.00466946
test_12703,0.00061141
test_12704,1.00000000
test_12705,0.99901795
test_12706,0.76232737
test_12707,0.94812167
test_12708,0.09997500
test_12709,0.99974805
test_12710,0.89012647
test_12711,0.30066001
test_12712,0.95381844
test_12713,0.04993867
test_12714,0.04491819
test_12715,0.00691537
test_12716,0.00003784
test_12717,0.35208538
test_12718,0.00879533
test_12719,0.46905783
test_12720,0.53277242
test_12721,0.75897717
test_12722,0.54905367
test_12723,0.00000000
test_12724,0.12404619
test_12725,0.13130291
test_12726,0.97160190
test_12727,0.61178285
test_12728,0.40297848
test_12729,0.96894675
test_12730,0.01217335
test_12731,0.99989200
test_12732,0.01981782
test_12733,0.93640655
test_12734,0.99974078
test_12735,0.96706855
test_12736,0.04329028
test_12737,1.00000000
test_12738,0.00095670
test_12739,0.98954880
test_12740,0.00000718
test_12741,0.00012012
test_12742,0.13460557
test_12743,0.00714992
test_12744,0.00006473
test_12745,0.28620613
test_12746,0.49975982
test_12747,0.65569323
test_12748,0.34596950
test_12749,0.04801680
test_12750,0.00000024
test_12751,0.00435433
test_12752,0.63400865
test_12753,0.02117439
test_12754,0.01541996
test_12755,0.91072363
test_12756,0.99999213
test_12757,0.86532235
test_12758,0.00124697
test_12759,0.00001857
test_12760,0.84295893
test_12761,0.06040876
test_12762,0.06016406
test_12763,0.75436306
test_12764,0.00753054
test_12765,0.99529880
test_12766,0.01439454
test_12767,0.00311483
test_12768,0.99570894
test_12769,0.99495244
test_12770,0.01084415
test_12771,0.00000996
test_12772,0.64035714
test_12773,0.99998283
test_12774,0.00025923
test_12775,0.99999976
test_12776,0.01597555
test_12777,0.00001162
test_12778,0.98622155
test_12779,0.03538395
test_12780,0.99999404
test_12781,0.99999332
test_12782,0.02230325
test_12783,0.92426807
test_12784,0.43860510
test_12785,0.94330496
test_12786,0.67644018
test_12787,0.99997807
test_12788,0.57148045
test_12789,0.99206746
test_12790,0.00019440
test_12791,0.00044380
test_12792,0.00052202
test_12793,0.99845338
test_12794,0.01104813
test_12795,0.90907955
test_12796,0.99795216
test_12797,0.99988127
test_12798,0.95721936
test_12799,0.00000077
test_12800,0.43607858
test_12801,0.04996052
test_12802,0.00217967
test_12803,0.44231018
test_12804,0.99999750
test_12805,0.00430126
test_12806,0.06925651
test_12807,0.98872912
test_12808,0.00585929
test_12809,0.99863738
test_12810,0.00137279
test_12811,0.36509416
test_12812,0.95856613
test_12813,0.95172882
test_12814,0.41915640
test_12815,0.87574089
test_12816,0.00094882
test_12817,0.00305390
test_12818,0.00010303
test_12819,0.00002327
test_12820,0.99996364
test_12821,0.21926874
test_12822,0.99961519
test_12823,0.56358403
test_12824,0.09257565
test_12825,0.29603907
test_12826,0.65551084
test_12827,0.00200936
test_12828,0.37845904
test_12829,0.15806198
test_12830,0.00013811
test_12831,0.00200040
test_12832,0.95410973
test_12833,0.00969736
test_12834,0.99996150
test_12835,0.99176073
test_12836,0.98224545
test_12837,0.08571664
test_12838,0.41567457
test_12839,0.00000058
test_12840,0.56229949
test_12841,0.86370713
test_12842,0.10217588
test_12843,0.99964774
test_12844,0.99982637
test_12845,0.00000017
test_12846,0.00048820
test_12847,0.61979979
test_12848,0.99999964
test_12849,0.00055507
test_12850,0.85266322
test_12851,0.01459390
test_12852,0.07093333
test_12853,0.93296796
test_12854,0.35807082
test_12855,0.05438832
test_12856,0.99999189
test_12857,0.96800494
test_12858,0.00008193
test_12859,0.99995649
test_12860,0.99346501
test_12861,0.00437326
test_12862,0.00021635
test_12863,0.53863984
test_12864,0.00000000
test_12865,0.98687100
test_12866,0.97228819
test_12867,0.99548620
test_12868,0.22514649
test_12869,0.00000017
test_12870,0.99987948
test_12871,0.65563691
test_12872,0.99746048
test_12873,0.78313363
test_12874,0.99987113
test_12875,0.00085087
test_12876,0.01249006
test_12877,0.26667339
test_12878,0.97118324
test_12879,0.88933474
test_12880,0.59848666
test_12881,0.00000348
test_12882,0.99989140
test_12883,0.01314398
test_12884,0.22589998
test_12885,0.00080816
test_12886,0.25350374
test_12887,0.57052839
test_12888,0.76248062
test_12889,0.00118755
test_12890,0.99690115
test_12891,0.00000001
test_12892,0.07837727
test_12893,0.99976057
test_12894,0.12926589
test_12895,0.99616939
test_12896,0.99433291
test_12897,0.99923241
test_12898,0.23024884
test_12899,0.72085124
test_12900,0.75318539
test_12901,0.52791345
test_12902,0.97005469
test_12903,0.62501895
test_12904,0.22236407
test_12905,0.95680022
test_12906,0.46165493
test_12907,0.06116779
test_12908,0.98108059
test_12909,0.99999392
test_12910,0.00094254
test_12911,0.99989796
test_12912,1.00000000
test_12913,0.00033469
test_12914,0.00061475
test_12915,0.06380645
test_12916,0.99999785
test_12917,1.00000000
test_12918,0.10758857
test_12919,0.95497018
test_12920,1.00000000
test_12921,0.00008597
test_12922,0.43863130
test_12923,0.90495062
test_12924,0.99781978
test_12925,0.98505718
test_12926,0.97388411
test_12927,0.00009675
test_12928,0.01211540
test_12929,0.63529748
test_12930,0.99999976
test_12931,0.05035714
test_12932,0.14658664
test_12933,0.99118727
test_12934,0.99980241
test_12935,0.00567255
test_12936,0.89702260
test_12937,0.47674525
test_12938,0.09179690
test_12939,0.99863166
test_12940,0.99971801
test_12941,0.86301666
test_12942,0.10006166
test_12943,0.01903998
test_12944,1.00000000
test_12945,0.00034447
test_12946,0.99999750
test_12947,0.99968851
test_12948,0.01223319
test_12949,0.00153779
test_12950,0.84556639
test_12951,0.09398939
test_12952,0.93797040
test_12953,0.89363587
test_12954,0.00024012
test_12955,0.01188664
test_12956,0.99997866
test_12957,0.62727171
test_12958,0.15771551
test_12959,0.36870840
test_12960,0.99915910
test_12961,0.00070567
test_12962,0.14857170
test_12963,0.99998534
test_12964,0.00931087
test_12965,0.87553394
test_12966,0.72470236
test_12967,0.01947239
test_12968,0.01137000
test_12969,0.90529084
test_12970,0.70769960
test_12971,0.00000003
test_12972,0.02192523
test_12973,0.00003695
test_12974,0.00963579
test_12975,0.06249188
test_12976,0.00933820
test_12977,0.08768835
test_12978,0.73210335
test_12979,0.04684756
test_12980,0.00010532
test_12981,0.99018937
test_12982,0.99994683
test_12983,0.93971717
test_12984,0.58762944
test_12985,0.65548497
test_12986,0.99999404
test_12987,0.99963117
test_12988,0.01147390
test_12989,0.48356301
test_12990,0.78346533
test_12991,0.26955667
test_12992,0.16294068
test_12993,0.92924732
test_12994,0.00171190
test_12995,0.19597098
test_12996,0.99719727
test_12997,0.04383512
test_12998,0.99928814
test_12999,0.29675728
test_13000,0.29638788
test_13001,0.99991739
test_13002,0.00443795
test_13003,0.99421376
test_13004,0.04633999
test_13005,0.50217658
test_13006,0.00268905
test_13007,0.04037305
test_13008,0.46923879
test_13009,0.99730861
test_13010,0.40368629
test_13011,0.27819902
test_13012,0.65696204
test_13013,0.99964285
test_13014,0.08779209
test_13015,0.99886394
test_13016,0.00430533
test_13017,0.97036844
test_13018,0.00036127
test_13019,0.48783940
test_13020,0.83176392
test_13021,0.10429819
test_13022,0.02726444
test_13023,0.16006689
test_13024,0.99676907
test_13025,0.99999917
test_13026,0.97225529
test_13027,0.99314815
test_13028,0.63855016
test_13029,0.99719644
test_13030,0.00080220
test_13031,0.44309407
test_13032,0.08555168
test_13033,0.00691817
test_13034,0.95820320
test_13035,0.00389902
test_13036,0.74986732
test_13037,0.99999845
test_13038,0.67918807
test_13039,0.82181489
test_13040,0.96693760
test_13041,0.99797505
test_13042,0.74200517
test_13043,0.99467611
test_13044,0.71387625
test_13045,0.04528393
test_13046,0.96738005
test_13047,0.00028736
test_13048,0.06046313
test_13049,0.99992275
test_13050,0.00000696
test_13051,0.00150732
test_13052,0.88246036
test_13053,0.89006567
test_13054,0.00461081
test_13055,0.07275365
test_13056,0.96407586
test_13057,0.00176464
test_13058,0.00952791
test_13059,0.99999559
test_13060,0.99946290
test_13061,0.99996674
test_13062,0.99999380
test_13063,0.73788106
test_13064,0.00117989
test_13065,0.99618202
test_13066,0.38017169
test_13067,0.20554286
test_13068,0.83078790
test_13069,0.99997270
test_13070,0.19389318
test_13071,0.03927071
test_13072,0.75197673
test_13073,0.41385907
test_13074,0.97098666
test_13075,0.89750600
test_13076,0.96253663
test_13077,0.12808682
test_13078,0.99152231
test_13079,0.77755046
test_13080,0.23374844
test_13081,0.29934174
test_13082,0.99957865
test_13083,0.58308953
test_13084,0.55901587
test_13085,0.99766338
test_13086,0.22671039
test_13087,0.00034248
test_13088,0.77475554
test_13089,0.59587103
test_13090,0.00222395
test_13091,0.43532699
test_13092,0.99935120
test_13093,0.00001196
test_13094,0.97201580
test_13095,0.85537511
test_13096,0.00000026
test_13097,0.08529706
test_13098,0.00000002
test_13099,0.11256919
test_13100,0.00251775
test_13101,0.08819334
test_13102,0.14766984
test_13103,0.03409079
test_13104,0.00000000
test_13105,0.49557570
test_13106,0.66937435
test_13107,0.56647956
test_13108,0.99993825
test_13109,0.00028199
test_13110,0.99914300
test_13111,0.90321058
test_13112,0.99744308
test_13113,0.73464459
test_13114,0.67080629
test_13115,0.86138827
test_13116,0.75698310
test_13117,0.06832365
test_13118,0.41555619
test_13119,0.00065359
test_13120,0.11293151
test_13121,0.10329591
test_13122,0.00225490
test_13123,0.07459138
test_13124,0.99989116
test_13125,0.41606137
test_13126,0.02087216
test_13127,0.84443170
test_13128,0.62502199
test_13129,0.00262816
test_13130,0.99878913
test_13131,0.00533500
test_13132,0.54018700
test_13133,0.00005423
test_13134,0.00002355
test_13135,0.00016785
test_13136,0.13098240
test_13137,0.62305844
test_13138,0.81604785
test_13139,0.00847169
test_13140,0.01038068
test_13141,0.99999988
test_13142,0.00114732
test_13143,0.99998927
test_13144,0.00001873
test_13145,0.37984079
test_13146,1.00000000
test_13147,0.99864608
test_13148,0.13584250
test_13149,0.11158789
test_13150,0.00005512
test_13151,0.99940002
test_13152,0.34997919
test_13153,0.29684657
test_13154,0.38600358
test_13155,0.99999797
test_13156,0.11967354
test_13157,0.42367533
test_13158,0.98804992
test_13159,0.81240875
test_13160,0.25938877
test_13161,0.04663220
test_13162,0.49413878
test_13163,0.99975425
test_13164,0.06459126
test_13165,0.44759345
test_13166,0.04884925
test_13167,0.63898104
test_13168,0.19941007
test_13169,0.63024533
test_13170,0.36470449
test_13171,0.00332558
test_13172,0.72698122
test_13173,0.00080514
test_13174,0.97674948
test_13175,0.00000003
test_13176,0.23721449
test_13177,0.26570272
test_13178,0.81081986
test_13179,0.00868023
test_13180,0.99999940
test_13181,0.00289237
test_13182,0.57419634
test_13183,0.99999881
test_13184,0.00311404
test_13185,0.99999106
test_13186,0.81857365
test_13187,0.95447630
test_13188,0.00507746
test_13189,0.42650968
test_13190,0.04119915
test_13191,0.01612385
test_13192,0.99963927
test_13193,0.02441560
test_13194,0.99905938
test_13195,0.01148400
test_13196,1.00000000
test_13197,0.00004630
test_13198,0.06217681
test_13199,0.64880484
test_13200,0.03849231
test_13201,0.00003360
test_13202,0.71282232
test_13203,1.00000000
test_13204,0.08099907
test_13205,0.04364092
test_13206,0.00022962
test_13207,0.95064098
test_13208,0.70808482
test_13209,0.31361026
test_13210,0.98000276
test_13211,0.78245670
test_13212,0.99988866
test_13213,0.00003332
test_13214,0.00006118
test_13215,0.00036585
test_13216,0.95291996
test_13217,0.99999845
test_13218,1.00000000
test_13219,0.04038361
test_13220,0.99998975
test_13221,0.06776761
test_13222,0.69249207
test_13223,0.11940195
test_13224,0.99937832
test_13225,0.39283431
test_13226,0.99995911
test_13227,0.99617517
test_13228,0.41508755
test_13229,0.02341272
test_13230,0.00431885
test_13231,0.99676114
test_13232,0.91375577
test_13233,0.00002651
test_13234,0.99197716
test_13235,0.00165431
test_13236,0.32439986
test_13237,0.00085469
test_13238,0.89352751
test_13239,0.17703298
test_13240,0.00020936
test_13241,0.01368550
test_13242,0.00006566
test_13243,0.88490546
test_13244,0.98298520
test_13245,0.69892776
test_13246,0.99679750
test_13247,0.99999654
test_13248,0.96325994
test_13249,0.30651897
test_13250,0.99463826
test_13251,0.00316127
test_13252,0.67494482
test_13253,0.00696688
test_13254,0.02397034
test_13255,0.99656713
test_13256,0.02840487
test_13257,0.00523232
test_13258,0.98899186
test_13259,0.99959975
test_13260,0.00118940
test_13261,0.01550039
test_13262,0.00001348
test_13263,0.00017709
test_13264,0.39581373
test_13265,0.98792017
test_13266,0.98653865
test_13267,0.23219308
test_13268,0.00387501
test_13269,0.00000000
test_13270,0.26412612
test_13271,0.00044873
test_13272,0.55742580
test_13273,0.65273368
test_13274,0.01985828
test_13275,0.05775381
test_13276,0.00337705
test_13277,0.03432505
test_13278,0.16941321
test_13279,0.09893342
test_13280,0.42291340
test_13281,0.99998713
test_13282,0.00040851
test_13283,0.60278708
test_13284,0.94905490
test_13285,0.02252441
test_13286,0.99971837
test_13287,0.62548083
test_13288,0.99962223
test_13289,0.00000264
test_13290,0.99999702
test_13291,0.13505095
test_13292,0.99976414
test_13293,0.99996984
test_13294,0.65742946
test_13295,0.99980289
test_13296,0.99970537
test_13297,0.00000099
test_13298,0.99999416
test_13299,0.99991167
test_13300,0.58618748
test_13301,0.87517697
test_13302,0.99852473
test_13303,0.00098835
test_13304,0.86938870
test_13305,0.61383635
test_13306,0.00001552
test_13307,0.19244868
test_13308,0.99995220
test_13309,0.97291178
test_13310,0.99900538
test_13311,0.93691182
test_13312,0.00912603
test_13313,0.73015356
test_13314,0.99370003
test_13315,0.99976856
test_13316,0.00090012
test_13317,0.99999022
test_13318,0.00032336
test_13319,0.99984026
test_13320,0.00011787
test_13321,0.60582072
test_13322,0.00270945
test_13323,0.99999988
test_13324,0.00286632
test_13325,0.11598266
test_13326,0.71648061
test_13327,0.99992812
test_13328,0.00000014
test_13329,0.00037748
test_13330,0.01241315
test_13331,0.15582091
test_13332,0.00105306
test_13333,0.95710313
test_13334,0.01014017
test_13335,0.00000007
test_13336,0.07345881
test_13337,0.99962330
test_13338,0.06205031
test_13339,0.79262447
test_13340,0.03489401
test_13341,0.99191535
test_13342,0.01912505
test_13343,0.99999321
test_13344,0.78262514
test_13345,0.94011283
test_13346,0.98448098
test_13347,0.00206080
test_13348,0.06775994
test_13349,0.00010351
test_13350,0.02197225
test_13351,0.95893699
test_13352,0.00059147
test_13353,0.04206551
test_13354,0.99993992
test_13355,0.99054927
test_13356,0.88680953
test_13357,0.00252836
test_13358,0.99998486
test_13359,0.10435860
test_13360,0.99985933
test_13361,0.00287654
test_13362,0.99973732
test_13363,0.00001421
test_13364,0.97107363
test_13365,0.98114288
test_13366,0.99972862
test_13367,1.00000000
test_13368,0.93729925
test_13369,0.11259939
test_13370,0.88564259
test_13371,0.99999976
test_13372,0.99968052
test_13373,0.92291671
test_13374,0.99929726
test_13375,0.89996189
test_13376,0.97501749
test_13377,0.98291332
test_13378,0.00000025
test_13379,0.00334716
test_13380,0.90008938
test_13381,0.00030029
test_13382,0.99997365
test_13383,1.00000000
test_13384,0.89736253
test_13385,0.69882524
test_13386,0.00000005
test_13387,0.00000131
test_13388,0.00749270
test_13389,0.00029948
test_13390,0.02395121
test_13391,0.99619031
test_13392,0.04816977
test_13393,0.79387522
test_13394,0.92745596
test_13395,0.97541875
test_13396,0.99885833
test_13397,0.94196010
test_13398,0.43541503
test_13399,0.41290453
test_13400,0.99992383
test_13401,0.00301480
test_13402,0.97152150
test_13403,0.99899536
test_13404,0.99643898
test_13405,0.99725598
test_13406,0.61027718
test_13407,0.00004360
test_13408,0.12052167
test_13409,0.29771352
test_13410,0.00914728
test_13411,0.99999940
test_13412,0.99347985
test_13413,0.16911894
test_13414,0.53311753
test_13415,0.99910766
test_13416,0.99999523
test_13417,0.00078594
test_13418,0.21757796
test_13419,0.31405890
test_13420,0.97967005
test_13421,0.83438331
test_13422,0.00083328
test_13423,0.48534358
test_13424,0.95775795
test_13425,0.06166283
test_13426,0.93199039
test_13427,0.99910742
test_13428,0.99997461
test_13429,0.70531338
test_13430,0.00022290
test_13431,0.99983621
test_13432,0.04325230
test_13433,0.00484214
test_13434,0.99086636
test_13435,0.12795778
test_13436,0.00000124
test_13437,0.00098263
test_13438,0.99501836
test_13439,0.99822956
test_13440,0.98416394
test_13441,0.98267221
test_13442,0.85950708
test_13443,0.25484246
test_13444,0.68599635
test_13445,0.99987781
test_13446,0.00000019
test_13447,0.46281230
test_13448,0.00007959
test_13449,0.00000004
test_13450,0.87233996
test_13451,0.98626000
test_13452,0.99364269
test_13453,0.53974754
test_13454,0.00001077
test_13455,0.14818290
test_13456,0.99821484
test_13457,0.54334700
test_13458,0.90305716
test_13459,0.99999774
test_13460,0.78749841
test_13461,0.00099223
test_13462,0.99623364
test_13463,0.08865042
test_13464,0.00000127
test_13465,0.08741579
test_13466,0.80789852
test_13467,0.00000518
test_13468,0.00110336
test_13469,0.97423232
test_13470,0.03665939
test_13471,0.99137455
test_13472,0.87115973
test_13473,1.00000000
test_13474,0.78395379
test_13475,0.97151315
test_13476,0.00782535
test_13477,0.60248214
test_13478,0.99889791
test_13479,0.99989331
test_13480,0.72185665
test_13481,0.99939120
test_13482,0.26850224
test_13483,0.94519794
test_13484,0.00062753
test_13485,0.96576893
test_13486,0.13231418
test_13487,0.77512836
test_13488,0.00000089
test_13489,0.99951649
test_13490,0.00021033
test_13491,0.01195950
test_13492,0.99505758
test_13493,0.99952769
test_13494,0.00001001
test_13495,0.00028164
test_13496,0.88372457
test_13497,0.01820857
test_13498,0.64468318
test_13499,0.36543468
test_13500,0.98222440
test_13501,0.00000163
test_13502,0.54919171
test_13503,0.01307124
test_13504,0.38482526
test_13505,0.02060898
test_13506,0.03157210
test_13507,0.03437442
test_13508,0.99997771
test_13509,0.01516435
test_13510,0.16993876
test_13511,0.84281421
test_13512,0.98337758
test_13513,0.00208473
test_13514,0.00094800
test_13515,0.02422326
test_13516,0.02709819
test_13517,0.01157086
test_13518,0.00000219
test_13519,0.69779944
test_13520,0.10565751
test_13521,0.99919742
test_13522,0.66646516
test_13523,0.97454959
test_13524,0.98345041
test_13525,0.99891686
test_13526,0.00328498
test_13527,0.97787434
test_13528,0.50405365
test_13529,0.99998736
test_13530,0.99999785
test_13531,0.00000417
test_13532,0.27947101
test_13533,0.95786268
test_13534,0.38799754
test_13535,0.99926454
test_13536,0.03821254
test_13537,0.00009173
test_13538,0.00000680
test_13539,0.86830360
test_13540,0.19771419
test_13541,0.11064174
test_13542,0.05868069
test_13543,0.00126192
test_13544,0.99999928
test_13545,0.97751230
test_13546,0.93098700
test_13547,0.00282343
test_13548,0.20587537
test_13549,0.48555684
test_13550,0.03941388
test_13551,0.51950252
test_13552,0.00085208
test_13553,0.84359843
test_13554,0.98774731
test_13555,0.00002664
test_13556,0.18724301
test_13557,0.99928004
test_13558,0.06228340
test_13559,0.00073440
test_13560,0.00673320
test_13561,0.00091281
test_13562,0.96545100
test_13563,0.99967945
test_13564,0.85250759
test_13565,0.99999976
test_13566,0.39910042
test_13567,0.99272901
test_13568,0.60057813
test_13569,0.77501535
test_13570,0.99757797
test_13571,0.05147551
test_13572,0.99710196
test_13573,0.99863118
test_13574,0.24972822
test_13575,0.99999988
test_13576,0.03304683
test_13577,0.06010593
test_13578,0.99969399
test_13579,0.00519678
test_13580,0.00069691
test_13581,0.99975950
test_13582,0.99838924
test_13583,0.00000058
test_13584,1.00000000
test_13585,0.99994504
test_13586,0.99974829
test_13587,0.48511145
test_13588,0.36695328
test_13589,0.99992347
test_13590,0.01951534
test_13591,0.00265336
test_13592,0.65492219
test_13593,0.99985504
test_13594,0.00233812
test_13595,0.00858869
test_13596,0.00000003
test_13597,0.00000144
test_13598,0.00037855
test_13599,0.92904752
test_13600,0.00021740
test_13601,0.81384182
test_13602,0.99982685
test_13603,0.99764901
test_13604,0.99999881
test_13605,0.01486937
test_13606,0.99689269
test_13607,0.42694983
test_13608,0.00000174
test_13609,0.99792898
test_13610,0.99952316
test_13611,0.99999464
test_13612,0.77594596
test_13613,0.94995683
test_13614,0.99993026
test_13615,0.72963929
test_13616,0.00002720
test_13617,0.01092346
test_13618,0.00114751
test_13619,0.99604177
test_13620,0.01099507
test_13621,0.31363896
test_13622,0.99998844
test_13623,0.00012549
test_13624,0.11210195
test_13625,0.50099647
test_13626,0.00014545
test_13627,0.00000360
test_13628,0.67638505
test_13629,0.00000000
test_13630,0.00001124
test_13631,0.04035614
test_13632,0.99218929
test_13633,0.01332685
test_13634,0.97488266
test_13635,0.99182510
test_13636,0.99897897
test_13637,0.59889293
test_13638,0.04065650
test_13639,0.53397995
test_13640,0.69913363
test_13641,0.99465722
test_13642,0.62755799
test_13643,0.00008418
test_13644,0.00000056
test_13645,0.99999344
test_13646,0.98178160
test_13647,0.98455781
test_13648,0.31190795
test_13649,0.02076768
test_13650,0.00506416
test_13651,0.15783517
test_13652,0.53377265
test_13653,0.80425221
test_13654,0.01030048
test_13655,0.07124819
test_13656,0.87690353
test_13657,0.00931259
test_13658,0.76382840
test_13659,0.99769539
test_13660,0.09333210
test_13661,0.58892030
test_13662,0.87858838
test_13663,0.92079288
test_13664,0.99934417
test_13665,0.19306622
test_13666,0.99979335
test_13667,0.00065453
test_13668,0.00000001
test_13669,0.71060777
test_13670,0.00010657
test_13671,0.00410627
test_13672,0.00142882
test_13673,0.00000003
test_13674,0.81961834
test_13675,0.45872870
test_13676,0.37880740
test_13677,0.00178479
test_13678,0.00000009
test_13679,0.00257248
test_13680,0.21018541
test_13681,0.99748564
test_13682,0.98604673
test_13683,0.99995375
test_13684,0.56230497
test_13685,0.97413772
test_13686,0.00013433
test_13687,0.98722047
test_13688,0.44787636
test_13689,0.97445130
test_13690,0.99315166
test_13691,0.99973410
test_13692,0.74061465
test_13693,0.00272258
test_13694,0.04109947
test_13695,0.03018028
test_13696,0.91530937
test_13697,0.01773450
test_13698,0.99595731
test_13699,0.99998617
test_13700,0.99941134
test_13701,0.00011537
test_13702,0.99994040
test_13703,0.19826554
test_13704,0.02014124
test_13705,0.07424115
test_13706,0.00348985
test_13707,0.79548949
test_13708,0.12474382
test_13709,0.40854684
test_13710,0.16718391
test_13711,0.00766426
test_13712,0.04127688
test_13713,0.34226283
test_13714,0.15313545
test_13715,0.48517191
test_13716,0.00430884
test_13717,0.99996316
test_13718,0.60272914
test_13719,0.95203686
test_13720,0.89201307
test_13721,0.96495128
test_13722,0.84971851
test_13723,0.04885375
test_13724,0.00169170
test_13725,0.99888593
test_13726,0.06765752
test_13727,0.80183554
test_13728,0.19216129
test_13729,0.41840991
test_13730,0.00251005
test_13731,0.00157927
test_13732,1.00000000
test_13733,0.90131539
test_13734,0.12544997
test_13735,0.99836189
test_13736,0.99129832
test_13737,0.00016436
test_13738,0.73789072
test_13739,0.99961013
test_13740,0.01661253
test_13741,0.93420702
test_13742,0.00090961
test_13743,0.01101078
test_13744,0.38744181
test_13745,0.05000254
test_13746,0.70821279
test_13747,0.76404345
test_13748,0.00000168
test_13749,0.36234659
test_13750,0.00251639
test_13751,0.99890590
test_13752,0.00889187
test_13753,0.52076179
test_13754,0.93206900
test_13755,0.38197210
test_13756,0.99999309
test_13757,0.78699738
test_13758,0.04185558
test_13759,0.47556582
test_13760,0.00000270
test_13761,0.00265673
test_13762,0.02477639
test_13763,0.99998581
test_13764,0.99996603
test_13765,0.99239022
test_13766,0.03499353
test_13767,0.03589053
test_13768,0.99999988
test_13769,0.58677936
test_13770,0.00313500
test_13771,0.42639592
test_13772,0.00006954
test_13773,0.89856046
test_13774,0.12653658
test_13775,0.01291337
test_13776,0.95458764
test_13777,0.96593451
test_13778,0.08863122
test_13779,0.84792119
test_13780,0.98871452
test_13781,0.00004070
test_13782,0.99999964
test_13783,0.09283742
test_13784,0.41224226
test_13785,0.99986744
test_13786,0.00585724
test_13787,0.99900812
test_13788,0.17580391
test_13789,0.77855438
test_13790,0.00724582
test_13791,0.81495017
test_13792,0.99621803
test_13793,0.93812501
test_13794,0.00000089
test_13795,0.00017351
test_13796,0.84445524
test_13797,0.99538785
test_13798,0.41227040
test_13799,0.00133841
test_13800,0.89363706
test_13801,0.14231566
test_13802,0.43238270
test_13803,0.00003486
test_13804,0.32111028
test_13805,0.12415480
test_13806,0.82867873
test_13807,0.00036253
test_13808,0.99953628
test_13809,0.00075476
test_13810,0.99999928
test_13811,0.17052041
test_13812,0.99381292
test_13813,0.99831724
test_13814,0.05204994
test_13815,0.10075378
test_13816,0.99995947
test_13817,0.35543707
test_13818,0.32220957
test_13819,0.96404713
test_13820,0.99938893
test_13821,0.04395257
test_13822,0.04529414
test_13823,0.99994433
test_13824,0.00006293
test_13825,0.00302130
test_13826,0.99336302
test_13827,0.99979991
test_13828,0.88511187
test_13829,0.99993622
test_13830,0.76789260
test_13831,0.04312951
test_13832,0.99798954
test_13833,0.86105078
test_13834,0.16188592
test_13835,0.99959737
test_13836,0.99626797
test_13837,0.21581638
test_13838,0.22443449
test_13839,0.99263543
test_13840,0.99982566
test_13841,0.00097015
test_13842,0.99631667
test_13843,0.18983383
test_13844,0.40056595
test_13845,0.94385046
test_13846,0.99875104
test_13847,0.00088990
test_13848,0.99999774
test_13849,0.59660029
test_13850,0.81374252
test_13851,0.23101704
test_13852,0.02923167
test_13853,0.99137992
test_13854,0.31287518
test_13855,0.86338508
test_13856,0.00002005
test_13857,0.99983692
test_13858,0.89251328
test_13859,0.99996853
test_13860,0.11242741
test_13861,0.99019277
test_13862,0.99792767
test_13863,0.82190764
test_13864,0.31450567
test_13865,0.99907684
test_13866,0.00007328
test_13867,0.88093281
test_13868,0.00066363
test_13869,0.95238924
test_13870,0.93228728
test_13871,0.12087958
test_13872,0.15886343
test_13873,0.87970340
test_13874,0.99972171
test_13875,0.06873530
test_13876,0.99999988
test_13877,0.06002251
test_13878,0.96537894
test_13879,0.00483816
test_13880,0.99992502
test_13881,0.96541882
test_13882,0.00000013
test_13883,0.99992383
test_13884,0.00366650
test_13885,0.01867051
test_13886,0.19132699
test_13887,0.56838357
test_13888,0.03464090
test_13889,0.82815820
test_13890,0.10386211
test_13891,0.99259734
test_13892,0.99949813
test_13893,0.09651203
test_13894,0.13890792
test_13895,0.00031488
test_13896,0.98965120
test_13897,0.00083220
test_13898,0.68254083
test_13899,0.99244636
test_13900,0.99451089
test_13901,0.00089928
test_13902,0.16661543
test_13903,0.99098939
test_13904,0.99905664
test_13905,0.14989223
test_13906,0.99998248
test_13907,0.99999726
test_13908,0.00000642
test_13909,0.18801400
test_13910,0.99966311
test_13911,0.61659551
test_13912,0.99584061
test_13913,0.00106329
test_13914,0.00206102
test_13915,0.95872599
test_13916,0.86181253
test_13917,0.03812397
test_13918,0.00251946
test_13919,0.99077809
test_13920,0.80846930
test_13921,1.00000000
test_13922,0.08188008
test_13923,1.00000000
test_13924,0.99902809
test_13925,0.65380025
test_13926,0.97518855
test_13927,0.12021130
test_13928,0.99865901
test_13929,0.81802154
test_13930,0.99999881
test_13931,0.99930036
test_13932,0.99908531
test_13933,0.49182019
test_13934,0.41812018
test_13935,0.00904425
test_13936,0.99625516
test_13937,0.97739846
test_13938,0.89406276
test_13939,0.99919683
test_13940,0.77520454
test_13941,0.00003975
test_13942,0.00497252
test_13943,0.99832076
test_13944,1.00000000
test_13945,0.02127274
test_13946,0.46057981
test_13947,0.99980325
test_13948,0.00001963
test_13949,0.00013980
test_13950,0.30467573
test_13951,0.00020863
test_13952,0.81613916
test_13953,0.36659366
test_13954,0.91447866
test_13955,0.99035430
test_13956,0.79305309
test_13957,0.00704858
test_13958,0.99999833
test_13959,0.00000404
test_13960,0.77352130
test_13961,0.99999988
test_13962,0.37923810
test_13963,0.38828328
test_13964,0.99097049
test_13965,0.47091657
test_13966,0.00002748
test_13967,0.99898356
test_13968,0.11241467
test_13969,0.00934707
test_13970,0.00028682
test_13971,0.71434927
test_13972,0.00002252
test_13973,0.99638700
test_13974,0.96264380
test_13975,0.99972790
test_13976,0.04596261
test_13977,0.99999893
test_13978,0.98205352
test_13979,0.00613789
test_13980,0.00286942
test_13981,0.00004550
test_13982,0.77334714
test_13983,0.99944764
test_13984,0.42885500
test_13985,1.00000000
test_13986,0.20418002
test_13987,0.06922437
test_13988,0.97668821
test_13989,0.67978591
test_13990,0.95400417
test_13991,0.15014753
test_13992,0.99961168
test_13993,0.10340309
test_13994,0.03628613
test_13995,0.99745661
test_13996,0.79551154
test_13997,0.00104455
test_13998,0.00037137
test_13999,1.00000000
test_14000,0.01244370
test_14001,0.03498258
test_14002,0.00039929
test_14003,0.92329359
test_14004,0.99437165
test_14005,0.00446528
test_14006,0.99995315
test_14007,0.99955982
test_14008,0.89752835
test_14009,0.99999118
test_14010,0.00000058
test_14011,0.10903440
test_14012,0.99959332
test_14013,0.99997842
test_14014,0.09371348
test_14015,0.98303854
test_14016,1.00000000
test_14017,0.00019457
test_14018,0.01897750
test_14019,0.82803220
test_14020,0.16783826
test_14021,0.63924658
test_14022,0.22948672
test_14023,0.00061682
test_14024,0.00156317
test_14025,0.99750060
test_14026,0.16306341
test_14027,0.14802080
test_14028,0.99996507
test_14029,0.00705317
test_14030,0.99999607
test_14031,0.88359100
test_14032,0.97124386
test_14033,0.03931751
test_14034,0.35501394
test_14035,0.06690560
test_14036,0.65942538
test_14037,0.01733070
test_14038,0.04646696
test_14039,0.64064795
test_14040,0.06695262
test_14041,0.00052323
test_14042,1.00000000
test_14043,0.89146090
test_14044,0.59410286
test_14045,0.06384943
test_14046,0.12956515
test_14047,0.99453038
test_14048,0.00045139
test_14049,0.00445247
test_14050,0.00727467
test_14051,0.03908474
test_14052,0.98483503
test_14053,0.96421778
test_14054,0.50614738
test_14055,0.52134722
test_14056,0.00000007
test_14057,0.51024884
test_14058,0.93045145
test_14059,0.99827003
test_14060,0.99992180
test_14061,0.97109491
test_14062,0.03854804
test_14063,0.00000013
test_14064,0.95491117
test_14065,0.99100411
test_14066,0.67786855
test_14067,0.61184520
test_14068,0.99845731
test_14069,0.01510876
test_14070,0.00134603
test_14071,0.21150026
test_14072,0.33313742
test_14073,0.12625268
test_14074,0.99900275
test_14075,0.97270602
test_14076,0.00002936
test_14077,0.99940431
test_14078,1.00000000
test_14079,0.97554690
test_14080,0.99722123
test_14081,0.21219596
test_14082,0.03169991
test_14083,0.01001423
test_14084,0.98637611
test_14085,0.98754287
test_14086,0.42937371
test_14087,0.99998903
test_14088,0.99854529
test_14089,0.56589609
test_14090,0.11487874
test_14091,0.00521653
test_14092,0.45957121
test_14093,0.00425541
test_14094,0.99957198
test_14095,0.84092307
test_14096,0.99984884
test_14097,0.99630404
test_14098,0.99796653
test_14099,0.10660500
test_14100,0.00751461
test_14101,0.99997008
test_14102,0.82211983
test_14103,0.74756074
test_14104,0.86556882
test_14105,0.03681481
test_14106,0.97073156
test_14107,0.79222053
test_14108,0.00042175
test_14109,0.01253264
test_14110,0.01012063
test_14111,0.99268955
test_14112,0.49503228
test_14113,0.19859506
test_14114,0.00424676
test_14115,0.00003590
test_14116,0.99892044
test_14117,0.99999547
test_14118,0.00131820
test_14119,0.99999702
test_14120,0.01624318
test_14121,0.00000161
test_14122,0.78023922
test_14123,0.94904417
test_14124,0.00039858
test_14125,0.99104112
test_14126,0.99342293
test_14127,0.48599815
test_14128,0.01156434
test_14129,0.66537249
test_14130,0.00078906
test_14131,0.01283589
test_14132,0.99998641
test_14133,0.00968120
test_14134,0.00000470
test_14135,0.82105732
test_14136,0.23651871
test_14137,0.00047643
test_14138,0.01337709
test_14139,0.00034706
test_14140,0.94920146
test_14141,0.19484188
test_14142,0.00000156
test_14143,0.02186251
test_14144,0.00023544
test_14145,0.44287828
test_14146,0.16547747
test_14147,0.62756884
test_14148,0.00012433
test_14149,0.31387213
test_14150,0.03835758
test_14151,0.73353595
test_14152,0.17072211
test_14153,0.00326333
test_14154,0.95686865
test_14155,0.41445094
test_14156,0.00558048
test_14157,0.06289734
test_14158,0.90973341
test_14159,0.00686299
test_14160,0.00122437
test_14161,0.00294668
test_14162,0.99553168
test_14163,0.99999917
test_14164,0.00354534
test_14165,0.99999917
test_14166,0.00876061
test_14167,0.99863881
test_14168,0.02933926
test_14169,0.00255153
test_14170,0.87779009
test_14171,0.97468716
test_14172,0.00094172
test_14173,0.07047459
test_14174,0.91421604
test_14175,0.99967074
test_14176,0.02467518
test_14177,0.00007358
test_14178,0.00189345
test_14179,0.95523006
test_14180,0.79401547
test_14181,0.19888593
test_14182,0.00031170
test_14183,0.86983716
test_14184,0.04603326
test_14185,0.28983867
test_14186,0.00004734
test_14187,0.11490714
test_14188,0.54621261
test_14189,0.00000000
test_14190,0.99461669
test_14191,0.97086436
test_14192,0.94354218
test_14193,0.66028017
test_14194,0.19063613
test_14195,0.99809331
test_14196,0.99933320
test_14197,0.95744812
test_14198,0.79877597
test_14199,0.32080472
test_14200,0.17160264
test_14201,0.00020170
test_14202,0.60113096
test_14203,0.41579062
test_14204,0.07353430
test_14205,0.72137791
test_14206,0.61039621
test_14207,0.00000043
test_14208,0.97549862
test_14209,0.04659712
test_14210,0.98339981
test_14211,0.04661400
test_14212,0.98698503
test_14213,0.00011400
test_14214,0.99970227
test_14215,0.96981287
test_14216,0.00846832
test_14217,0.00461357
test_14218,0.31021231
test_14219,0.60636884
test_14220,0.00031580
test_14221,0.99420047
test_14222,0.02501267
test_14223,0.00002065
test_14224,0.33392686
test_14225,0.99252057
test_14226,0.05667697
test_14227,0.98265487
test_14228,0.00003517
test_14229,0.99965513
test_14230,0.93541813
test_14231,0.00228644
test_14232,0.00000048
test_14233,0.99998808
test_14234,0.00011857
test_14235,0.00000001
test_14236,0.08874267
test_14237,0.99982363
test_14238,0.21633641
test_14239,0.76309967
test_14240,0.00000227
test_14241,0.75552744
test_14242,0.00776621
test_14243,0.99991655
test_14244,0.99130392
test_14245,0.99997067
test_14246,0.99999821
test_14247,0.06278506
test_14248,0.99999797
test_14249,0.00342782
test_14250,0.99986625
test_14251,0.99304742
test_14252,0.95850986
test_14253,0.99367517
test_14254,0.98354304
test_14255,0.00215174
test_14256,0.16928628
test_14257,0.99647754
test_14258,0.16366462
test_14259,0.98893064
test_14260,0.01290394
test_14261,0.00218838
test_14262,0.99026006
test_14263,0.00039281
test_14264,0.10555307
test_14265,0.00000001
test_14266,0.06414895
test_14267,0.29830778
test_14268,0.00001226
test_14269,0.15313159
test_14270,0.10288479
test_14271,0.00817571
test_14272,0.99898964
test_14273,0.03600561
test_14274,0.99999964
test_14275,0.00830229
test_14276,0.20073786
test_14277,0.02035437
test_14278,0.99633408
test_14279,0.99994767
test_14280,0.99065793
test_14281,0.95744902
test_14282,0.95067436
test_14283,0.00005081
test_14284,0.99970573
test_14285,0.38508573
test_14286,0.99986863
test_14287,0.24590506
test_14288,0.93303084
test_14289,0.99997270
test_14290,0.01567121
test_14291,0.99281502
test_14292,0.10140711
test_14293,0.62718225
test_14294,0.00001238
test_14295,0.99996376
test_14296,0.99828064
test_14297,0.99964178
test_14298,0.99996638
test_14299,0.65622407
test_14300,0.83773315
test_14301,0.00006988
test_14302,0.00000203
test_14303,0.95065564
test_14304,0.77109939
test_14305,0.04335108
test_14306,0.98353851
test_14307,0.99999726
test_14308,0.99999547
test_14309,0.00079063
test_14310,0.00002745
test_14311,0.99917251
test_14312,0.68808091
test_14313,0.99994183
test_14314,0.95843625
test_14315,0.00002638
test_14316,0.00000016
test_14317,0.55927253
test_14318,0.00984214
test_14319,1.00000000
test_14320,0.01933488
test_14321,0.91938412
test_14322,0.95396119
test_14323,0.28589651
test_14324,0.18900932
test_14325,0.00268937
test_14326,0.00026084
test_14327,0.00021285
test_14328,0.99992430
test_14329,0.00034622
test_14330,0.00021674
test_14331,0.00087679
test_14332,0.96381241
test_14333,0.00168434
test_14334,0.99879873
test_14335,0.82260329
test_14336,0.97332990
test_14337,0.00063222
test_14338,0.00013296
test_14339,0.68173760
test_14340,0.89593536
test_14341,0.94566816
test_14342,0.00110984
test_14343,0.99712449
test_14344,0.42891335
test_14345,0.00310620
test_14346,0.76980633
test_14347,0.99992049
test_14348,0.00146877
test_14349,0.99993527
test_14350,0.00035779
test_14351,0.00000002
test_14352,0.00013824
test_14353,0.99999237
test_14354,0.01012347
test_14355,0.25002563
test_14356,0.19936550
test_14357,0.07102228
test_14358,0.82631147
test_14359,0.89177686
test_14360,0.95683098
test_14361,0.00001273
test_14362,0.99974722
test_14363,0.00000021
test_14364,0.99965811
test_14365,0.30895299
test_14366,0.99919981
test_14367,0.99999738
test_14368,0.77858704
test_14369,0.96558285
test_14370,0.99998236
test_14371,0.99679923
test_14372,0.00053180
test_14373,0.27632263
test_14374,0.00045901
test_14375,0.02675968
test_14376,0.09754967
test_14377,0.01958554
test_14378,0.99911505
test_14379,0.00001191
test_14380,0.99977046
test_14381,0.40400040
test_14382,0.05371814
test_14383,0.99961793
test_14384,0.13639285
test_14385,0.94763893
test_14386,0.46089849
test_14387,0.84110940
test_14388,0.00025403
test_14389,0.68807238
test_14390,1.00000000
test_14391,0.99636167
test_14392,0.99925953
test_14393,0.68357044
test_14394,0.99998677
test_14395,0.89563805
test_14396,0.99949348
test_14397,0.99999940
test_14398,0.99870920
test_14399,0.32643241
test_14400,0.99977511
test_14401,0.95088816
test_14402,0.00000023
test_14403,0.99999130
test_14404,0.51617634
test_14405,0.99999940
test_14406,0.87159204
test_14407,0.57884383
test_14408,0.01571858
test_14409,0.86784077
test_14410,0.61870009
test_14411,0.00080840
test_14412,0.99960691
test_14413,0.99988222
test_14414,0.00026943
test_14415,0.24187379
test_14416,0.99998939
test_14417,0.42870817
test_14418,0.00414480
test_14419,0.00355574
test_14420,0.00001725
test_14421,0.94573617
test_14422,0.04936271
test_14423,0.48901731
test_14424,0.00325300
test_14425,0.07187510
test_14426,0.02248864
test_14427,0.58401090
test_14428,0.00000044
test_14429,0.99981529
test_14430,0.39736304
test_14431,0.99229217
test_14432,0.00001260
test_14433,0.99794286
test_14434,0.99999976
test_14435,0.15403448
test_14436,0.33505559
test_14437,0.98789239
test_14438,0.99997103
test_14439,0.93798196
test_14440,0.48607966
test_14441,0.18891092
test_14442,0.03232324
test_14443,0.98670459
test_14444,0.70574415
test_14445,0.00017215
test_14446,0.05625268
test_14447,0.99998927
test_14448,0.00003199
test_14449,0.00003178
test_14450,0.86928511
test_14451,0.79761350
test_14452,0.00000203
test_14453,0.66196650
test_14454,0.00005599
test_14455,0.92424726
test_14456,0.94230145
test_14457,0.30875906
test_14458,0.99879348
test_14459,0.07254095
test_14460,0.02389647
test_14461,0.01243566
test_14462,0.98340929
test_14463,0.32122892
test_14464,0.99922287
test_14465,0.99494582
test_14466,0.02627255
test_14467,0.18593328
test_14468,0.20565835
test_14469,0.09296163
test_14470,0.69684750
test_14471,0.19493090
test_14472,0.00056880
test_14473,0.04240600
test_14474,0.86417866
test_14475,0.95598036
test_14476,0.99967170
test_14477,0.97237432
test_14478,0.92985696
test_14479,0.40738586
test_14480,0.99914873
test_14481,0.02585041
test_14482,0.77270383
test_14483,0.57770616
test_14484,0.99707353
test_14485,0.73973900
test_14486,0.00687722
test_14487,0.95173168
test_14488,0.04632179
test_14489,0.00010515
test_14490,0.68490338
test_14491,0.99991608
test_14492,0.13175324
test_14493,0.11778472
test_14494,0.21483247
test_14495,0.00000073
test_14496,0.00022215
test_14497,0.99122190
test_14498,0.99984062
test_14499,0.00753465
test_14500,0.00000000
test_14501,0.00000000
test_14502,0.99831533
test_14503,0.98679382
test_14504,0.00051601
test_14505,0.00007081
test_14506,0.00054223
test_14507,0.90250528
test_14508,0.00111239
test_14509,0.19424303
test_14510,0.95565277
test_14511,0.69663596
test_14512,0.99999976
test_14513,0.00004672
test_14514,0.23773439
test_14515,0.00049809
test_14516,0.99687397
test_14517,0.00002197
test_14518,0.99622464
test_14519,0.80955845
test_14520,0.00638476
test_14521,0.99927598
test_14522,0.00440622
test_14523,0.99999940
test_14524,0.46999949
test_14525,0.79690713
test_14526,0.00000001
test_14527,0.12966451
test_14528,0.87917364
test_14529,0.00156544
test_14530,0.99530292
test_14531,0.86724108
test_14532,0.00843265
test_14533,0.00044967
test_14534,0.66559666
test_14535,0.92496341
test_14536,0.99697196
test_14537,0.40844065
test_14538,0.25035116
test_14539,0.00406187
test_14540,0.72924149
test_14541,0.70336539
test_14542,0.99997818
test_14543,0.00007990
test_14544,0.00214120
test_14545,0.98624671
test_14546,0.94617617
test_14547,0.99851042
test_14548,0.86952835
test_14549,0.56710947
test_14550,0.99897873
test_14551,0.78836668
test_14552,0.84343892
test_14553,0.99971896
test_14554,0.00000218
test_14555,0.14141335
test_14556,0.90726006
test_14557,0.99992406
test_14558,0.07678167
test_14559,0.01751485
test_14560,0.00212763
test_14561,0.99684829
test_14562,0.99209917
test_14563,0.12454703
test_14564,0.00083325
test_14565,0.99982375
test_14566,0.59090096
test_14567,0.99553704
test_14568,0.99951267
test_14569,0.14008179
test_14570,0.98326528
test_14571,0.00651902
test_14572,0.39747751
test_14573,0.99807274
test_14574,0.99999726
test_14575,0.00571128
test_14576,0.08777253
test_14577,0.88919264
test_14578,0.00073924
test_14579,0.00186944
test_14580,0.46941280
test_14581,0.93620723
test_14582,0.97737461
test_14583,0.99998069
test_14584,0.99372959
test_14585,0.93014538
test_14586,0.07826596
test_14587,0.52722800
test_14588,0.77460253
test_14589,0.00351524
test_14590,0.99970466
test_14591,0.38068214
test_14592,0.15181246
test_14593,0.99971801
test_14594,0.57566124
test_14595,0.98412424
test_14596,0.01490183
test_14597,0.74393052
test_14598,0.00000566
test_14599,0.99665856
test_14600,0.99994397
test_14601,0.99954933
test_14602,0.53735936
test_14603,0.72186035
test_14604,0.49855730
test_14605,0.00038128
test_14606,0.60065299
test_14607,0.01423807
test_14608,0.99554330
test_14609,0.45517662
test_14610,0.00107694
test_14611,0.19481689
test_14612,0.00686195
test_14613,0.99417084
test_14614,0.99999917
test_14615,0.81140530
test_14616,0.30168325
test_14617,0.99997497
test_14618,0.98671627
test_14619,0.51582307
test_14620,0.97416955
test_14621,0.99792981
test_14622,0.99999547
test_14623,0.99926072
test_14624,0.99652267
test_14625,0.99602437
test_14626,0.99815232
test_14627,0.73521703
test_14628,0.13845313
test_14629,0.91138947
test_14630,0.00000789
test_14631,0.68731493
test_14632,0.00515450
test_14633,0.73481077
test_14634,0.34929049
test_14635,0.92738640
test_14636,0.10606388
test_14637,0.78150737
test_14638,0.99946803
test_14639,0.00000192
test_14640,0.02099527
test_14641,0.00000017
test_14642,0.00002464
test_14643,0.44563714
test_14644,0.02664296
test_14645,0.88616461
test_14646,0.97967738
test_14647,0.03353070
test_14648,0.04244926
test_14649,0.99674124
test_14650,0.98634315
test_14651,0.23844436
test_14652,0.00514362
test_14653,0.91570115
test_14654,0.01212156
test_14655,0.10302141
test_14656,0.00032048
test_14657,0.31689900
test_14658,0.00094629
test_14659,0.28239042
test_14660,0.00032833
test_14661,0.00783560
test_14662,0.99082726
test_14663,0.38014331
test_14664,0.99500942
test_14665,0.00005709
test_14666,0.99962699
test_14667,0.95860690
test_14668,0.96109456
test_14669,0.09589081
test_14670,0.79466993
test_14671,0.00283754
test_14672,0.94421166
test_14673,0.73220438
test_14674,0.70168930
test_14675,0.99981409
test_14676,0.99718386
test_14677,0.00001317
test_14678,0.99583215
test_14679,0.99004245
test_14680,0.00118025
test_14681,0.99878067
test_14682,0.95907587
test_14683,0.00105412
test_14684,0.98880649
test_14685,0.99720252
test_14686,0.43813410
test_14687,0.98810053
test_14688,0.98373336
test_14689,0.00000021
test_14690,0.72636086
test_14691,0.99426597
test_14692,0.02959244
test_14693,0.97997427
test_14694,0.14214820
test_14695,0.97760743
test_14696,1.00000000
test_14697,0.00698227
test_14698,0.99999833
test_14699,0.99997449
test_14700,0.99868494
test_14701,0.20287117
test_14702,0.99998581
test_14703,0.99760473
test_14704,0.96776575
test_14705,0.21554062
test_14706,0.37309983
test_14707,0.00005660
test_14708,0.00016408
test_14709,0.02076515
test_14710,0.99992287
test_14711,0.00774199
test_14712,0.39919993
test_14713,0.86506128
test_14714,0.96464080
test_14715,0.48786229
test_14716,0.99992132
test_14717,0.99812120
test_14718,0.00208579
test_14719,0.93665987
test_14720,0.99985564
test_14721,0.99978572
test_14722,0.99636406
test_14723,0.99960881
test_14724,0.69755352
test_14725,0.99989343
test_14726,0.99997687
test_14727,0.82270068
test_14728,0.00032120
test_14729,0.46468177
test_14730,0.82667202
test_14731,1.00000000
test_14732,0.99759668
test_14733,0.90924394
test_14734,0.35133648
test_14735,0.98061991
test_14736,0.99580353
test_14737,0.93686128
test_14738,0.00025628
test_14739,0.99862516
test_14740,0.97284907
test_14741,0.00000038
test_14742,0.87502468
test_14743,0.99992633
test_14744,0.99999630
test_14745,0.99999762
test_14746,0.98371267
test_14747,0.00229442
test_14748,0.00577283
test_14749,0.56406242
test_14750,0.03011576
test_14751,0.03932771
test_14752,0.00000061
test_14753,0.03077234
test_14754,0.99947888
test_14755,0.12450662
test_14756,0.99916112
test_14757,0.99999797
test_14758,0.99998081
test_14759,0.00062177
test_14760,0.43244475
test_14761,0.85510272
test_14762,0.00000000
test_14763,0.17402251
test_14764,0.99990797
test_14765,0.00000000
test_14766,0.99999893
test_14767,0.99944633
test_14768,0.95695359
test_14769,0.99999237
test_14770,0.99999630
test_14771,0.99167633
test_14772,0.46659032
test_14773,0.72424942
test_14774,0.28812176
test_14775,0.10107507
test_14776,0.57989925
test_14777,0.99739146
test_14778,0.77552336
test_14779,0.35006186
test_14780,1.00000000
test_14781,0.05608980
test_14782,0.22714022
test_14783,0.39069942
test_14784,0.99394447
test_14785,0.83194715
test_14786,0.01119190
test_14787,0.06716602
test_14788,0.81659800
test_14789,0.14858197
test_14790,0.08639342
test_14791,0.54115981
test_14792,0.99421209
test_14793,0.99216813
test_14794,0.00000468
test_14795,0.79324788
test_14796,0.96821558
test_14797,0.99999988
test_14798,0.99178267
test_14799,0.10808796
test_14800,0.15810144
test_14801,0.00000000
test_14802,0.00516446
test_14803,0.91510087
test_14804,0.00001486
test_14805,0.07220531
test_14806,0.00004011
test_14807,0.65488911
test_14808,0.70905668
test_14809,0.71701229
test_14810,0.11977697
test_14811,0.82613003
test_14812,0.96033448
test_14813,0.95305693
test_14814,0.81212479
test_14815,0.99984050
test_14816,0.00018414
test_14817,0.75582904
test_14818,0.95089692
test_14819,0.99999487
test_14820,0.09114660
test_14821,0.00001171
test_14822,0.98821729
test_14823,0.00285367
test_14824,0.82789385
test_14825,0.09976026
test_14826,0.43465149
test_14827,0.99996090
test_14828,0.02804643
test_14829,0.99996150
test_14830,0.73281378
test_14831,0.99540555
test_14832,0.11847318
test_14833,0.71709740
test_14834,0.43530262
test_14835,0.02606368
test_14836,0.99965882
test_14837,0.00147552
test_14838,0.00462670
test_14839,0.14544228
test_14840,0.00000718
test_14841,0.99999547
test_14842,0.99999976
test_14843,0.09217884
test_14844,0.52633530
test_14845,0.99999082
test_14846,0.94568008
test_14847,0.99883348
test_14848,0.91593796
test_14849,0.99993205
test_14850,0.01078799
test_14851,0.66632754
test_14852,0.34694868
test_14853,0.20468752
test_14854,0.60572952
test_14855,0.98812675
test_14856,0.00014005
test_14857,0.98372847
test_14858,0.92972755
test_14859,0.98790723
test_14860,0.69580984
test_14861,0.15077606
test_14862,0.99380928
test_14863,0.19962059
test_14864,0.02325943
test_14865,0.99817777
test_14866,0.00601274
test_14867,0.02912124
test_14868,0.98176837
test_14869,0.99998176
test_14870,0.01883125
test_14871,0.99695122
test_14872,0.96529949
test_14873,0.08967258
test_14874,0.05922508
test_14875,0.98440105
test_14876,0.00195913
test_14877,0.03161088
test_14878,0.99999642
test_14879,0.43369573
test_14880,0.98503774
test_14881,0.02563273
test_14882,0.00497976
test_14883,0.97408289
test_14884,0.05044581
test_14885,0.27328113
test_14886,0.77467537
test_14887,0.10099434
test_14888,0.32395792
test_14889,0.03432127
test_14890,0.28385910
test_14891,0.92411298
test_14892,0.34981969
test_14893,0.00546313
test_14894,0.50699860
test_14895,0.83537692
test_14896,0.00001399
test_14897,0.09703428
test_14898,0.99991691
test_14899,0.00020144
test_14900,0.19390541
test_14901,0.33349693
test_14902,0.52354860
test_14903,0.93264008
test_14904,0.97140819
test_14905,0.99922466
test_14906,0.99999559
test_14907,0.10648535
test_14908,0.74247152
test_14909,0.00000043
test_14910,0.78845990
test_14911,0.95951700
test_14912,0.86895794
test_14913,0.99992955
test_14914,0.79597497
test_14915,0.01777367
test_14916,0.99721742
test_14917,0.32934955
test_14918,0.32328895
test_14919,0.01563306
test_14920,0.73335111
test_14921,0.93728513
test_14922,0.00000001
test_14923,0.00000002
test_14924,0.99964476
test_14925,0.99999940
test_14926,0.01866579
test_14927,0.78574735
test_14928,1.00000000
test_14929,0.00067268
test_14930,0.04753159
test_14931,0.99156183
test_14932,0.01281113
test_14933,0.22162636
test_14934,0.00000018
test_14935,0.00088384
test_14936,0.98424131
test_14937,0.99156803
test_14938,0.69179863
test_14939,0.00718251
test_14940,0.60382158
test_14941,0.99235195
test_14942,0.99980718
test_14943,0.00005001
test_14944,0.33124149
test_14945,0.01422864
test_14946,0.00299614
test_14947,0.94313693
test_14948,0.99385047
test_14949,0.76277578
test_14950,0.99576062
test_14951,0.01366137
test_14952,0.03727375
test_14953,0.99999881
test_14954,0.00490008
test_14955,0.01668545
test_14956,0.50596434
test_14957,0.98936898
test_14958,0.00000001
test_14959,0.00192597
test_14960,0.81135452
test_14961,0.91575050
test_14962,0.97387427
test_14963,0.93668175
test_14964,0.23151875
test_14965,0.99999928
test_14966,1.00000000
test_14967,0.00001835
test_14968,0.00000486
test_14969,0.12453997
test_14970,0.00358369
test_14971,0.00131438
test_14972,0.07692226
test_14973,0.01062708
test_14974,0.99715567
test_14975,0.99900335
test_14976,0.01044688
test_14977,0.00004847
test_14978,0.44074902
test_14979,0.00000031
test_14980,0.24850172
test_14981,0.59634656
test_14982,0.85106021
test_14983,0.83675551
test_14984,0.00067758
test_14985,0.22074948
test_14986,0.80714571
test_14987,0.00722427
test_14988,0.03468454
test_14989,0.99999988
test_14990,0.00646553
test_14991,0.86933583
test_14992,0.67839873
test_14993,0.99997711
test_14994,0.98490036
test_14995,0.91816312
test_14996,0.99656063
test_14997,0.00423497
test_14998,0.98109782
test_14999,0.94231260
test_15000,0.97067881
test_15001,0.40329194
test_15002,0.00000325
test_15003,0.00000018
test_15004,0.73474181
test_15005,0.04592323
test_15006,0.49832177
test_15007,0.14269187
test_15008,0.13147016
test_15009,0.00440617
test_15010,0.00010100
test_15011,0.00016710
test_15012,0.00199193
test_15013,0.99954861
test_15014,0.41699791
test_15015,0.99317968
test_15016,0.00002751
test_15017,0.00925026
test_15018,0.99999523
test_15019,0.37388799
test_15020,0.92719299
test_15021,0.00195026
test_15022,0.00025133
test_15023,0.99531734
test_15024,0.99940932
test_15025,0.00009160
test_15026,0.00235309
test_15027,0.00000194
test_15028,0.03043665
test_15029,0.92095155
test_15030,0.48767129
test_15031,0.00000000
test_15032,0.28495690
test_15033,0.00022326
test_15034,0.91654468
test_15035,0.99778557
test_15036,0.00926150
test_15037,0.03407520
test_15038,0.96104717
test_15039,0.00130198
test_15040,0.94277436
test_15041,0.00001679
test_15042,0.99873358
test_15043,0.00030396
test_15044,0.98918521
test_15045,0.00417446
test_15046,0.04006956
test_15047,0.81898564
test_15048,0.99997747
test_15049,0.99999750
test_15050,0.99999189
test_15051,0.99968362
test_15052,0.92502064
test_15053,0.00000354
test_15054,0.00004084
test_15055,0.00004359
test_15056,0.98991090
test_15057,0.59040958
test_15058,0.66849446
test_15059,0.99291116
test_15060,0.89168173
test_15061,0.99993861
test_15062,0.99993110
test_15063,0.99527514
test_15064,0.00193374
test_15065,0.95044184
test_15066,0.17852962
test_15067,0.53009719
test_15068,0.41001093
test_15069,0.15374161
test_15070,0.89993739
test_15071,0.18468410
test_15072,0.95633161
test_15073,0.01034078
test_15074,0.00094192
test_15075,0.00145934
test_15076,0.94756752
test_15077,0.87030286
test_15078,0.26354033
test_15079,0.05248416
test_15080,0.02698410
test_15081,0.94281060
test_15082,0.96133488
test_15083,0.99975401
test_15084,0.99985695
test_15085,0.99663782
test_15086,0.00842634
test_15087,0.99373913
test_15088,0.91085404
test_15089,0.00000451
test_15090,0.00014271
test_15091,0.99033219
test_15092,0.99271327
test_15093,0.00295228
test_15094,0.91258729
test_15095,0.00460349
test_15096,0.00476749
test_15097,0.99999952
test_15098,0.00000449
test_15099,0.99969745
test_15100,0.84826356
test_15101,0.00313814
test_15102,0.99977511
test_15103,0.15034042
test_15104,0.99939370
test_15105,0.99452221
test_15106,0.99948859
test_15107,0.00486958
test_15108,0.07458181
test_15109,0.55387074
test_15110,0.99960405
test_15111,0.99205512
test_15112,0.99974698
test_15113,0.45754868
test_15114,0.99387109
test_15115,0.97771412
test_15116,0.99797302
test_15117,0.46557948
test_15118,0.33654645
test_15119,0.00000022
test_15120,0.00135225
test_15121,0.00000303
test_15122,0.00970031
test_15123,0.66092694
test_15124,0.00146235
test_15125,0.09276184
test_15126,0.13987494
test_15127,0.99843186
test_15128,0.00847897
test_15129,0.00250091
test_15130,0.00397501
test_15131,0.04411096
test_15132,0.65655917
test_15133,0.66412562
test_15134,0.99005812
test_15135,0.99992085
test_15136,0.99452811
test_15137,0.03879222
test_15138,0.99718446
test_15139,0.94130236
test_15140,0.00025380
test_15141,0.99996161
test_15142,0.99999106
test_15143,0.79903442
test_15144,0.00020843
test_15145,0.93945050
test_15146,0.95579863
test_15147,0.00095595
test_15148,0.68863559
test_15149,0.07662180
test_15150,0.75995058
test_15151,0.99997973
test_15152,0.00237247
test_15153,0.00002101
test_15154,0.99989760
test_15155,0.00356496
test_15156,0.24405223
test_15157,0.53894997
test_15158,0.01109868
test_15159,0.01408373
test_15160,0.97157347
test_15161,0.99959618
test_15162,0.85288429
test_15163,0.00049727
test_15164,0.99781609
test_15165,0.00837137
test_15166,0.00012066
test_15167,0.93258733
test_15168,0.28664750
test_15169,0.22795846
test_15170,0.03910402
test_15171,0.99970645
test_15172,0.05151654
test_15173,0.00025987
test_15174,0.08003265
test_15175,0.58500844
test_15176,0.97782636
test_15177,0.66849166
test_15178,0.00018040
test_15179,0.00013091
test_15180,0.94796932
test_15181,0.00312078
test_15182,0.39071187
test_15183,0.04000871
test_15184,0.96466023
test_15185,0.99997830
test_15186,0.98320240
test_15187,0.14785740
test_15188,0.99181175
test_15189,0.62407070
test_15190,0.00097184
test_15191,0.03599140
test_15192,0.00072432
test_15193,0.00596845
test_15194,0.04171424
test_15195,0.00138928
test_15196,0.33989868
test_15197,0.99646807
test_15198,0.00007011
test_15199,0.00033213
test_15200,0.00079874
test_15201,0.89114439
test_15202,0.99573201
test_15203,0.00002027
test_15204,0.88957608
test_15205,0.72038621
test_15206,0.79736018
test_15207,0.98640269
test_15208,0.00145412
test_15209,0.00000870
test_15210,0.03815608
test_15211,0.00378851
test_15212,0.00005989
test_15213,0.99987674
test_15214,0.80721307
test_15215,0.99998546
test_15216,0.99196601
test_15217,0.19096449
test_15218,0.99999952
test_15219,0.99995375
test_15220,0.00323214
test_15221,0.00000003
test_15222,0.99988604
test_15223,0.87375742
test_15224,0.22657093
test_15225,0.00070387
test_15226,0.79811865
test_15227,0.00547933
test_15228,0.99985778
test_15229,0.00036894
test_15230,0.99986792
test_15231,0.99980158
test_15232,0.98261780
test_15233,0.77393663
test_15234,0.55509001
test_15235,0.00007893
test_15236,0.99924135
test_15237,0.00004050
test_15238,0.99999869
test_15239,0.33333239
test_15240,0.99996030
test_15241,0.48655051
test_15242,0.00274724
test_15243,0.06235861
test_15244,0.00000154
test_15245,0.97455865
test_15246,0.99298805
test_15247,0.99877244
test_15248,0.85694420
test_15249,0.87258160
test_15250,0.79442227
test_15251,1.00000000
test_15252,0.99992108
test_15253,0.99335611
test_15254,0.00337060
test_15255,0.57949752
test_15256,0.00312462
test_15257,0.45693851
test_15258,0.00042319
test_15259,0.23818710
test_15260,0.80090159
test_15261,0.95371598
test_15262,0.91547936
test_15263,0.99999917
test_15264,0.80818129
test_15265,0.41514543
test_15266,0.98049116
test_15267,0.00010053
test_15268,0.03217387
test_15269,0.97496867
test_15270,0.99996042
test_15271,0.01877941
test_15272,0.99986005
test_15273,0.75029922
test_15274,0.38193911
test_15275,0.04187339
test_15276,0.94167292
test_15277,0.50695670
test_15278,0.99998355
test_15279,0.99979883
test_15280,0.98155564
test_15281,0.00003653
test_15282,0.99997485
test_15283,1.00000000
test_15284,0.71509105
test_15285,0.01966299
test_15286,0.18292370
test_15287,0.99613816
test_15288,0.00053759
test_15289,0.01321615
test_15290,0.96696734
test_15291,0.04792652
test_15292,0.12222478
test_15293,0.00500697
test_15294,0.96745044
test_15295,0.64569336
test_15296,0.97792816
test_15297,0.99727565
test_15298,0.00000051
test_15299,0.02154200
test_15300,0.11291949
test_15301,0.00000516
test_15302,0.00017063
test_15303,0.24020456
test_15304,0.96997088
test_15305,0.96497661
test_15306,0.99999893
test_15307,0.87071973
test_15308,0.26897067
test_15309,0.99836367
test_15310,0.12043981
test_15311,0.00781271
test_15312,0.66816556
test_15313,0.12517418
test_15314,0.98749566
test_15315,0.90908498
test_15316,0.96450990
test_15317,0.01165105
test_15318,0.00064097
test_15319,0.01889980
test_15320,0.01731004
test_15321,0.99999988
test_15322,0.70536107
test_15323,0.98705882
test_15324,0.72402012
test_15325,0.95436209
test_15326,0.74717444
test_15327,0.89057386
test_15328,0.16899610
test_15329,0.98181963
test_15330,0.00042912
test_15331,1.00000000
test_15332,0.99730933
test_15333,0.00000264
test_15334,0.55369735
test_15335,0.98819786
test_15336,0.70656270
test_15337,0.10761306
test_15338,0.63651264
test_15339,0.91421849
test_15340,0.95045453
test_15341,0.99204773
test_15342,0.00008545
test_15343,0.00012916
test_15344,0.99999428
test_15345,0.67233717
test_15346,0.00245177
test_15347,0.62816525
test_15348,0.00348203
test_15349,0.99997556
test_15350,0.89294297
test_15351,0.00647724
test_15352,0.01592170
test_15353,0.95434028
test_15354,0.99964023
test_15355,0.36401904
test_15356,0.00044177
test_15357,0.00000312
test_15358,0.20113125
test_15359,0.99720937
test_15360,0.99999917
test_15361,0.99651462
test_15362,0.00063157
test_15363,0.71586096
test_15364,0.99344867
test_15365,0.00392210
test_15366,0.43840182
test_15367,0.99970883
test_15368,0.99929357
test_15369,0.98950583
test_15370,0.07994893
test_15371,0.10465651
test_15372,0.00920378
test_15373,0.77320296
test_15374,0.82487088
test_15375,0.10684307
test_15376,0.99992621
test_15377,0.99654657
test_15378,0.91469556
test_15379,0.99901128
test_15380,0.99820018
test_15381,0.99999869
test_15382,0.00112964
test_15383,0.24174234
test_15384,0.12046327
test_15385,0.09593187
test_15386,0.95972949
test_15387,0.99998844
test_15388,0.99999249
test_15389,0.99996376
test_15390,0.02653234
test_15391,0.93712145
test_15392,0.08976515
test_15393,0.95170957
test_15394,0.78117305
test_15395,0.99998164
test_15396,0.05007163
test_15397,0.99958187
test_15398,0.99636948
test_15399,0.75645554
test_15400,0.99992859
test_15401,0.99781406
test_15402,0.52609986
test_15403,0.99995768
test_15404,0.15278402
test_15405,0.99997604
test_15406,0.89655960
test_15407,0.99999928
test_15408,0.82763165
test_15409,0.79666585
test_15410,0.55572617
test_15411,0.99732190
test_15412,0.99978083
test_15413,0.99024266
test_15414,0.85488808
test_15415,0.87439609
test_15416,0.00360307
test_15417,0.99149382
test_15418,0.99861503
test_15419,0.43693575
test_15420,0.99997926
test_15421,0.80220860
test_15422,0.84303492
test_15423,0.52867460
test_15424,0.99999785
test_15425,0.99999821
test_15426,0.60053843
test_15427,0.99862158
test_15428,0.99999976
test_15429,0.73036414
test_15430,0.99999297
test_15431,1.00000000
test_15432,0.00434102
test_15433,0.02184271
test_15434,0.99026650
test_15435,0.99969888
test_15436,0.00060561
test_15437,0.98757088
test_15438,0.05341254
test_15439,0.99013078
test_15440,0.00117332
test_15441,0.82150042
test_15442,0.31068099
test_15443,0.18103029
test_15444,0.00000065
test_15445,0.99977273
test_15446,0.97606248
test_15447,0.12534331
test_15448,0.81139642
test_15449,0.00207018
test_15450,0.68392324
test_15451,0.00001971
test_15452,0.98429585
test_15453,0.58022934
test_15454,0.00050547
test_15455,0.99978572
test_15456,0.74214697
test_15457,0.35499024
test_15458,0.08513074
test_15459,0.68048000
test_15460,0.09139810
test_15461,0.98026526
test_15462,0.99168044
test_15463,0.00001783
test_15464,0.00058071
test_15465,0.98968506
test_15466,0.99999547
test_15467,0.89173317
test_15468,0.32569548
test_15469,0.92006058
test_15470,0.96602583
test_15471,0.13200834
test_15472,0.00020541
test_15473,0.78589892
test_15474,0.00103725
test_15475,0.31378472
test_15476,0.15371948
test_15477,0.99995947
test_15478,0.99999058
test_15479,0.99947470
test_15480,0.91541582
test_15481,0.99990404
test_15482,0.13400525
test_15483,0.99677485
test_15484,0.01032990
test_15485,0.63859081
test_15486,0.94267803
test_15487,0.00262852
test_15488,0.02300758
test_15489,0.35450760
test_15490,0.00215584
test_15491,0.00047678
test_15492,0.92123008
test_15493,0.53924090
test_15494,0.67983842
test_15495,0.09707665
test_15496,0.00041200
test_15497,0.77616346
test_15498,0.99833655
test_15499,0.99932969
test_15500,0.00002081
test_15501,0.99999690
test_15502,0.81874561
test_15503,0.99999952
test_15504,0.99994814
test_15505,0.99495357
test_15506,0.99705386
test_15507,0.00026179
test_15508,0.99976712
test_15509,0.03416141
test_15510,0.25445271
test_15511,0.64885169
test_15512,0.03148225
test_15513,0.87693256
test_15514,0.99986851
test_15515,0.85266215
test_15516,0.95640290
test_15517,0.14633599
test_15518,0.00004989
test_15519,0.99674404
test_15520,0.10592017
test_15521,0.71265304
test_15522,0.85098755
test_15523,0.61384779
test_15524,0.00000114
test_15525,0.01366919
test_15526,0.99933463
test_15527,0.99770218
test_15528,0.10306340
test_15529,0.00292169
test_15530,0.87150007
test_15531,0.01543804
test_15532,0.01487956
test_15533,0.00211910
test_15534,0.00000903
test_15535,0.01053236
test_15536,0.58859956
test_15537,0.98147869
test_15538,0.81458646
test_15539,0.00238429
test_15540,0.01521549
test_15541,0.99841070
test_15542,0.00723451
test_15543,0.06826419
test_15544,0.00827948
test_15545,0.26599252
test_15546,0.01373620
test_15547,0.00002703
test_15548,0.00003146
test_15549,0.00010338
test_15550,0.98839128
test_15551,0.00102589
test_15552,0.03118362
test_15553,0.77624875
test_15554,0.00056310
test_15555,0.93942195
test_15556,0.90340608
test_15557,0.00000322
test_15558,0.00662214
test_15559,0.97314918
test_15560,0.99992967
test_15561,0.26918668
test_15562,0.99829859
test_15563,0.99999750
test_15564,0.00000026
test_15565,0.02498347
test_15566,0.99997151
test_15567,0.05648392
test_15568,0.99695206
test_15569,0.13124363
test_15570,0.99990451
test_15571,0.24899158
test_15572,0.00436347
test_15573,0.95393741
test_15574,0.99921370
test_15575,0.19029938
test_15576,0.99822968
test_15577,0.44511694
test_15578,0.99456537
test_15579,0.96429336
test_15580,0.99996531
test_15581,0.00932333
test_15582,0.92024171
test_15583,0.00011050
test_15584,0.00691754
test_15585,0.99998140
test_15586,0.26941782
test_15587,0.06692897
test_15588,0.63932747
test_15589,0.99912649
test_15590,0.00009154
test_15591,0.10254955
test_15592,0.50751883
test_15593,0.99811906
test_15594,0.78298128
test_15595,0.08282205
test_15596,0.99999952
test_15597,0.98864567
test_15598,0.34936094
test_15599,0.30921042
test_15600,0.65917951
test_15601,0.93979442
test_15602,0.00045689
test_15603,0.00202690
test_15604,0.16401094
test_15605,0.00234477
test_15606,0.49045929
test_15607,0.00681080
test_15608,0.19579811
test_15609,0.99606210
test_15610,0.73854715
test_15611,0.06961684
test_15612,0.99394649
test_15613,0.99990499
test_15614,0.82633162
test_15615,0.07713649
test_15616,0.01407819
test_15617,0.90898699
test_15618,0.00610570
test_15619,0.99735993
test_15620,0.00985568
test_15621,0.99447775
test_15622,0.00003018
test_15623,0.00382522
test_15624,0.00000063
test_15625,0.11278307
test_15626,0.98802757
test_15627,0.99999905
test_15628,0.13884649
test_15629,0.00000003
test_15630,0.00144873
test_15631,0.94396764
test_15632,0.39139384
test_15633,0.97601295
test_15634,0.01015107
test_15635,0.00098251
test_15636,0.91107070
test_15637,0.99863952
test_15638,0.93715328
test_15639,0.25367284
test_15640,0.99022359
test_15641,0.87770945
test_15642,0.99982458
test_15643,0.99987638
test_15644,0.00011255
test_15645,0.99930418
test_15646,0.99999952
test_15647,0.00000000
test_15648,0.29925543
test_15649,0.33909708
test_15650,0.99966228
test_15651,0.01858422
test_15652,0.76832151
test_15653,0.00004954
test_15654,0.99999273
test_15655,0.09408063
test_15656,0.38972709
test_15657,0.41373333
test_15658,0.86640209
test_15659,0.01835182
test_15660,0.40550786
test_15661,0.00021620
test_15662,0.02777722
test_15663,1.00000000
test_15664,0.00000001
test_15665,0.82258457
test_15666,0.99999952
test_15667,0.44474638
test_15668,0.99943942
test_15669,0.99416333
test_15670,0.07925746
test_15671,0.94147784
test_15672,0.99999857
test_15673,0.03233462
test_15674,0.29086968
test_15675,0.99957687
test_15676,0.00000000
test_15677,0.00081571
test_15678,0.99996924
test_15679,0.98276216
test_15680,0.42875189
test_15681,0.01164351
test_15682,0.24749112
test_15683,0.91094643
test_15684,0.97249991
test_15685,0.01521019
test_15686,0.06328675
test_15687,0.99592125
test_15688,0.74753064
test_15689,0.17606282
test_15690,0.08951121
test_15691,0.00226800
test_15692,0.25364858
test_15693,0.97225463
test_15694,0.00473215
test_15695,0.03166697
test_15696,0.96078485
test_15697,0.58118659
test_15698,0.00000006
test_15699,0.99856085
test_15700,0.00473305
test_15701,0.99532205
test_15702,0.99646360
test_15703,0.89198577
test_15704,0.00002643
test_15705,0.48567101
test_15706,0.99888271
test_15707,0.99940085
test_15708,0.96973103
test_15709,0.72132629
test_15710,0.80707669
test_15711,0.99542904
test_15712,0.00000251
test_15713,0.99679822
test_15714,0.05550330
test_15715,0.99478132
test_15716,0.08550170
test_15717,0.97318733
test_15718,0.98168772
test_15719,0.85388666
test_15720,0.99838638
test_15721,0.99938190
test_15722,0.99999881
test_15723,0.99999702
test_15724,0.99255520
test_15725,0.01345099
test_15726,0.99980217
test_15727,0.93365759
test_15728,0.69801158
test_15729,0.01683040
test_15730,0.54481542
test_15731,0.02369520
test_15732,0.88904393
test_15733,0.15022360
test_15734,0.00273363
test_15735,0.32753715
test_15736,0.00000239
test_15737,0.49612537
test_15738,0.00553068
test_15739,0.98305583
test_15740,0.20154522
test_15741,0.99097109
test_15742,0.93924803
test_15743,0.99989104
test_15744,0.42668793
test_15745,0.86627656
test_15746,0.99982858
test_15747,0.99999905
test_15748,0.02078660
test_15749,0.94354260
test_15750,0.99800807
test_15751,0.99682683
test_15752,0.90412176
test_15753,0.61559200
test_15754,0.00067621
test_15755,0.99980348
test_15756,0.00388895
test_15757,0.99998116
test_15758,0.01517258
test_15759,0.20078710
test_15760,0.84198970
test_15761,0.91980964
test_15762,0.40117714
test_15763,0.65326804
test_15764,0.99520928
test_15765,0.81586975
test_15766,0.00331638
test_15767,0.99591476
test_15768,0.35630018
test_15769,0.00368751
test_15770,0.98515260
test_15771,0.01248309
test_15772,0.33756694
test_15773,0.00009750
test_15774,0.97117651
test_15775,1.00000000
test_15776,0.23498772
test_15777,0.00000000
test_15778,0.08062556
test_15779,0.00144910
test_15780,0.03122478
test_15781,0.03352082
test_15782,0.99994564
test_15783,0.95789856
test_15784,0.81367213
test_15785,0.89989972
test_15786,0.59513015
test_15787,0.28899780
test_15788,0.38434517
test_15789,0.03108586
test_15790,0.95724690
test_15791,0.74437493
test_15792,0.74750859
test_15793,0.98623312
test_15794,0.99989092
test_15795,0.73668426
test_15796,0.13103810
test_15797,0.01124326
test_15798,0.62485349
test_15799,0.00412412
test_15800,0.96186507
test_15801,0.99998450
test_15802,0.11439126
test_15803,0.03161822
test_15804,0.00020901
test_15805,0.59014648
test_15806,0.00186604
test_15807,0.99991202
test_15808,0.83042639
test_15809,0.99616623
test_15810,0.00002291
test_15811,0.99905878
test_15812,0.07016168
test_15813,0.99997139
test_15814,0.86076355
test_15815,0.00577687
test_15816,0.95204443
test_15817,0.74952918
test_15818,0.30026197
test_15819,0.99963617
test_15820,0.50902194
test_15821,0.99994135
test_15822,0.99826175
test_15823,0.06349523
test_15824,0.81778890
test_15825,0.00000080
test_15826,0.00008060
test_15827,0.99851722
test_15828,0.95729786
test_15829,0.91175985
test_15830,0.29420337
test_15831,0.61935997
test_15832,1.00000000
test_15833,0.81780630
test_15834,0.09779287
test_15835,0.00223439
test_15836,0.99819058
test_15837,0.97252178
test_15838,0.00006177
test_15839,0.99997556
test_15840,0.99544972
test_15841,0.00000005
test_15842,0.99182135
test_15843,0.12751985
test_15844,0.15322386
test_15845,0.49585921
test_15846,0.44437981
test_15847,0.00008812
test_15848,0.06792445
test_15849,0.11394204
test_15850,0.00145467
test_15851,0.36642283
test_15852,0.00036213
test_15853,0.96169537
test_15854,0.90729576
test_15855,0.99545234
test_15856,0.82068515
test_15857,0.00031649
test_15858,0.85612595
test_15859,0.99865282
test_15860,0.00000021
test_15861,0.10589739
test_15862,0.47124654
test_15863,0.83105135
test_15864,0.99996591
test_15865,0.46331218
test_15866,0.99652112
test_15867,0.99719006
test_15868,0.15244615
test_15869,0.00027046
test_15870,0.07473050
test_15871,0.82826710
test_15872,0.00396764
test_15873,0.93710899
test_15874,0.57508147
test_15875,0.00001774
test_15876,0.99199402
test_15877,0.00066217
test_15878,0.10233515
test_15879,0.55936146
test_15880,0.04441768
test_15881,0.04001974
test_15882,0.25678635
test_15883,0.03113589
test_15884,1.00000000
test_15885,0.99226499
test_15886,0.00835986
test_15887,0.99887937
test_15888,0.82795238
test_15889,0.14918479
test_15890,0.64123714
test_15891,0.31971452
test_15892,0.82185364
test_15893,0.00128310
test_15894,0.00003587
test_15895,0.99978560
test_15896,0.86123329
test_15897,0.94526023
test_15898,0.77500963
test_15899,0.00024266
test_15900,0.99990904
test_15901,0.95435989
test_15902,0.12277361
test_15903,0.19307524
test_15904,0.00017953
test_15905,0.99750525
test_15906,0.00000349
test_15907,0.99991095
test_15908,0.00000006
test_15909,0.99852270
test_15910,0.64624768
test_15911,0.59373778
test_15912,0.98133677
test_15913,0.99986792
test_15914,0.67327189
test_15915,0.00007698
test_15916,0.01345972
test_15917,0.12950163
test_15918,0.00000000
test_15919,0.99343902
test_15920,0.84221011
test_15921,0.99915504
test_15922,0.06561867
test_15923,0.81019378
test_15924,0.72154927
test_15925,0.04321913
test_15926,0.99976951
test_15927,0.99999058
test_15928,0.84881544
test_15929,0.99971145
test_15930,0.71339965
test_15931,0.00006112
test_15932,0.98254192
test_15933,0.99155945
test_15934,0.00256177
test_15935,0.89189595
test_15936,0.60296631
test_15937,0.95641917
test_15938,0.99988830
test_15939,0.92393130
test_15940,0.60353035
test_15941,0.99998617
test_15942,0.00000150
test_15943,0.97975641
test_15944,0.00009696
test_15945,0.98636174
test_15946,0.05301186
test_15947,0.00330106
test_15948,0.78083181
test_15949,0.88963568
test_15950,0.03701803
test_15951,0.00805334
test_15952,0.89286643
test_15953,0.01133536
test_15954,0.99999416
test_15955,0.82504559
test_15956,0.01774335
test_15957,0.00360457
test_15958,0.89074349
test_15959,0.99999797
test_15960,0.64900303
test_15961,0.29630309
test_15962,0.21732438
test_15963,0.04733418
test_15964,0.99992609
test_15965,0.00342009
test_15966,0.99990976
test_15967,0.17025191
test_15968,0.00014423
test_15969,0.72267729
test_15970,0.98332441
test_15971,0.00000001
test_15972,0.01991039
test_15973,0.04944089
test_15974,0.04228209
test_15975,0.63497281
test_15976,0.58163893
test_15977,0.78777796
test_15978,0.96318054
test_15979,0.66907853
test_15980,0.17328203
test_15981,0.99999595
test_15982,0.29040509
test_15983,0.99999666
test_15984,0.87702233
test_15985,0.00016964
test_15986,0.73086149
test_15987,0.00000011
test_15988,0.99997580
test_15989,0.86206645
test_15990,0.99678850
test_15991,0.99953926
test_15992,0.00001904
test_15993,0.94050074
test_15994,0.00000004
test_15995,0.75646770
test_15996,0.21314517
test_15997,0.33795914
test_15998,0.35704753
test_15999,0.94263780
test_16000,0.00132303
test_16001,0.16958404
test_16002,0.07159592
test_16003,0.28925127
test_16004,0.00602455
test_16005,0.02662910
test_16006,0.17588656
test_16007,0.95129025
test_16008,0.46842089
test_16009,0.00003203
test_16010,0.02968908
test_16011,0.03280015
test_16012,0.00131682
test_16013,0.98068982
test_16014,0.00000020
test_16015,0.00029641
test_16016,0.31339905
test_16017,0.00266051
test_16018,0.99985671
test_16019,0.00000118
test_16020,0.99900073
test_16021,0.99983096
test_16022,0.99983072
test_16023,0.10450687
test_16024,0.01971983
test_16025,0.04219633
test_16026,0.40524453
test_16027,0.98880893
test_16028,0.01054062
test_16029,0.00004243
test_16030,0.00113202
test_16031,0.26477021
test_16032,0.99496931
test_16033,0.00007764
test_16034,0.99999964
test_16035,0.15646508
test_16036,0.00051316
test_16037,0.00469394
test_16038,0.01884136
test_16039,0.17624094
test_16040,0.00392145
test_16041,0.99999356
test_16042,0.99981433
test_16043,0.99999011
test_16044,0.99999797
test_16045,0.99874723
test_16046,0.05311218
test_16047,0.82062304
test_16048,0.98104298
test_16049,0.26475176
test_16050,0.32187724
test_16051,0.93344772
test_16052,0.01619459
test_16053,0.96175414
test_16054,0.00018806
test_16055,0.00113519
test_16056,0.46750399
test_16057,0.44771454
test_16058,0.89095891
test_16059,0.99994814
test_16060,0.00196897
test_16061,0.99776399
test_16062,0.00485323
test_16063,0.71461624
test_16064,0.99420786
test_16065,0.99991918
test_16066,0.94645602
test_16067,0.99981171
test_16068,0.00047025
test_16069,0.11926826
test_16070,0.71485102
test_16071,0.73405176
test_16072,0.99284595
test_16073,0.00017488
test_16074,0.44004214
test_16075,0.37643668
test_16076,0.78089017
test_16077,0.99793470
test_16078,0.91302925
test_16079,0.88347429
test_16080,0.99902868
test_16081,0.99983394
test_16082,0.98199320
test_16083,0.03669012
test_16084,0.00000790
test_16085,0.00178312
test_16086,0.99372780
test_16087,0.55526865
test_16088,0.87912571
test_16089,0.00498960
test_16090,0.00971018
test_16091,0.99097812
test_16092,0.31776136
test_16093,0.17815889
test_16094,0.99984097
test_16095,0.99474549
test_16096,0.97370613
test_16097,0.29662669
test_16098,0.97737461
test_16099,0.95544744
test_16100,0.07457815
test_16101,0.01179043
test_16102,0.99859005
test_16103,0.01408411
test_16104,0.07883806
test_16105,0.65668046
test_16106,0.99086785
test_16107,0.99996769
test_16108,0.22007498
test_16109,0.99978262
test_16110,0.00000281
test_16111,0.93568754
test_16112,0.99999595
test_16113,0.99835974
test_16114,0.14259069
test_16115,0.45563206
test_16116,0.90969956
test_16117,1.00000000
test_16118,0.92128676
test_16119,0.99197173
test_16120,0.00001018
test_16121,0.99996209
test_16122,0.00001589
test_16123,0.99999058
test_16124,0.89704156
test_16125,0.57796967
test_16126,0.03883761
test_16127,0.79209548
test_16128,0.00719236
test_16129,0.46546027
test_16130,0.70482343
test_16131,0.02167123
test_16132,0.99957246
test_16133,0.00639076
test_16134,0.91977292
test_16135,0.99989331
test_16136,0.99999154
test_16137,0.68180722
test_16138,0.35479906
test_16139,0.99747026
test_16140,0.19973339
test_16141,0.00014332
test_16142,0.03812879
test_16143,0.78479034
test_16144,0.57697880
test_16145,0.15525296
test_16146,0.00000012
test_16147,0.03109462
test_16148,0.33156896
test_16149,0.31364429
test_16150,0.92299414
test_16151,0.99989927
test_16152,0.00000498
test_16153,0.99986637
test_16154,0.01499865
test_16155,0.98707992
test_16156,0.85612106
test_16157,0.07426328
test_16158,0.00038508
test_16159,0.71634263
test_16160,0.51726079
test_16161,0.97960997
test_16162,0.95894301
test_16163,0.00070702
test_16164,0.47005048
test_16165,0.07617754
test_16166,0.00002608
test_16167,0.02610234
test_16168,0.00004249
test_16169,0.94542485
test_16170,0.01724148
test_16171,0.25130355
test_16172,0.00000103
test_16173,0.99656266
test_16174,0.00356068
test_16175,0.92815107
test_16176,0.90248919
test_16177,0.53439611
test_16178,0.00012214
test_16179,0.00001617
test_16180,0.09644420
test_16181,0.99987292
test_16182,0.00391712
test_16183,0.00014871
test_16184,0.99472964
test_16185,0.99998605
test_16186,0.18515635
test_16187,0.00405634
test_16188,0.08464100
test_16189,0.72725797
test_16190,0.23739281
test_16191,0.67108524
test_16192,0.93844688
test_16193,0.99422354
test_16194,0.01246641
test_16195,0.99964821
test_16196,0.28488553
test_16197,0.99973065
test_16198,0.00007801
test_16199,0.83193016
test_16200,0.49563047
test_16201,0.04446203
test_16202,0.99827528
test_16203,0.99779379
test_16204,0.98768961
test_16205,0.91885626
test_16206,0.99994028
test_16207,0.87982804
test_16208,0.80227971
test_16209,0.00578860
test_16210,0.99982798
test_16211,0.98120064
test_16212,0.99999988
test_16213,0.85806173
test_16214,0.00117260
test_16215,0.83690810
test_16216,0.99637306
test_16217,0.05778690
test_16218,0.99998641
test_16219,0.99996734
test_16220,0.99999678
test_16221,0.94740009
test_16222,0.95452213
test_16223,0.54176176
test_16224,0.99887079
test_16225,0.99613011
test_16226,0.94099361
test_16227,0.00399457
test_16228,0.82426554
test_16229,0.99606580
test_16230,0.92925698
test_16231,0.98455596
test_16232,0.00049057
test_16233,0.00000020
test_16234,0.77753407
test_16235,0.99014866
test_16236,0.00025057
test_16237,0.99984491
test_16238,0.00841011
test_16239,0.00240878
test_16240,0.93750066
test_16241,0.00001757
test_16242,0.08543555
test_16243,0.96533215
test_16244,0.55223423
test_16245,0.98440659
test_16246,0.99968517
test_16247,0.00011930
test_16248,0.99912637
test_16249,0.09169053
test_16250,0.91385883
test_16251,0.85662961
test_16252,0.00707951
test_16253,0.05871043
test_16254,0.76351988
test_16255,0.30322185
test_16256,0.75042844
test_16257,0.38614932
test_16258,0.05205378
test_16259,0.98821741
test_16260,0.04857992
test_16261,0.99859494
test_16262,0.99994600
test_16263,0.10607175
test_16264,0.00000540
test_16265,0.99985540
test_16266,0.99999130
test_16267,0.09864126
test_16268,0.99999690
test_16269,0.00000006
test_16270,0.91534591
test_16271,0.99963617
test_16272,0.99974912
test_16273,0.99532640
test_16274,0.98302323
test_16275,0.00001703
test_16276,0.00624587
test_16277,0.99999964
test_16278,0.00086375
test_16279,0.01873865
test_16280,0.52125728
test_16281,0.83476079
test_16282,0.99922550
test_16283,0.00497391
test_16284,0.92810136
test_16285,0.92962760
test_16286,0.82275563
test_16287,0.42106044
test_16288,0.11971471
test_16289,0.84721297
test_16290,0.23286624
test_16291,0.97070044
test_16292,0.95468098
test_16293,0.81805223
test_16294,0.00351762
test_16295,0.98804688
test_16296,0.00143797
test_16297,0.99999809
test_16298,0.93056750
test_16299,0.52504820
test_16300,0.00001068
test_16301,0.00000629
test_16302,0.03302948
test_16303,0.99999988
test_16304,0.01714436
test_16305,1.00000000
test_16306,0.91832113
test_16307,0.99999070
test_16308,0.99991190
test_16309,0.99999988
test_16310,0.19801608
test_16311,0.99238658
test_16312,0.00070824
test_16313,0.00000044
test_16314,0.80164891
test_16315,0.24518967
test_16316,0.31949624
test_16317,0.99292129
test_16318,0.99121100
test_16319,0.00000079
test_16320,0.92900771
test_16321,0.98556858
test_16322,0.20260896
test_16323,0.12030866
test_16324,0.99381942
test_16325,0.24158448
test_16326,0.98559397
test_16327,0.04912435
test_16328,0.82812411
test_16329,0.00061399
test_16330,0.81354213
test_16331,0.00015241
test_16332,0.66408932
test_16333,0.00622386
test_16334,0.99983644
test_16335,0.99999988
test_16336,0.00132169
test_16337,0.92716289
test_16338,0.99932814
test_16339,0.97795713
test_16340,0.86288500
test_16341,0.99999881
test_16342,0.86471111
test_16343,0.04907230
test_16344,0.90118021
test_16345,0.00223154
test_16346,0.86756092
test_16347,0.34114161
test_16348,0.99999976
test_16349,0.99995208
test_16350,0.15418270
test_16351,0.55034339
test_16352,0.00000000
test_16353,0.74989492
test_16354,0.05105409
test_16355,0.99999118
test_16356,0.01511682
test_16357,0.28662804
test_16358,0.25421488
test_16359,0.99999952
test_16360,0.07210911
test_16361,0.00000000
test_16362,0.96015114
test_16363,0.42756519
test_16364,0.02880647
test_16365,0.33232334
test_16366,0.11468311
test_16367,0.95497662
test_16368,0.00233694
test_16369,0.02352346
test_16370,0.00454380
test_16371,0.97872055
test_16372,1.00000000
test_16373,0.93210804
test_16374,0.00256389
test_16375,0.82011974
test_16376,0.97017968
test_16377,0.64759916
test_16378,0.17512053
test_16379,0.00279612
test_16380,0.00097718
test_16381,0.05557868
test_16382,0.00021897
test_16383,0.92305076
test_16384,1.00000000
test_16385,0.99200022
test_16386,0.36619428
test_16387,0.99963391
test_16388,0.85704297
test_16389,0.99931395
test_16390,0.99934822
test_16391,0.03506264
test_16392,0.99999952
test_16393,0.07483027
test_16394,0.73247290
test_16395,0.00088612
test_16396,0.99999547
test_16397,0.01491122
test_16398,0.98648912
test_16399,0.01912674
test_16400,0.00001717
test_16401,0.83693457
test_16402,0.99087054
test_16403,0.97060198
test_16404,0.79191279
test_16405,0.02185344
test_16406,0.06774066
test_16407,0.99952400
test_16408,0.12969261
test_16409,0.00000805
test_16410,0.00007406
test_16411,0.00002472
test_16412,0.00000679
test_16413,0.00021227
test_16414,0.05858844
test_16415,0.99997509
test_16416,0.00400571
test_16417,0.00007198
test_16418,0.00000175
test_16419,0.00000325
test_16420,0.00000010
test_16421,0.96417803
test_16422,0.99272060
test_16423,0.99867010
test_16424,0.14769146
test_16425,0.00794988
test_16426,0.11267044
test_16427,0.87332046
test_16428,0.00000043
test_16429,0.99826765
test_16430,0.99999642
test_16431,0.91370630
test_16432,0.32960215
test_16433,0.00916666
test_16434,0.92064905
test_16435,0.02410899
test_16436,0.00131907
test_16437,0.91887182
test_16438,0.99997211
test_16439,0.99999571
test_16440,0.75625813
test_16441,0.00184127
test_16442,0.99363214
test_16443,0.03903629
test_16444,0.99999940
test_16445,0.63622576
test_16446,0.00000003
test_16447,0.99954468
test_16448,0.00146295
test_16449,0.99998522
test_16450,0.67036498
test_16451,0.00080178
test_16452,0.00001411
test_16453,0.91646403
test_16454,0.00000000
test_16455,0.99999893
test_16456,0.45409229
test_16457,0.01087517
test_16458,0.00248810
test_16459,0.00043671
test_16460,0.09595859
test_16461,0.86800754
test_16462,0.98038357
test_16463,0.99931872
test_16464,0.45012602
test_16465,0.99432003
test_16466,0.35073417
test_16467,0.84352601
test_16468,0.82219714
test_16469,0.47890055
test_16470,0.95478332
test_16471,0.00140891
test_16472,0.00006810
test_16473,0.58850515
test_16474,0.77944523
test_16475,0.07829731
test_16476,0.00045583
test_16477,0.16542844
test_16478,0.99989557
test_16479,0.11820035
test_16480,0.96127480
test_16481,0.00257128
test_16482,0.76581609
test_16483,0.00033705
test_16484,0.77693915
test_16485,0.18024588
test_16486,0.99999392
test_16487,0.22551918
test_16488,0.13078028
test_16489,0.00575074
test_16490,0.75779235
test_16491,0.14764652
test_16492,0.00001901
test_16493,0.07394896
test_16494,0.04290352
test_16495,0.27673671
test_16496,0.95995182
test_16497,0.00002428
test_16498,0.00972855
test_16499,0.08316249
test_16500,0.94320333
test_16501,0.99659377
test_16502,0.00608830
test_16503,0.20332010
test_16504,0.00002598
test_16505,0.99999821
test_16506,0.00000104
test_16507,0.99899942
test_16508,0.99999988
test_16509,0.03303350
test_16510,0.00783024
test_16511,0.99999940
test_16512,0.01189093
test_16513,0.91861945
test_16514,0.76292378
test_16515,0.97581643
test_16516,0.89584678
test_16517,0.00704128
test_16518,0.53207165
test_16519,0.99997199
test_16520,0.56828618
test_16521,0.88604295
test_16522,0.98724502
test_16523,0.99520797
test_16524,0.39839104
test_16525,0.04111510
test_16526,0.85773003
test_16527,0.00000305
test_16528,0.14672580
test_16529,0.99768186
test_16530,0.02167626
test_16531,0.96399099
test_16532,0.87429911
test_16533,0.00486343
test_16534,0.98176366
test_16535,0.99775392
test_16536,0.00001168
test_16537,0.72960049
test_16538,0.99994242
test_16539,0.98858762
test_16540,0.00000473
test_16541,0.00006500
test_16542,0.48652685
test_16543,0.62405801
test_16544,0.11271901
test_16545,0.00075122
test_16546,0.99829572
test_16547,0.65619200
test_16548,0.23018557
test_16549,0.37053055
test_16550,0.96931756
test_16551,0.99601078
test_16552,0.92078245
test_16553,0.01840194
test_16554,0.00028419
test_16555,0.33520436
test_16556,0.99078405
test_16557,0.99992430
test_16558,0.92539197
test_16559,0.94335002
test_16560,0.43473691
test_16561,0.99871993
test_16562,0.30838037
test_16563,0.04744559
test_16564,0.99330431
test_16565,0.92628652
test_16566,0.00005074
test_16567,0.99999535
test_16568,0.55894065
test_16569,0.03069113
test_16570,0.95446110
test_16571,0.03345108
test_16572,0.38252196
test_16573,0.03731601
test_16574,0.07509466
test_16575,0.00296343
test_16576,0.10172369
test_16577,0.25789681
test_16578,0.99999881
test_16579,0.00841257
test_16580,0.00000038
test_16581,0.74648041
test_16582,0.37420204
test_16583,0.99954331
test_16584,0.43696478
test_16585,0.00097708
test_16586,0.51627237
test_16587,0.69931048
test_16588,0.03285356
test_16589,0.99984407
test_16590,0.23159072
test_16591,0.99999881
test_16592,0.00760291
test_16593,0.00301265
test_16594,0.00005573
test_16595,0.02052623
test_16596,0.00361928
test_16597,0.23818047
test_16598,0.99203789
test_16599,0.42437053
test_16600,0.98578703
test_16601,0.05787725
test_16602,0.99995279
test_16603,0.99357468
test_16604,0.99998331
test_16605,0.00015810
test_16606,0.90367049
test_16607,0.46087134
test_16608,0.99950039
test_16609,0.99725527
test_16610,0.00002999
test_16611,0.22268201
test_16612,0.00348836
test_16613,0.81886220
test_16614,0.99977607
test_16615,0.27542469
test_16616,0.00130733
test_16617,0.01399460
test_16618,0.00380648
test_16619,0.00010413
test_16620,0.99999297
test_16621,0.97228789
test_16622,0.99657035
test_16623,0.71211660
test_16624,0.77979487
test_16625,0.00608530
test_16626,0.37559938
test_16627,0.00574549
test_16628,0.00034936
test_16629,0.00264411
test_16630,0.00004928
test_16631,0.05127240
test_16632,0.97280550
test_16633,0.02021568
test_16634,0.75949419
test_16635,0.00044749
test_16636,0.62524796
test_16637,0.00018445
test_16638,0.92236227
test_16639,0.97315246
test_16640,0.96324944
test_16641,0.70314306
test_16642,0.86633682
test_16643,0.99940252
test_16644,0.99999976
test_16645,0.99995518
test_16646,0.99996901
test_16647,0.46232295
test_16648,0.30175313
test_16649,0.54964787
test_16650,0.00715154
test_16651,0.00907073
test_16652,0.00232651
test_16653,0.99991477
test_16654,0.99962246
test_16655,0.00001525
test_16656,0.25727350
test_16657,0.99965429
test_16658,0.90186548
test_16659,0.28055778
test_16660,0.99841869
test_16661,0.00065096
test_16662,0.97526801
test_16663,0.17861342
test_16664,0.99991298
test_16665,0.05354998
test_16666,0.99966574
test_16667,0.00064468
test_16668,0.73339897
test_16669,0.00003385
test_16670,0.04982711
test_16671,0.99873680
test_16672,1.00000000
test_16673,0.01715475
test_16674,0.07690258
test_16675,0.16642879
test_16676,0.16917361
test_16677,0.44316345
test_16678,0.79228032
test_16679,0.06179150
test_16680,0.04183106
test_16681,0.00248872
test_16682,0.99915040
test_16683,0.90644056
test_16684,0.15659326
test_16685,0.00000450
test_16686,0.00661610
test_16687,0.99990606
test_16688,0.63692725
test_16689,0.51624781
test_16690,0.99968278
test_16691,0.77763963
test_16692,0.95392996
test_16693,0.19167878
test_16694,0.99998808
test_16695,0.16255701
test_16696,0.06664646
test_16697,0.00171079
test_16698,0.40467620
test_16699,0.07132211
test_16700,0.46349445
test_16701,0.00285998
test_16702,0.17631887
test_16703,0.99988103
test_16704,0.24744920
test_16705,0.51051867
test_16706,0.96154618
test_16707,0.33943638
test_16708,0.99965012
test_16709,0.99981016
test_16710,0.00000207
test_16711,0.72908741
test_16712,0.38050002
test_16713,0.00175924
test_16714,0.00028504
test_16715,0.00399772
test_16716,0.15638022
test_16717,0.66583270
test_16718,0.00048808
test_16719,0.85143274
test_16720,0.01314064
test_16721,0.99805647
test_16722,0.97180498
test_16723,0.99834991
test_16724,0.00450840
test_16725,0.13779779
test_16726,0.00078271
test_16727,0.99235231
test_16728,0.00006671
test_16729,0.09134865
test_16730,0.87128407
test_16731,0.11629257
test_16732,0.11561704
test_16733,0.09829558
test_16734,0.99641305
test_16735,0.00064022
test_16736,0.99724054
test_16737,0.99996614
test_16738,0.94368142
test_16739,0.94300866
test_16740,0.99998629
test_16741,0.00989420
test_16742,0.01961472
test_16743,0.00000005
test_16744,0.79111511
test_16745,0.01783972
test_16746,0.13445975
test_16747,0.86205482
test_16748,0.99940157
test_16749,0.82866591
test_16750,0.74828362
test_16751,0.99999964
test_16752,0.00153475
test_16753,0.99964988
test_16754,0.31631076
test_16755,0.00026548
test_16756,0.99999690
test_16757,0.00006470
test_16758,0.99032307
test_16759,0.13635541
test_16760,0.99641341
test_16761,0.99984527
test_16762,0.41678017
test_16763,0.99060577
test_16764,0.00003367
test_16765,0.99941039
test_16766,0.99938238
test_16767,0.47759756
test_16768,0.33145002
test_16769,0.94201088
test_16770,0.68495977
test_16771,0.93984354
test_16772,0.00000003
test_16773,0.99656445
test_16774,0.97109812
test_16775,0.00351685
test_16776,0.94143230
test_16777,0.99492419
test_16778,0.00007731
test_16779,0.67795324
test_16780,0.99998939
test_16781,0.71435148
test_16782,1.00000000
test_16783,0.51775569
test_16784,0.89706951
test_16785,0.99782467
test_16786,0.00006714
test_16787,0.67556900
test_16788,0.56968373
test_16789,0.99884039
test_16790,0.21565853
test_16791,0.00000260
test_16792,0.95870924
test_16793,0.63620353
test_16794,0.99998295
test_16795,0.01761163
test_16796,0.93986636
test_16797,0.04518939
test_16798,0.17176571
test_16799,0.99998116
test_16800,0.73816371
test_16801,0.99999678
test_16802,0.96229595
test_16803,0.00232086
test_16804,0.99991560
test_16805,0.92332959
test_16806,0.99998450
test_16807,0.99768484
test_16808,0.00002003
test_16809,0.00507345
test_16810,0.00017625
test_16811,0.96254283
test_16812,0.44315639
test_16813,0.01444434
test_16814,0.16399130
test_16815,0.99914169
test_16816,0.00122577
test_16817,0.99664354
test_16818,0.00433814
test_16819,0.99881482
test_16820,0.10025866
test_16821,0.55586839
test_16822,0.85843068
test_16823,0.99857426
test_16824,0.96205401
test_16825,0.13881446
test_16826,0.96516013
test_16827,0.14186634
test_16828,0.36609080
test_16829,0.01296796
test_16830,0.02179569
test_16831,0.87705177
test_16832,0.39341331
test_16833,0.14229099
test_16834,0.72273219
test_16835,0.97653061
test_16836,0.19301274
test_16837,1.00000000
test_16838,0.65663153
test_16839,0.94814312
test_16840,0.95549512
test_16841,0.99999952
test_16842,0.97172439
test_16843,0.00774506
test_16844,0.99958581
test_16845,0.00002705
test_16846,0.01985460
test_16847,0.74031270
test_16848,0.98375702
test_16849,0.99999964
test_16850,0.00186184
test_16851,0.10962379
test_16852,0.00296514
test_16853,0.07116544
test_16854,0.01755009
test_16855,0.00824446
test_16856,0.99833077
test_16857,0.99970633
test_16858,0.97291756
test_16859,0.07253239
test_16860,0.77020109
test_16861,0.05076429
test_16862,0.00000019
test_16863,0.98635072
test_16864,0.00135592
test_16865,0.40617356
test_16866,0.00587216
test_16867,0.95255077
test_16868,0.99993050
test_16869,0.02698672
test_16870,0.99999988
test_16871,0.99713010
test_16872,0.99999905
test_16873,0.00526223
test_16874,0.56552005
test_16875,0.04299713
test_16876,0.99641210
test_16877,0.00750310
test_16878,0.24296653
test_16879,0.65748686
test_16880,0.72862715
test_16881,0.00747483
test_16882,0.03819663
test_16883,0.99999189
test_16884,0.99992907
test_16885,0.14051819
test_16886,0.99808049
test_16887,0.99998128
test_16888,0.94360489
test_16889,0.99213338
test_16890,0.45862567
test_16891,0.10551915
test_16892,0.99974877
test_16893,0.92873001
test_16894,0.98425716
test_16895,0.00267674
test_16896,0.61120284
test_16897,0.32508853
test_16898,0.00127889
test_16899,0.07627388
test_16900,0.00100995
test_16901,0.33914453
test_16902,0.84035134
test_16903,1.00000000
test_16904,0.99455678
test_16905,0.01991241
test_16906,0.07192004
test_16907,0.85090733
test_16908,0.00000218
test_16909,0.99895930
test_16910,0.19515942
test_16911,0.02385509
test_16912,0.88231349
test_16913,0.11050636
test_16914,0.01074678
test_16915,0.89885682
test_16916,0.99994850
test_16917,0.00385116
test_16918,0.98120707
test_16919,0.01681254
test_16920,0.99741805
test_16921,0.99986696
test_16922,0.86036235
test_16923,0.00000029
test_16924,0.50438631
test_16925,0.93705100
test_16926,0.90321624
test_16927,0.52456897
test_16928,0.56895781
test_16929,0.01012027
test_16930,0.69541425
test_16931,0.99965131
test_16932,0.90408629
test_16933,0.97388160
test_16934,0.99825543
test_16935,0.80222136
test_16936,0.98666060
test_16937,0.98970968
test_16938,0.80166650
test_16939,0.90122437
test_16940,0.99832708
test_16941,0.71849763
test_16942,0.51265156
test_16943,0.99470240
test_16944,0.00000000
test_16945,0.00017221
test_16946,0.91126204
test_16947,0.00045213
test_16948,0.09810585
test_16949,0.98191458
test_16950,0.92180347
test_16951,0.99985898
test_16952,0.99905688
test_16953,0.99999726
test_16954,0.00101691
test_16955,0.78959310
test_16956,0.00510707
test_16957,0.57207161
test_16958,0.99990606
test_16959,0.31723854
test_16960,0.99999988
test_16961,0.00064838
test_16962,0.50664330
test_16963,0.99989867
test_16964,0.34337729
test_16965,0.81472176
test_16966,0.07399932
test_16967,0.35128653
test_16968,0.00000001
test_16969,0.76235884
test_16970,0.10866088
test_16971,0.95698750
test_16972,0.16346104
test_16973,0.99956256
test_16974,0.72627056
test_16975,0.02045458
test_16976,0.70367366
test_16977,0.52139127
test_16978,0.88768864
test_16979,0.81144500
test_16980,0.99998772
test_16981,0.99951589
test_16982,0.03480513
test_16983,0.71147799
test_16984,0.01013569
test_16985,0.00000000
test_16986,0.59008068
test_16987,0.01259029
test_16988,0.00285147
test_16989,0.00008460
test_16990,0.00132664
test_16991,0.00048672
test_16992,0.99588877
test_16993,0.96465701
test_16994,0.21560410
test_16995,0.35749951
test_16996,0.65958428
test_16997,0.93135023
test_16998,0.00440522
test_16999,0.99867129
test_17000,0.08477988
test_17001,0.05860256
test_17002,0.89030057
test_17003,0.00056876
test_17004,0.99974054
test_17005,0.83277673
test_17006,0.93340027
test_17007,0.88248354
test_17008,0.97392470
test_17009,0.00000074
test_17010,0.00000288
test_17011,0.53785485
test_17012,0.98063916
test_17013,0.20101911
test_17014,0.00108078
test_17015,0.24129419
test_17016,0.24718924
test_17017,0.73039216
test_17018,0.15132456
test_17019,0.00009819
test_17020,0.99948078
test_17021,0.99994910
test_17022,0.01349226
test_17023,0.00148467
test_17024,0.96848387
test_17025,0.00288164
test_17026,0.71391791
test_17027,0.99999166
test_17028,0.99624360
test_17029,0.02059002
test_17030,0.99999976
test_17031,0.09822609
test_17032,0.94089949
test_17033,0.93769521
test_17034,0.50807816
test_17035,0.49727255
test_17036,1.00000000
test_17037,0.00002283
test_17038,0.56034696
test_17039,0.00000347
test_17040,0.07211652
test_17041,0.14202107
test_17042,0.16082416
test_17043,0.03403878
test_17044,0.90186024
test_17045,0.00002079
test_17046,0.99582833
test_17047,0.86861932
test_17048,0.25785971
test_17049,0.99268872
test_17050,0.69148666
test_17051,0.99189937
test_17052,0.00137343
test_17053,0.58872020
test_17054,0.99317849
test_17055,0.00002528
test_17056,0.99982268
test_17057,0.99999988
test_17058,0.00253185
test_17059,0.00000004
test_17060,0.37899804
test_17061,0.00840353
test_17062,0.96742511
test_17063,0.96982849
test_17064,0.00391511
test_17065,0.91543961
test_17066,0.83933485
test_17067,0.99370724
test_17068,0.00019127
test_17069,0.83603352
test_17070,0.00000005
test_17071,0.79301113
test_17072,0.95200205
test_17073,0.04215739
test_17074,0.72419083
test_17075,0.81553233
test_17076,0.90958136
test_17077,0.57679516
test_17078,0.19104904
test_17079,0.99995446
test_17080,0.85061407
test_17081,0.00097265
test_17082,0.99780709
test_17083,0.13009174
test_17084,0.66589004
test_17085,0.00046233
test_17086,0.94614118
test_17087,0.65848964
test_17088,0.96252120
test_17089,0.20111924
test_17090,0.36380631
test_17091,0.00009466
test_17092,0.03131710
test_17093,0.54185849
test_17094,0.87484604
test_17095,1.00000000
test_17096,0.98200178
test_17097,0.99998593
test_17098,0.81826419
test_17099,0.99994731
test_17100,0.00002668
test_17101,0.24688829
test_17102,0.99999964
test_17103,0.00001381
test_17104,0.69436699
test_17105,0.95443910
test_17106,0.99998784
test_17107,0.00296279
test_17108,0.47240689
test_17109,0.77326131
test_17110,0.99815816
test_17111,0.97066540
test_17112,0.14168385
test_17113,0.89896709
test_17114,0.94668329
test_17115,0.26420972
test_17116,0.99967194
test_17117,0.00039986
test_17118,0.75528628
test_17119,0.99590343
test_17120,0.45954546
test_17121,0.98230916
test_17122,0.99987268
test_17123,0.00340734
test_17124,0.00000003
test_17125,0.98550397
test_17126,0.86270899
test_17127,0.00000000
test_17128,0.10066893
test_17129,1.00000000
test_17130,0.91321367
test_17131,0.01852993
test_17132,0.99787796
test_17133,0.00000831
test_17134,0.01199012
test_17135,0.06822892
test_17136,0.99284291
test_17137,0.78049690
test_17138,0.55107647
test_17139,0.34553114
test_17140,0.00008040
test_17141,0.87604952
test_17142,0.99918896
test_17143,0.85260165
test_17144,0.99281412
test_17145,0.00116466
test_17146,0.99995637
test_17147,0.99960166
test_17148,0.00013563
test_17149,0.23697668
test_17150,0.00088407
test_17151,0.99155140
test_17152,0.05170653
test_17153,0.00371702
test_17154,0.00141643
test_17155,0.01708418
test_17156,0.00000931
test_17157,0.97794843
test_17158,0.22426358
test_17159,0.00000336
test_17160,0.99802619
test_17161,0.99968076
test_17162,0.00419732
test_17163,0.88291794
test_17164,0.99975103
test_17165,0.97711211
test_17166,0.00000000
test_17167,0.03707089
test_17168,0.99755150
test_17169,0.19197395
test_17170,0.70241284
test_17171,0.08715868
test_17172,0.86196560
test_17173,0.31261206
test_17174,0.99994063
test_17175,0.51732343
test_17176,0.89702725
test_17177,0.99934155
test_17178,0.86538780
test_17179,0.74143612
test_17180,0.36514837
test_17181,0.99556041
test_17182,0.29947823
test_17183,0.18577619
test_17184,0.66094267
test_17185,0.99983966
test_17186,0.90249461
test_17187,0.96946287
test_17188,0.99692339
test_17189,0.00298530
test_17190,0.00025476
test_17191,0.31344861
test_17192,0.00141591
test_17193,0.00000246
test_17194,0.97837037
test_17195,0.03118579
test_17196,0.01170350
test_17197,0.00045469
test_17198,0.00032186
test_17199,0.00000224
test_17200,0.88988096
test_17201,0.03297837
test_17202,0.00414459
test_17203,0.99999523
test_17204,0.99975282
test_17205,0.03094266
test_17206,0.99994588
test_17207,0.00000255
test_17208,0.95786917
test_17209,0.24123323
test_17210,0.19803104
test_17211,0.00033945
test_17212,0.98932868
test_17213,0.01108083
test_17214,0.84906197
test_17215,0.99991095
test_17216,0.02028534
test_17217,0.00186242
test_17218,0.00019508
test_17219,0.00199131
test_17220,0.03282071
test_17221,0.29898617
test_17222,0.99721271
test_17223,0.00683057
test_17224,0.00414222
test_17225,0.01208371
test_17226,0.13395569
test_17227,0.95405751
test_17228,0.99915016
test_17229,1.00000000
test_17230,0.93139094
test_17231,0.99942881
test_17232,0.00030158
test_17233,0.00055276
test_17234,0.51242733
test_17235,0.99999630
test_17236,0.07049961
test_17237,0.97338051
test_17238,0.46745780
test_17239,0.99387980
test_17240,0.20946710
test_17241,0.30894482
test_17242,0.99904209
test_17243,0.00196252
test_17244,0.72027332
test_17245,0.03383009
test_17246,0.01934959
test_17247,0.00521054
test_17248,0.01823620
test_17249,0.99976045
test_17250,0.01166269
test_17251,0.99999464
test_17252,0.90040982
test_17253,0.85325998
test_17254,0.07848742
test_17255,0.99713171
test_17256,0.00018131
test_17257,0.03948406
test_17258,0.85485590
test_17259,0.99698216
test_17260,0.00396828
test_17261,0.33511209
test_17262,0.84477609
test_17263,0.35747609
test_17264,0.99992561
test_17265,0.99655318
test_17266,0.00000013
test_17267,0.73545396
test_17268,0.84302509
test_17269,0.45198551
test_17270,0.95744747
test_17271,0.00619822
test_17272,0.80756712
test_17273,0.99974209
test_17274,0.26983106
test_17275,0.64431369
test_17276,0.99962032
test_17277,0.99963653
test_17278,0.00002053
test_17279,0.00029513
test_17280,0.71179050
test_17281,0.02689970
test_17282,0.03748600
test_17283,0.00000002
test_17284,0.99016470
test_17285,0.99988914
test_17286,0.99997473
test_17287,0.00049464
test_17288,0.97858196
test_17289,0.83478022
test_17290,0.00001355
test_17291,0.82748264
test_17292,0.98297608
test_17293,0.30657774
test_17294,0.80590266
test_17295,0.06032116
test_17296,0.97626501
test_17297,0.97899985
test_17298,0.02460729
test_17299,0.99839634
test_17300,0.13165063
test_17301,0.99502796
test_17302,0.00224823
test_17303,0.00000002
test_17304,0.00151160
test_17305,0.97357482
test_17306,0.74987251
test_17307,0.98462844
test_17308,0.99153125
test_17309,0.00000099
test_17310,0.99904233
test_17311,0.01701955
test_17312,0.99976772
test_17313,0.98492569
test_17314,0.46244261
test_17315,0.09445313
test_17316,0.00000122
test_17317,0.99959689
test_17318,0.99932873
test_17319,0.93865031
test_17320,0.99905878
test_17321,0.99958831
test_17322,0.00827703
test_17323,0.99540496
test_17324,0.00066482
test_17325,0.00073239
test_17326,0.98940533
test_17327,0.03870430
test_17328,0.61158335
test_17329,0.00001653
test_17330,0.00000086
test_17331,0.50586116
test_17332,0.99857569
test_17333,0.71818185
test_17334,0.00243618
test_17335,0.94368738
test_17336,0.26222920
test_17337,0.00576592
test_17338,0.99992740
test_17339,0.01694602
test_17340,0.05378511
test_17341,0.00000003
test_17342,0.00131874
test_17343,0.01185336
test_17344,0.99153018
test_17345,0.97912127
test_17346,0.99963558
test_17347,0.63294643
test_17348,0.98257691
test_17349,0.01509551
test_17350,0.01718191
test_17351,0.96192664
test_17352,0.99871731
test_17353,1.00000000
test_17354,0.97384453
test_17355,0.00000044
test_17356,0.24900348
test_17357,0.33560479
test_17358,0.08630722
test_17359,0.52291340
test_17360,0.99999678
test_17361,0.99963081
test_17362,0.01876956
test_17363,0.32374129
test_17364,0.11438925
test_17365,0.00019827
test_17366,0.00075884
test_17367,0.98979503
test_17368,0.00002034
test_17369,0.92711407
test_17370,0.97115201
test_17371,0.99997628
test_17372,0.80544949
test_17373,0.30276769
test_17374,0.99896109
test_17375,0.00000176
test_17376,0.97063071
test_17377,0.00028679
test_17378,0.02770586
test_17379,0.96872264
test_17380,0.99981636
test_17381,0.00013902
test_17382,0.60942751
test_17383,0.99787426
test_17384,0.91114402
test_17385,0.00370060
test_17386,0.00675708
test_17387,0.72464782
test_17388,0.00423534
test_17389,0.07068711
test_17390,0.93911654
test_17391,0.00308628
test_17392,0.07853162
test_17393,0.62874353
test_17394,0.00030620
test_17395,0.00137532
test_17396,0.94711125
test_17397,0.00070090
test_17398,0.71522772
test_17399,0.43506211
test_17400,0.00002254
test_17401,0.99957269
test_17402,0.96169329
test_17403,0.98901588
test_17404,0.99970800
test_17405,0.90737867
test_17406,0.00030148
test_17407,0.86326689
test_17408,0.00668134
test_17409,0.11635201
test_17410,0.99995089
test_17411,0.99999821
test_17412,0.27538860
test_17413,0.98773521
test_17414,0.06189476
test_17415,0.01441419
test_17416,0.99967396
test_17417,0.99996090
test_17418,0.09127032
test_17419,0.04983674
test_17420,0.99999321
test_17421,0.70445174
test_17422,0.74440122
test_17423,0.99043101
test_17424,0.78057277
test_17425,0.50019866
test_17426,0.99967575
test_17427,0.99999928
test_17428,0.00070692
test_17429,0.15525177
test_17430,0.98631257
test_17431,0.00000279
test_17432,0.91066617
test_17433,0.00360056
test_17434,0.66380680
test_17435,0.02905650
test_17436,0.00851183
test_17437,0.74352658
test_17438,0.99998426
test_17439,0.00001657
test_17440,0.00097415
test_17441,0.99757808
test_17442,0.00000001
test_17443,0.95497984
test_17444,0.00031947
test_17445,0.00000470
test_17446,0.06465766
test_17447,0.16574553
test_17448,0.99463236
test_17449,0.97294980
test_17450,0.00774907
test_17451,0.18560852
test_17452,0.00091451
test_17453,0.99962485
test_17454,0.90084165
test_17455,0.02105926
test_17456,0.52233398
test_17457,0.95775169
test_17458,0.13593151
test_17459,0.16016091
test_17460,0.07457605
test_17461,0.80046451
test_17462,0.00667281
test_17463,0.00137336
test_17464,0.00742615
test_17465,0.00000007
test_17466,0.25829220
test_17467,0.57673502
test_17468,1.00000000
test_17469,0.01067485
test_17470,0.11154050
test_17471,0.10503069
test_17472,0.92510748
test_17473,1.00000000
test_17474,0.99999988
test_17475,0.00028958
test_17476,0.97355551
test_17477,0.00806443
test_17478,0.25803986
test_17479,0.00052863
test_17480,0.95566082
test_17481,0.09556167
test_17482,0.97604477
test_17483,0.00033615
test_17484,0.00046270
test_17485,0.62710357
test_17486,0.00254789
test_17487,0.84750658
test_17488,0.36083546
test_17489,0.99991620
test_17490,0.00718474
test_17491,0.01392695
test_17492,0.00021956
test_17493,0.99990964
test_17494,0.72409099
test_17495,0.02497269
test_17496,0.40979582
test_17497,0.00753346
test_17498,0.29786983
test_17499,0.99999774
test_17500,0.00440172
test_17501,0.66012323
test_17502,0.01174818
test_17503,0.99329823
test_17504,0.00003341
test_17505,0.01943708
test_17506,0.01737683
test_17507,0.84715772
test_17508,1.00000000
test_17509,0.99244177
test_17510,0.00000009
test_17511,0.94368613
test_17512,0.44450468
test_17513,0.99861658
test_17514,0.99999034
test_17515,0.99995983
test_17516,0.00000001
test_17517,0.37014154
test_17518,0.40722850
test_17519,0.00176641
test_17520,0.13848181
test_17521,0.99999988
test_17522,0.94434148
test_17523,0.25299659
test_17524,0.74675465
test_17525,0.80583817
test_17526,1.00000000
test_17527,0.08401795
test_17528,0.99642628
test_17529,0.49245453
test_17530,0.87639779
test_17531,0.04403328
test_17532,0.22228210
test_17533,0.99999976
test_17534,0.74725229
test_17535,0.99996960
test_17536,0.99956948
test_17537,0.27987349
test_17538,0.92275280
test_17539,0.70828229
test_17540,0.04722445
test_17541,0.99829048
test_17542,0.99703372
test_17543,0.99876094
test_17544,0.00458331
test_17545,0.30496466
test_17546,0.99997103
test_17547,0.00188222
test_17548,0.68180537
test_17549,0.00059000
test_17550,0.92251968
test_17551,0.00000806
test_17552,0.93849880
test_17553,0.41888082
test_17554,0.92808431
test_17555,0.00000001
test_17556,0.00000028
test_17557,0.99997509
test_17558,0.99999809
test_17559,0.99985027
test_17560,0.07883398
test_17561,0.05426844
test_17562,0.00000051
test_17563,0.05611213
test_17564,0.02360359
test_17565,0.00023546
test_17566,0.34677446
test_17567,0.99522626
test_17568,0.93426985
test_17569,0.30161437
test_17570,0.40916699
test_17571,0.00069478
test_17572,0.99136835
test_17573,0.72805333
test_17574,0.03794629
test_17575,0.00256863
test_17576,0.97332430
test_17577,0.99990702
test_17578,0.00000020
test_17579,0.23173319
test_17580,0.90629977
test_17581,0.01739608
test_17582,0.99706465
test_17583,0.53981453
test_17584,0.24060641
test_17585,0.99897265
test_17586,0.00000831
test_17587,0.00000759
test_17588,0.08209666
test_17589,0.02744726
test_17590,0.00123192
test_17591,0.97262889
test_17592,0.81023127
test_17593,0.99998605
test_17594,0.00080085
test_17595,0.99223495
test_17596,0.62355566
test_17597,0.13372652
test_17598,0.77730221
test_17599,0.99996841
test_17600,0.27644736
test_17601,0.05949615
test_17602,0.04281942
test_17603,0.02807997
test_17604,0.00942865
test_17605,0.00000124
test_17606,0.00247251
test_17607,0.00002363
test_17608,0.60706776
test_17609,0.99999988
test_17610,0.63737446
test_17611,0.92791885
test_17612,0.45434678
test_17613,0.01458886
test_17614,0.97955531
test_17615,0.00000507
test_17616,0.97831511
test_17617,0.00010221
test_17618,0.00002806
test_17619,0.99996841
test_17620,0.93699384
test_17621,0.17802969
test_17622,0.00011167
test_17623,0.24185887
test_17624,0.74641550
test_17625,0.99438620
test_17626,0.58100730
test_17627,0.91085547
test_17628,0.99777538
test_17629,0.99710077
test_17630,0.99174142
test_17631,0.99435258
test_17632,0.50604719
test_17633,0.99929869
test_17634,0.00000296
test_17635,0.19311379
test_17636,0.22382939
test_17637,0.16021696
test_17638,0.57723773
test_17639,0.07900771
test_17640,0.91699600
test_17641,0.28562519
test_17642,0.97474694
test_17643,0.00001882
test_17644,0.94250083
test_17645,0.98510486
test_17646,0.93861324
test_17647,0.00000069
test_17648,0.17685847
test_17649,0.03863395
test_17650,0.00505592
test_17651,0.64387590
test_17652,0.11644534
test_17653,0.01462423
test_17654,0.00005607
test_17655,0.00602715
test_17656,0.99999642
test_17657,0.96156448
test_17658,0.83638161
test_17659,0.00116670
test_17660,0.99999690
test_17661,0.75473028
test_17662,0.06252281
test_17663,0.79690981
test_17664,0.00723603
test_17665,0.01411610
test_17666,0.03208487
test_17667,0.99903393
test_17668,0.00001297
test_17669,0.05097089
test_17670,0.00000151
test_17671,0.00000000
test_17672,0.99825364
test_17673,0.07464548
test_17674,0.01279272
test_17675,0.99995875
test_17676,0.99082220
test_17677,0.99997866
test_17678,0.00078260
test_17679,0.96422446
test_17680,0.00015253
test_17681,0.01870791
test_17682,0.91054165
test_17683,0.87345141
test_17684,0.99859279
test_17685,0.99975365
test_17686,0.58780736
test_17687,0.04365548
test_17688,0.00028024
test_17689,0.77342469
test_17690,0.82377636
test_17691,0.21021973
test_17692,0.41140175
test_17693,0.81822467
test_17694,0.95125240
test_17695,0.99994135
test_17696,0.99956113
test_17697,0.99996114
test_17698,0.00064465
test_17699,0.00005255
test_17700,0.38419041
test_17701,0.96075881
test_17702,0.00003750
test_17703,0.01916180
test_17704,0.00000136
test_17705,0.01437604
test_17706,0.88600057
test_17707,0.00346948
test_17708,0.99996531
test_17709,0.77949780
test_17710,0.93327606
test_17711,0.65969318
test_17712,0.79968655
test_17713,0.63433582
test_17714,0.12402207
test_17715,0.39047951
test_17716,0.00523766
test_17717,0.99999809
test_17718,0.05864892
test_17719,0.01214676
test_17720,0.77352172
test_17721,0.21503116
test_17722,0.00071145
test_17723,0.83364213
test_17724,0.99974662
test_17725,0.00004539
test_17726,0.99806982
test_17727,0.99101639
test_17728,0.91055804
test_17729,0.94326049
test_17730,0.99999940
test_17731,0.74134451
test_17732,0.99626416
test_17733,0.99947578
test_17734,0.00000046
test_17735,0.66906399
test_17736,0.99960047
test_17737,0.00306660
test_17738,0.64561307
test_17739,0.58745813
test_17740,0.16148756
test_17741,0.94111103
test_17742,0.00012016
test_17743,0.99839562
test_17744,0.99999690
test_17745,0.00000001
test_17746,0.00000198
test_17747,0.00099493
test_17748,0.96091795
test_17749,0.99846041
test_17750,0.57793760
test_17751,0.69417536
test_17752,0.19495383
test_17753,0.34214368
test_17754,0.01439255
test_17755,0.99514943
test_17756,0.14105651
test_17757,0.81193161
test_17758,0.00001616
test_17759,0.99046665
test_17760,0.51033115
test_17761,0.64890379
test_17762,0.00161886
test_17763,0.08763275
test_17764,0.00065436
test_17765,0.99994230
test_17766,0.00031105
test_17767,0.31875035
test_17768,0.99971646
test_17769,0.00003012
test_17770,0.99994576
test_17771,0.72778052
test_17772,0.89238012
test_17773,0.00327340
test_17774,0.28944489
test_17775,0.01332703
test_17776,0.99999893
test_17777,0.00000190
test_17778,0.00494432
test_17779,0.00001403
test_17780,0.99999988
test_17781,0.00022736
test_17782,0.99999857
test_17783,0.00118516
test_17784,0.96811622
test_17785,0.33389705
test_17786,0.67519271
test_17787,0.94974977
test_17788,0.99998653
test_17789,0.79973090
test_17790,0.01965441
test_17791,0.96394533
test_17792,0.00000703
test_17793,0.95572948
test_17794,0.04694203
test_17795,0.02470708
test_17796,0.16884471
test_17797,0.99651825
test_17798,0.02425434
test_17799,0.66026539
test_17800,0.93932772
test_17801,0.13720921
test_17802,0.58969110
test_17803,0.00000071
test_17804,0.99818230
test_17805,0.94443738
test_17806,0.99472392
test_17807,0.00003390
test_17808,0.02937199
test_17809,0.41007707
test_17810,0.14897296
test_17811,0.61599946
test_17812,0.00181378
test_17813,0.94335747
test_17814,0.83700585
test_17815,0.37542254
test_17816,0.98186719
test_17817,0.81600279
test_17818,0.00868687
test_17819,0.99761677
test_17820,0.00000571
test_17821,0.96940762
test_17822,0.07777531
test_17823,0.00342738
test_17824,0.99626809
test_17825,0.02312391
test_17826,0.49819723
test_17827,0.09149911
test_17828,0.99963915
test_17829,0.78839064
test_17830,0.99981183
test_17831,0.00012647
test_17832,0.43070453
test_17833,0.99156570
test_17834,0.05798392
test_17835,0.76288581
test_17836,0.48420560
test_17837,0.99953067
test_17838,0.99550062
test_17839,0.96714729
test_17840,0.35574281
test_17841,0.01071795
test_17842,0.89889598
test_17843,0.14609903
test_17844,0.56306565
test_17845,0.89671206
test_17846,0.00055314
test_17847,0.96818626
test_17848,0.99707448
test_17849,0.00002005
test_17850,0.00070839
test_17851,0.25220352
test_17852,0.99541277
test_17853,0.99873108
test_17854,0.00035925
test_17855,0.00000005
test_17856,0.99996817
test_17857,0.00271880
test_17858,0.96501088
test_17859,0.07640402
test_17860,0.00025647
test_17861,0.99999583
test_17862,0.99997544
test_17863,0.00045644
test_17864,0.90873224
test_17865,0.46555966
test_17866,0.12845725
test_17867,0.21086623
test_17868,0.18377289
test_17869,0.00002224
test_17870,0.99965858
test_17871,0.84022278
test_17872,0.15081434
test_17873,0.99633551
test_17874,0.06037972
test_17875,0.99952674
test_17876,0.30605501
test_17877,0.00185774
test_17878,0.74466795
test_17879,0.99999475
test_17880,0.19902271
test_17881,0.75156760
test_17882,0.11626164
test_17883,0.55818480
test_17884,0.68097717
test_17885,0.41953549
test_17886,0.00336402
test_17887,0.99999201
test_17888,0.56553680
test_17889,0.99968815
test_17890,0.61424118
test_17891,0.93357944
test_17892,0.99999285
test_17893,0.99791831
test_17894,0.99905270
test_17895,0.38094065
test_17896,0.05559139
test_17897,0.00193393
test_17898,0.99576110
test_17899,0.00000493
test_17900,0.94713360
test_17901,0.00027479
test_17902,0.65126818
test_17903,0.99995613
test_17904,0.99999893
test_17905,0.31555229
test_17906,0.99994135
test_17907,0.82088315
test_17908,0.43353367
test_17909,0.92675316
test_17910,0.09815270
test_17911,0.00002545
test_17912,0.99596030
test_17913,0.84597689
test_17914,0.03293332
test_17915,0.99328434
test_17916,0.19822019
test_17917,0.00187508
test_17918,0.23077789
test_17919,0.00997240
test_17920,0.00435412
test_17921,0.84810692
test_17922,0.12734483
test_17923,0.98177803
test_17924,0.14571358
test_17925,0.04446897
test_17926,0.00003105
test_17927,0.74658442
test_17928,0.99999845
test_17929,0.00186108
test_17930,1.00000000
test_17931,0.94838321
test_17932,0.51320136
test_17933,0.99639893
test_17934,0.01002629
test_17935,0.13113505
test_17936,0.99989092
test_17937,0.00027869
test_17938,0.40065911
test_17939,0.93692750
test_17940,1.00000000
test_17941,0.31274870
test_17942,0.99999952
test_17943,0.99868852
test_17944,1.00000000
test_17945,0.00016525
test_17946,0.17739770
test_17947,0.05064217
test_17948,0.59877384
test_17949,0.56413049
test_17950,0.99764270
test_17951,0.40535039
test_17952,0.62565947
test_17953,0.99919897
test_17954,0.05341277
test_17955,0.00000067
test_17956,0.99760890
test_17957,0.00000287
test_17958,0.00000339
test_17959,0.04803182
test_17960,0.00067368
test_17961,0.66152763
test_17962,0.00202880
test_17963,0.99755788
test_17964,0.54747593
test_17965,0.99996138
test_17966,0.99384934
test_17967,0.78953791
test_17968,0.04376831
test_17969,0.99608779
test_17970,0.00000014
test_17971,0.99946028
test_17972,0.02610614
test_17973,0.94931608
test_17974,0.07688395
test_17975,0.00637632
test_17976,0.53501087
test_17977,0.00000226
test_17978,0.87728095
test_17979,0.78009957
test_17980,0.11415774
test_17981,0.12153618
test_17982,0.97703028
test_17983,0.95531768
test_17984,0.00012445
test_17985,0.09901473
test_17986,0.00009651
test_17987,0.14393176
test_17988,0.99987924
test_17989,0.65354878
test_17990,0.05731089
test_17991,0.45851564
test_17992,0.99621922
test_17993,0.00001327
test_17994,0.92547864
test_17995,0.02076732
test_17996,0.49023494
test_17997,0.00084205
test_17998,0.77427876
test_17999,0.73023397
test_18000,0.43037850
test_18001,0.94984043
test_18002,0.92239308
test_18003,0.71010721
test_18004,0.36067611
test_18005,0.91067511
test_18006,0.74010360
test_18007,0.99908912
test_18008,0.91552562
test_18009,0.98803371
test_18010,0.98683351
test_18011,0.99714345
test_18012,0.01132843
test_18013,0.99070239
test_18014,0.00002289
test_18015,0.00000003
test_18016,0.91380668
test_18017,0.06542098
test_18018,0.69845778
test_18019,0.00010268
test_18020,0.87189627
test_18021,0.32074565
test_18022,0.99329668
test_18023,0.99971598
test_18024,0.53372151
test_18025,0.05339060
test_18026,0.56522107
test_18027,0.00195843
test_18028,0.69951165
test_18029,0.02052532
test_18030,0.99202943
test_18031,0.99971086
test_18032,0.56790161
test_18033,0.80268431
test_18034,0.99902940
test_18035,0.45672247
test_18036,0.99999380
test_18037,0.55836552
test_18038,0.66093892
test_18039,0.86868113
test_18040,0.99999988
test_18041,0.96784180
test_18042,0.99857116
test_18043,0.00001608
test_18044,0.99589670
test_18045,0.01745912
test_18046,0.00097564
test_18047,0.21731360
test_18048,0.31530237
test_18049,0.99995792
test_18050,0.99999237
test_18051,0.00215929
test_18052,0.04314619
test_18053,0.13899830
test_18054,0.01941882
test_18055,0.98843724
test_18056,0.06433878
test_18057,0.61365825
test_18058,0.65742928
test_18059,0.00580004
test_18060,0.93725169
test_18061,0.99271190
test_18062,0.99999952
test_18063,0.04066098
test_18064,0.98214722
test_18065,0.26836905
test_18066,0.00084251
test_18067,0.89561439
test_18068,0.50930053
test_18069,0.16006409
test_18070,0.99798089
test_18071,0.00006357
test_18072,0.97164166
test_18073,0.70008266
test_18074,0.09380354
test_18075,0.99265093
test_18076,0.29269660
test_18077,0.02173505
test_18078,0.94074416
test_18079,0.99735969
test_18080,1.00000000
test_18081,0.98293096
test_18082,0.99990654
test_18083,0.99940348
test_18084,0.99999988
test_18085,0.38722610
test_18086,0.99990833
test_18087,0.43386436
test_18088,0.56424117
test_18089,0.00000330
test_18090,0.71799815
test_18091,0.93185258
test_18092,0.99999297
test_18093,0.89074701
test_18094,0.22094165
test_18095,0.45390844
test_18096,0.87089753
test_18097,0.91351438
test_18098,0.99021214
test_18099,0.98338288
test_18100,0.00436370
test_18101,0.00187726
test_18102,0.99999964
test_18103,0.40696964
test_18104,0.80403656
test_18105,0.99969280
test_18106,0.04410588
test_18107,0.09917890
test_18108,0.25287393
test_18109,0.00000074
test_18110,0.47800002
test_18111,0.89932543
test_18112,0.67734569
test_18113,0.20257662
test_18114,0.41377515
test_18115,0.99976116
test_18116,0.99999833
test_18117,0.17601085
test_18118,0.00284939
test_18119,0.17471938
test_18120,0.02476538
test_18121,0.48129261
test_18122,0.16581254
test_18123,0.24886346
test_18124,0.13366446
test_18125,0.98017395
test_18126,0.99131751
test_18127,0.00000001
test_18128,0.27040854
test_18129,0.00010217
test_18130,0.00140038
test_18131,0.99706501
test_18132,0.00043987
test_18133,0.59319109
test_18134,0.00626150
test_18135,0.94084066
test_18136,0.06608947
test_18137,0.00210297
test_18138,0.17066588
test_18139,0.11580502
test_18140,0.00000127
test_18141,0.49048907
test_18142,0.00002458
test_18143,0.57450175
test_18144,0.00018443
test_18145,0.97705907
test_18146,0.94642192
test_18147,0.00768542
test_18148,0.00891272
test_18149,0.99997211
test_18150,0.99174047
test_18151,0.99708277
test_18152,0.98675752
test_18153,0.00031690
test_18154,0.99195695
test_18155,0.98285532
test_18156,0.01309226
test_18157,0.00000032
test_18158,0.14745589
test_18159,0.86802417
test_18160,0.99923694
test_18161,0.98370749
test_18162,0.59657311
test_18163,0.09020032
test_18164,0.90151978
test_18165,0.06611386
test_18166,0.10734729
test_18167,0.99786586
test_18168,1.00000000
test_18169,0.78090900
test_18170,0.93545789
test_18171,0.85320967
test_18172,0.01486547
test_18173,0.99951732
test_18174,0.99611402
test_18175,0.11150381
test_18176,0.99999499
test_18177,0.99241686
test_18178,0.98988849
test_18179,0.48895377
test_18180,0.00017852
test_18181,0.97473812
test_18182,0.99999511
test_18183,0.99742621
test_18184,0.71679652
test_18185,0.99999952
test_18186,0.00002631
test_18187,0.00096529
test_18188,0.41671023
test_18189,0.52079314
test_18190,0.99777395
test_18191,0.95582139
test_18192,0.99984300
test_18193,0.50565988
test_18194,0.02540617
test_18195,0.99985421
test_18196,0.48324767
test_18197,0.85154700
test_18198,0.06318147
test_18199,0.94907779
test_18200,0.00032591
test_18201,0.99482226
test_18202,0.96612418
test_18203,0.86804831
test_18204,0.99843520
test_18205,0.39611441
test_18206,0.00082895
test_18207,0.99422741
test_18208,0.63899690
test_18209,0.99949372
test_18210,0.99887687
test_18211,0.05567387
test_18212,0.03721531
test_18213,0.43452066
test_18214,0.00002879
test_18215,0.99012458
test_18216,0.01063572
test_18217,0.00114139
test_18218,0.99969804
test_18219,0.83127671
test_18220,0.99528658
test_18221,0.10202282
test_18222,0.00015857
test_18223,0.00033707
test_18224,0.99999571
test_18225,0.99897003
test_18226,0.99691534
test_18227,0.97259098
test_18228,0.99998236
test_18229,0.07266627
test_18230,0.99935025
test_18231,0.40441686
test_18232,0.04613193
test_18233,0.88387364
test_18234,0.05698944
test_18235,0.98460233
test_18236,0.00337813
test_18237,0.00185306
test_18238,0.86542135
test_18239,0.99110752
test_18240,0.43756872
test_18241,0.84724182
test_18242,0.00258021
test_18243,0.00043970
test_18244,0.99582869
test_18245,0.57705170
test_18246,1.00000000
test_18247,0.59786361
test_18248,0.97115582
test_18249,0.48409718
test_18250,0.00181481
test_18251,0.03800710
test_18252,0.82610458
test_18253,0.99092406
test_18254,0.00002063
test_18255,0.00001879
test_18256,0.32329023
test_18257,0.00117600
test_18258,0.98874682
test_18259,0.00455621
test_18260,0.99829704
test_18261,1.00000000
test_18262,0.00410474
test_18263,0.99991047
test_18264,0.00011387
test_18265,0.18282124
test_18266,0.00116915
test_18267,0.99153030
test_18268,0.99886560
test_18269,0.00007093
test_18270,0.99994385
test_18271,0.00003133
test_18272,0.00051578
test_18273,0.40197566
test_18274,0.00000003
test_18275,0.66415292
test_18276,0.01845928
test_18277,0.00036008
test_18278,0.00077421
test_18279,0.90864283
test_18280,0.99999976
test_18281,0.00043390
test_18282,0.33990967
test_18283,0.22124338
test_18284,0.99578482
test_18285,0.99999940
test_18286,0.01110366
test_18287,0.17954472
test_18288,0.01936132
test_18289,0.99898404
test_18290,0.99999905
test_18291,0.00186259
test_18292,0.32448816
test_18293,0.98603863
test_18294,0.99987006
test_18295,0.99999762
test_18296,0.00045465
test_18297,0.00062817
test_18298,0.94056821
test_18299,0.02176055
test_18300,0.61330575
test_18301,0.00580599
test_18302,0.01648791
test_18303,0.01900521
test_18304,0.10033326
test_18305,0.61702222
test_18306,0.19654429
test_18307,0.00005723
test_18308,0.21076290
test_18309,0.99490333
test_18310,0.99951398
test_18311,0.06107472
test_18312,0.00078311
test_18313,0.99999988
test_18314,0.27570581
test_18315,0.26815093
test_18316,0.70439607
test_18317,0.78087354
test_18318,0.91648895
test_18319,0.00255079
test_18320,0.79503822
test_18321,0.00000072
test_18322,0.99519968
test_18323,0.84845823
test_18324,0.83980870
test_18325,0.20346412
test_18326,0.99360996
test_18327,0.03946352
test_18328,0.19456640
test_18329,0.99999905
test_18330,0.00409473
test_18331,0.99999809
test_18332,0.00412253
test_18333,0.00008480
test_18334,0.99997580
test_18335,0.00359650
test_18336,0.00238537
test_18337,0.99996161
test_18338,0.80642247
test_18339,0.00013925
test_18340,0.94544828
test_18341,0.00000007
test_18342,0.00089019
test_18343,0.99994040
test_18344,0.99999905
test_18345,0.01500983
test_18346,0.00003128
test_18347,0.37980491
test_18348,0.01502042
test_18349,0.22977009
test_18350,0.64706272
test_18351,0.02500099
test_18352,0.03197781
test_18353,0.00934991
test_18354,0.84753078
test_18355,0.99672937
test_18356,0.00801421
test_18357,1.00000000
test_18358,0.00013882
test_18359,0.00089434
test_18360,0.99999976
test_18361,0.99736243
test_18362,0.30997398
test_18363,0.99867463
test_18364,0.03788379
test_18365,0.99488360
test_18366,0.67729473
test_18367,0.60143971
test_18368,0.99500024
test_18369,0.99999905
test_18370,0.60574502
test_18371,0.00741421
test_18372,0.97606599
test_18373,0.12315884
test_18374,0.99946707
test_18375,0.99959165
test_18376,0.03996602
test_18377,0.99705172
test_18378,0.15685782
test_18379,0.95850623
test_18380,0.04277264
test_18381,0.62972212
test_18382,0.26739386
test_18383,0.99979275
test_18384,0.05907098
test_18385,0.94845420
test_18386,0.97911501
test_18387,0.08111823
test_18388,0.99428880
test_18389,0.88502485
test_18390,0.99999917
test_18391,0.00000428
test_18392,0.97959924
test_18393,0.78681135
test_18394,0.00000433
test_18395,0.00003934
test_18396,0.31010577
test_18397,0.99882156
test_18398,0.98005921
test_18399,0.99981743
test_18400,0.03717525
test_18401,0.99797994
test_18402,0.99895394
test_18403,0.99988544
test_18404,0.44313726
test_18405,0.09467954
test_18406,0.68176973
test_18407,0.94694370
test_18408,0.99916410
test_18409,0.00026216
test_18410,0.99961036
test_18411,0.93417162
test_18412,0.97169828
test_18413,0.46486443
test_18414,0.00026531
test_18415,0.00001096
test_18416,0.99999976
test_18417,0.00108587
test_18418,0.92657751
test_18419,0.99990237
test_18420,0.33746740
test_18421,0.38457799
test_18422,0.51982331
test_18423,0.93965876
test_18424,0.99878460
test_18425,0.00014410
test_18426,0.99970120
test_18427,0.73179305
test_18428,0.32391602
test_18429,0.03009859
test_18430,0.99458116
test_18431,0.99014866
test_18432,0.00003681
test_18433,0.99967289
test_18434,0.98993850
test_18435,0.53311396
test_18436,0.99971086
test_18437,0.64377868
test_18438,0.02777136
test_18439,0.99999774
test_18440,0.25602853
test_18441,0.12891538
test_18442,0.99537718
test_18443,0.32581532
test_18444,0.00000004
test_18445,0.79341733
test_18446,0.97608691
test_18447,0.02136086
test_18448,0.01438444
test_18449,0.37713447
test_18450,0.44902489
test_18451,0.08885290
test_18452,0.23356862
test_18453,0.99742270
test_18454,0.00062731
test_18455,0.99722254
test_18456,0.41434810
test_18457,0.25901416
test_18458,0.99164611
test_18459,0.77148825
test_18460,0.99999797
test_18461,0.28833935
test_18462,0.33967435
test_18463,0.97524589
test_18464,0.99971479
test_18465,0.00000025
test_18466,0.99992967
test_18467,0.40997934
test_18468,0.02867449
test_18469,0.00012299
test_18470,0.94281662
test_18471,0.99322528
test_18472,0.21257304
test_18473,0.99995768
test_18474,0.02161380
test_18475,0.00156887
test_18476,0.93587291
test_18477,0.00600067
test_18478,0.00058597
test_18479,0.99821907
test_18480,0.99412930
test_18481,0.81909961
test_18482,0.00103191
test_18483,0.99464154
test_18484,0.97412848
test_18485,0.43598190
test_18486,0.67050469
test_18487,0.05149318
test_18488,0.97778839
test_18489,0.03036935
test_18490,0.99996161
test_18491,0.03482533
test_18492,0.00289827
test_18493,0.82554913
test_18494,0.25282314
test_18495,0.98444587
test_18496,0.02745184
test_18497,0.91239232
test_18498,1.00000000
test_18499,0.40329042
test_18500,0.09814645
test_18501,0.99999523
test_18502,0.80481941
test_18503,0.00034477
test_18504,0.60459632
test_18505,0.01061122
test_18506,0.99894649
test_18507,0.99991751
test_18508,0.30854866
test_18509,0.99769360
test_18510,0.97547352
test_18511,0.16411218
test_18512,0.98937339
test_18513,0.00000029
test_18514,0.88009429
test_18515,0.03485312
test_18516,0.99313748
test_18517,0.99070251
test_18518,0.24480221
test_18519,0.99986613
test_18520,0.10140458
test_18521,0.63238370
test_18522,0.00027873
test_18523,0.31097215
test_18524,0.46613061
test_18525,0.00283428
test_18526,0.70663917
test_18527,0.72316194
test_18528,0.00103270
test_18529,1.00000000
test_18530,0.99938202
test_18531,0.99999607
test_18532,0.01901221
test_18533,0.99974924
test_18534,0.00000000
test_18535,0.00357574
test_18536,0.99402386
test_18537,0.92663431
test_18538,0.99967718
test_18539,0.76967794
test_18540,0.33864489
test_18541,0.50888884
test_18542,0.11440239
test_18543,0.99998236
test_18544,0.73825443
test_18545,0.99999917
test_18546,0.99993014
test_18547,0.90946501
test_18548,0.99972171
test_18549,0.17089334
test_18550,0.99999797
test_18551,0.99938643
test_18552,0.00104797
test_18553,0.00030295
test_18554,0.99984539
test_18555,0.97866815
test_18556,0.80589342
test_18557,0.91346484
test_18558,0.11234616
test_18559,0.99999571
test_18560,0.00018378
test_18561,0.63943028
test_18562,0.99999928
test_18563,0.99999785
test_18564,0.76581967
test_18565,0.97731155
test_18566,0.57191944
test_18567,0.04968392
test_18568,0.44944122
test_18569,0.99940348
test_18570,0.02980544
test_18571,0.94286364
test_18572,0.00123643
test_18573,0.99050516
test_18574,0.99960130
test_18575,0.00000281
test_18576,0.16416635
test_18577,0.17880619
test_18578,0.99849677
test_18579,0.94574404
test_18580,0.11632921
test_18581,0.00002253
test_18582,0.99984086
test_18583,0.00114714
test_18584,0.14609446
test_18585,0.15923834
test_18586,0.99792045
test_18587,0.95974249
test_18588,0.99998939
test_18589,0.01957808
test_18590,0.99998856
test_18591,0.02349485
test_18592,0.00006818
test_18593,0.00141834
test_18594,0.00017606
test_18595,0.99982554
test_18596,0.99988770
test_18597,0.99960428
test_18598,0.99996996
test_18599,0.99993885
test_18600,0.99550205
test_18601,0.99996769
test_18602,0.99997461
test_18603,0.99989724
test_18604,0.81244719
test_18605,0.13219212
test_18606,0.99999499
test_18607,0.70809144
test_18608,0.73489285
test_18609,0.13694756
test_18610,0.86639118
test_18611,0.96529782
test_18612,0.97988796
test_18613,0.85014755
test_18614,0.15167233
test_18615,0.95303971
test_18616,0.00000011
test_18617,0.99994802
test_18618,0.11624253
test_18619,0.92815489
test_18620,0.99998534
test_18621,0.72000045
test_18622,0.00210596
test_18623,0.99999404
test_18624,0.42833406
test_18625,0.94841605
test_18626,0.11593274
test_18627,0.94881070
test_18628,0.01215698
test_18629,0.89764285
test_18630,0.99842834
test_18631,0.00012348
test_18632,0.70597494
test_18633,0.03047987
test_18634,0.99996412
test_18635,0.99315178
test_18636,0.00026062
test_18637,0.99973983
test_18638,0.00112864
test_18639,0.99999928
test_18640,0.97493976
test_18641,0.42863664
test_18642,0.00015869
test_18643,0.03109616
test_18644,0.00077477
test_18645,0.04696466
test_18646,0.75300449
test_18647,0.02067642
test_18648,0.99020970
test_18649,0.09413335
test_18650,0.10612698
test_18651,0.99985790
test_18652,0.50922143
test_18653,0.36378062
test_18654,0.00635791
test_18655,0.66262132
test_18656,0.04511817
test_18657,0.00000003
test_18658,0.00555057
test_18659,0.38100055
test_18660,0.95548999
test_18661,0.00070077
test_18662,0.30455303
test_18663,0.49743369
test_18664,1.00000000
test_18665,0.01735394
test_18666,0.57673723
test_18667,0.78650111
test_18668,0.99999988
test_18669,0.99997628
test_18670,0.00979305
test_18671,0.06671017
test_18672,0.00387678
test_18673,0.47684532
test_18674,0.00052336
test_18675,0.32235184
test_18676,0.92701054
test_18677,0.92979217
test_18678,0.00000835
test_18679,0.94054365
test_18680,0.99999642
test_18681,0.99752325
test_18682,0.99856889
test_18683,0.98895699
test_18684,0.99943405
test_18685,0.44814697
test_18686,0.90819633
test_18687,0.99996841
test_18688,0.03738327
test_18689,0.99203920
test_18690,0.99917644
test_18691,0.86663532
test_18692,0.02598287
test_18693,0.99969208
test_18694,0.57131565
test_18695,0.96897829
test_18696,0.99997902
test_18697,0.00786868
test_18698,0.00000001
test_18699,0.31658462
test_18700,0.81460869
test_18701,0.96902597
test_18702,0.66263509
test_18703,0.01265988
test_18704,0.96717227
test_18705,0.12853363
test_18706,0.93866080
test_18707,0.00001941
test_18708,0.00009690
test_18709,0.99988949
test_18710,0.98967838
test_18711,0.99983382
test_18712,0.00981201
test_18713,0.99992359
test_18714,0.13077378
test_18715,0.32168061
test_18716,0.99078721
test_18717,0.09598522
test_18718,0.63596344
test_18719,0.98156518
test_18720,0.01383629
test_18721,0.95763779
test_18722,0.46885470
test_18723,0.00179238
test_18724,0.98750114
test_18725,0.70268035
test_18726,0.96016365
test_18727,0.93509990
test_18728,0.65540057
test_18729,0.93406904
test_18730,0.92253774
test_18731,0.99941993
test_18732,0.00001745
test_18733,1.00000000
test_18734,0.86485380
test_18735,0.00957237
test_18736,0.99948078
test_18737,0.99779522
test_18738,0.00015001
test_18739,0.96510023
test_18740,0.00994147
test_18741,0.02106622
test_18742,0.01283582
test_18743,0.99907637
test_18744,0.98538846
test_18745,0.99784613
test_18746,0.99979156
test_18747,0.20860589
test_18748,0.98196918
test_18749,0.77293885
test_18750,0.00052597
test_18751,0.67196822
test_18752,0.00001223
test_18753,0.99985182
test_18754,0.67081332
test_18755,0.57181245
test_18756,0.13461205
test_18757,0.78170717
test_18758,0.00057294
test_18759,0.82687253
test_18760,0.00015451
test_18761,0.97191828
test_18762,0.99959689
test_18763,0.99999225
test_18764,0.99742991
test_18765,0.00028004
test_18766,0.00009527
test_18767,1.00000000
test_18768,0.00703242
test_18769,0.00000007
test_18770,0.81334448
test_18771,0.01202483
test_18772,0.00000057
test_18773,0.83828342
test_18774,0.00328710
test_18775,0.00000085
test_18776,0.21716502
test_18777,0.00000157
test_18778,0.95853788
test_18779,0.58614492
test_18780,0.76339614
test_18781,0.51287240
test_18782,0.99999976
test_18783,0.04306997
test_18784,0.00001060
test_18785,0.56734717
test_18786,0.74439323
test_18787,1.00000000
test_18788,0.78677285
test_18789,0.00213790
test_18790,0.02505053
test_18791,0.03669277
test_18792,0.99982917
test_18793,0.00563267
test_18794,0.99993730
test_18795,0.00000006
test_18796,0.87150639
test_18797,0.96793640
test_18798,0.00009268
test_18799,0.99959296
test_18800,0.01968729
test_18801,0.64175606
test_18802,0.99999797
test_18803,0.71420383
test_18804,0.00005959
test_18805,0.90243226
test_18806,0.99929547
test_18807,0.04474286
test_18808,0.00556499
test_18809,0.01850234
test_18810,0.01028726
test_18811,0.76315784
test_18812,0.00043712
test_18813,0.99998760
test_18814,0.78062129
test_18815,0.02365618
test_18816,0.85476035
test_18817,0.00000007
test_18818,0.04292930
test_18819,0.98300111
test_18820,0.92493427
test_18821,1.00000000
test_18822,0.00359921
test_18823,0.99999797
test_18824,0.00130658
test_18825,0.99242663
test_18826,0.00000235
test_18827,0.01734219
test_18828,0.20772591
test_18829,0.01782550
test_18830,0.00417805
test_18831,0.67698687
test_18832,0.00039501
test_18833,0.06335018
test_18834,0.88344735
test_18835,1.00000000
test_18836,0.98620689
test_18837,0.99954224
test_18838,0.00510767
test_18839,0.99898249
test_18840,0.98956877
test_18841,0.12063164
test_18842,0.25189751
test_18843,0.99136555
test_18844,0.14506094
test_18845,0.35260862
test_18846,0.98530757
test_18847,0.00151402
test_18848,0.05414765
test_18849,0.99783009
test_18850,0.51014185
test_18851,0.99852473
test_18852,0.00051490
test_18853,0.01308940
test_18854,0.30803627
test_18855,0.00000146
test_18856,0.02205518
test_18857,0.00150066
test_18858,0.91881257
test_18859,0.00624482
test_18860,0.99998116
test_18861,0.00845911
test_18862,0.13699114
test_18863,0.00000047
test_18864,0.93561196
test_18865,0.03977989
test_18866,0.99418443
test_18867,0.99967480
test_18868,0.03300540
test_18869,0.23813158
test_18870,0.85199368
test_18871,0.04489447
test_18872,0.95940602
test_18873,0.88401502
test_18874,0.40570551
test_18875,0.25968012
test_18876,0.99999917
test_18877,0.00206178
test_18878,0.99320024
test_18879,0.01014757
test_18880,0.95340890
test_18881,0.99097377
test_18882,0.00339118
test_18883,0.06694011
test_18884,0.16445734
test_18885,0.01266287
test_18886,0.93818641
test_18887,0.28181553
test_18888,0.00080423
test_18889,0.00101043
test_18890,0.00000320
test_18891,0.00000019
test_18892,0.99994421
test_18893,0.99431181
test_18894,0.99891520
test_18895,0.99892515
test_18896,0.99842763
test_18897,0.96713299
test_18898,0.99382544
test_18899,0.41451591
test_18900,0.28536260
test_18901,0.99832278
test_18902,0.98181480
test_18903,0.83535081
test_18904,0.30576712
test_18905,0.81195003
test_18906,0.06967466
test_18907,0.00166345
test_18908,0.83106703
test_18909,0.99998677
test_18910,0.00310952
test_18911,0.01836888
test_18912,0.99957675
test_18913,0.00147454
test_18914,0.45915306
test_18915,0.03021892
test_18916,0.00353429
test_18917,0.51884425
test_18918,1.00000000
test_18919,0.99930322
test_18920,0.02342909
test_18921,0.99938095
test_18922,0.03070704
test_18923,0.95216012
test_18924,0.00359888
test_18925,0.01154053
test_18926,0.00708403
test_18927,0.93946552
test_18928,0.93614793
test_18929,0.03964106
test_18930,0.99998665
test_18931,0.99949968
test_18932,0.00061898
test_18933,0.55068350
test_18934,0.98309106
test_18935,0.09015614
test_18936,0.35046685
test_18937,0.99981183
test_18938,0.00579600
test_18939,0.13640027
test_18940,0.00030100
test_18941,0.99971920
test_18942,0.00051541
test_18943,0.33655968
test_18944,0.02967996
test_18945,0.99988401
test_18946,0.00039661
test_18947,0.99147075
test_18948,0.36234453
test_18949,0.95007235
test_18950,0.25096157
test_18951,0.00010292
test_18952,0.99120331
test_18953,0.76896471
test_18954,0.99999201
test_18955,0.36326775
test_18956,0.09977641
test_18957,0.99771452
test_18958,0.99929500
test_18959,0.00002295
test_18960,0.14186959
test_18961,0.99079740
test_18962,0.99130601
test_18963,0.01178034
test_18964,0.00020380
test_18965,0.52243775
test_18966,0.70067340
test_18967,0.99998987
test_18968,0.98322350
test_18969,0.99962962
test_18970,0.00002109
test_18971,0.97293514
test_18972,0.63345015
test_18973,0.77567351
test_18974,0.99891186
test_18975,0.99998939
test_18976,0.99999928
test_18977,0.99936634
test_18978,0.99856681
test_18979,0.96697992
test_18980,0.99978763
test_18981,0.63760138
test_18982,0.29188782
test_18983,0.74260819
test_18984,0.99381810
test_18985,0.86175698
test_18986,0.17850497
test_18987,0.99502653
test_18988,0.20544225
test_18989,0.99778181
test_18990,0.99935526
test_18991,0.99972254
test_18992,0.00051188
test_18993,0.99923968
test_18994,0.72759181
test_18995,0.99882573
test_18996,0.58774054
test_18997,0.05898234
test_18998,0.99999988
test_18999,0.98773044
test_19000,0.99968171
test_19001,0.00016466
test_19002,0.00041895
test_19003,0.00012295
test_19004,0.88699126
test_19005,0.00171863
test_19006,0.99382544
test_19007,0.00453725
test_19008,0.00490204
test_19009,0.03659766
test_19010,0.99623680
test_19011,0.99999797
test_19012,0.03476479
test_19013,0.00004553
test_19014,0.99551386
test_19015,0.04605487
test_19016,0.99992359
test_19017,0.02487965
test_19018,0.02714809
test_19019,0.93837404
test_19020,0.12216631
test_19021,0.00548954
test_19022,0.98878443
test_19023,0.00117542
test_19024,0.78691113
test_19025,0.98266268
test_19026,0.63305223
test_19027,0.07491322
test_19028,0.00753105
test_19029,0.99973220
test_19030,0.00003632
test_19031,0.95678884
test_19032,0.30952734
test_19033,0.99869138
test_19034,0.27573842
test_19035,0.26074809
test_19036,0.57047671
test_19037,0.99994385
test_19038,0.00083839
test_19039,0.00340152
test_19040,0.99434906
test_19041,0.77104402
test_19042,0.99985933
test_19043,0.31609055
test_19044,0.01534125
test_19045,0.00014166
test_19046,0.87677521
test_19047,0.88513243
test_19048,0.23079877
test_19049,0.88369823
test_19050,0.93984991
test_19051,0.21320733
test_19052,0.60906595
test_19053,0.92593610
test_19054,0.00000132
test_19055,0.99952829
test_19056,0.29935229
test_19057,0.99999869
test_19058,0.03223276
test_19059,0.00140396
test_19060,0.00003608
test_19061,0.32221264
test_19062,0.00165933
test_19063,0.99954009
test_19064,0.08640607
test_19065,0.00008438
test_19066,0.33971325
test_19067,0.27275535
test_19068,0.95633781
test_19069,0.00000286
test_19070,0.82847178
test_19071,0.04352898
test_19072,0.52502322
test_19073,0.99999404
test_19074,0.99999630
test_19075,0.93004429
test_19076,1.00000000
test_19077,0.00230655
test_19078,0.03545917
test_19079,0.40243784
test_19080,0.12238466
test_19081,0.99688268
test_19082,0.09097307
test_19083,0.97934365
test_19084,0.21627530
test_19085,0.06657223
test_19086,0.51875168
test_19087,0.01341925
test_19088,0.00039532
test_19089,0.47270316
test_19090,0.00000027
test_19091,0.99999833
test_19092,0.99651492
test_19093,0.00005686
test_19094,0.00000384
test_19095,0.03712581
test_19096,0.99955970
test_19097,0.09791819
test_19098,0.90746897
test_19099,0.99978465
test_19100,0.00048181
test_19101,0.99263579
test_19102,0.01775030
test_19103,0.03842930
test_19104,0.21127075
test_19105,1.00000000
test_19106,0.89929420
test_19107,0.99999726
test_19108,0.07052367
test_19109,0.21840985
test_19110,0.00645561
test_19111,0.00071321
test_19112,0.99999976
test_19113,0.38222674
test_19114,0.13741136
test_19115,0.00000001
test_19116,0.82694638
test_19117,0.00245178
test_19118,0.00152749
test_19119,0.46143165
test_19120,0.14194444
test_19121,0.99999201
test_19122,0.99982798
test_19123,0.99398053
test_19124,0.00224305
test_19125,0.99873894
test_19126,0.80142742
test_19127,0.00687743
test_19128,0.12034028
test_19129,0.00000247
test_19130,0.99871171
test_19131,0.99894208
test_19132,0.01239393
test_19133,0.01026633
test_19134,0.60825354
test_19135,0.00000003
test_19136,0.97103173
test_19137,0.99951005
test_19138,0.98306435
test_19139,0.10085233
test_19140,0.99965823
test_19141,0.00000041
test_19142,0.83549041
test_19143,0.00555179
test_19144,0.99990320
test_19145,0.83481842
test_19146,0.69669855
test_19147,0.99979013
test_19148,1.00000000
test_19149,0.94559830
test_19150,0.02847753
test_19151,0.00038954
test_19152,0.97916448
test_19153,0.64608258
test_19154,0.69977230
test_19155,0.99706846
test_19156,0.19385333
test_19157,0.98797405
test_19158,0.84528905
test_19159,0.99600178
test_19160,0.00041462
test_19161,0.32531339
test_19162,0.10032930
test_19163,0.16335955
test_19164,0.24282508
test_19165,0.00000045
test_19166,0.98136020
test_19167,0.82322222
test_19168,0.99943060
test_19169,0.00154593
test_19170,0.99999106
test_19171,0.99993110
test_19172,0.78559792
test_19173,0.98922908
test_19174,0.51116246
test_19175,0.96843243
test_19176,0.03384873
test_19177,0.98884100
test_19178,0.99302715
test_19179,0.61421096
test_19180,0.03224112
test_19181,0.28665516
test_19182,0.00001450
test_19183,0.99991262
test_19184,0.64664698
test_19185,0.57011652
test_19186,0.50183791
test_19187,0.97004974
test_19188,0.98283321
test_19189,0.87685859
test_19190,0.72572768
test_19191,0.00107184
test_19192,0.99854279
test_19193,0.00577711
test_19194,0.02208011
test_19195,0.00002304
test_19196,0.99999928
test_19197,0.17464694
test_19198,0.99685103
test_19199,0.15513365
test_19200,0.99652880
test_19201,0.98884958
test_19202,0.99986637
test_19203,0.99342501
test_19204,0.99987149
test_19205,0.47176653
test_19206,0.99106932
test_19207,0.03913021
test_19208,0.99977964
test_19209,0.99579501
test_19210,0.01238549
test_19211,0.00650008
test_19212,0.95905888
test_19213,0.99485445
test_19214,0.00524629
test_19215,0.00015645
test_19216,0.00000224
test_19217,0.99913055
test_19218,0.71926612
test_19219,0.01160772
test_19220,0.09683385
test_19221,0.75984567
test_19222,0.99917066
test_19223,0.99021941
test_19224,0.00119710
test_19225,0.00125639
test_19226,0.95592105
test_19227,0.23815942
test_19228,0.84290844
test_19229,0.16165362
test_19230,0.06920495
test_19231,0.70625019
test_19232,0.99999332
test_19233,0.97542518
test_19234,0.86020929
test_19235,0.01089836
test_19236,0.85776633
test_19237,0.10602756
test_19238,0.05990409
test_19239,0.85250789
test_19240,0.95750356
test_19241,0.80968171
test_19242,0.35477516
test_19243,0.87262273
test_19244,0.95451176
test_19245,0.99988317
test_19246,0.99998915
test_19247,0.00016590
test_19248,0.99463874
test_19249,0.00001766
test_19250,1.00000000
test_19251,0.87430257
test_19252,0.00000144
test_19253,0.00002257
test_19254,0.96352845
test_19255,0.99334455
test_19256,0.85995179
test_19257,0.06437861
test_19258,0.51870281
test_19259,0.65295655
test_19260,0.16381936
test_19261,0.13537280
test_19262,0.68131036
test_19263,0.06461021
test_19264,0.01116037
test_19265,0.43954909
test_19266,0.00542908
test_19267,0.99775034
test_19268,0.98278606
test_19269,0.00036183
test_19270,0.52435833
test_19271,0.13561223
test_19272,0.99998891
test_19273,0.76943934
test_19274,0.46060964
test_19275,0.05246293
test_19276,0.65189338
test_19277,0.00000051
test_19278,0.48874155
test_19279,0.68194640
test_19280,0.86082333
test_19281,0.84764159
test_19282,0.00104210
test_19283,0.00033898
test_19284,0.51827550
test_19285,0.85710108
test_19286,0.01566068
test_19287,0.99773079
test_19288,0.05479417
test_19289,0.00627353
test_19290,0.97413880
test_19291,0.00000277
test_19292,0.36237994
test_19293,0.00003881
test_19294,0.74818951
test_19295,0.99311817
test_19296,0.98195487
test_19297,0.00066223
test_19298,0.99753892
test_19299,0.28123736
test_19300,0.07346447
test_19301,0.59217024
test_19302,0.93197489
test_19303,0.99998760
test_19304,0.85842818
test_19305,0.00091549
test_19306,0.99822944
test_19307,0.99994528
test_19308,0.99943763
test_19309,0.02415430
test_19310,0.00000274
test_19311,0.00000000
test_19312,0.00274507
test_19313,0.00029765
test_19314,0.30632961
test_19315,0.99998951
test_19316,1.00000000
test_19317,0.00109249
test_19318,0.99850649
test_19319,0.36130258
test_19320,0.99978513
test_19321,0.01819590
test_19322,0.00001878
test_19323,0.99962449
test_19324,0.92032433
test_19325,0.00218620
test_19326,0.01608285
test_19327,0.60621607
test_19328,0.73373318
test_19329,0.00337372
test_19330,0.02299579
test_19331,0.00010697
test_19332,0.96090168
test_19333,0.03116289
test_19334,0.00019148
test_19335,0.00133397
test_19336,0.00008374
test_19337,0.00006986
test_19338,0.99840683
test_19339,0.81587619
test_19340,0.99650627
test_19341,0.34772238
test_19342,0.99998415
test_19343,0.99541497
test_19344,0.16190347
test_19345,0.93458021
test_19346,0.07456718
test_19347,0.12473862
test_19348,0.02331575
test_19349,0.00230132
test_19350,0.00133287
test_19351,0.00043494
test_19352,0.67886013
test_19353,0.12372153
test_19354,0.99996972
test_19355,0.00145392
test_19356,0.58689123
test_19357,0.88975310
test_19358,0.94865572
test_19359,1.00000000
test_19360,0.48995668
test_19361,0.00009169
test_19362,0.00022016
test_19363,0.15306292
test_19364,0.99205130
test_19365,0.00292261
test_19366,0.17240614
test_19367,0.16345161
test_19368,0.94573087
test_19369,0.31847283
test_19370,0.12030870
test_19371,0.00172407
test_19372,0.10634900
test_19373,0.97458500
test_19374,0.74107063
test_19375,0.37789330
test_19376,0.99995613
test_19377,0.99928778
test_19378,0.54110694
test_19379,0.00018201
test_19380,0.99965453
test_19381,0.83488548
test_19382,0.00000165
test_19383,0.00743464
test_19384,0.89947951
test_19385,0.98878700
test_19386,0.19268072
test_19387,0.93302590
test_19388,0.96491998
test_19389,0.87045610
test_19390,0.99996591
test_19391,0.86116499
test_19392,0.00978792
test_19393,0.96515322
test_19394,0.99998522
test_19395,0.00000013
test_19396,0.94275451
test_19397,0.59984022
test_19398,0.77046067
test_19399,0.82702160
test_19400,0.00009472
test_19401,0.97787708
test_19402,0.49595791
test_19403,0.01650500
test_19404,0.10553495
test_19405,0.99997222
test_19406,0.99949837
test_19407,0.49666849
test_19408,0.84016955
test_19409,0.00054299
test_19410,0.00104931
test_19411,0.00013295
test_19412,0.00195764
test_19413,0.99419785
test_19414,0.17973132
test_19415,0.08567274
test_19416,0.99812943
test_19417,0.38107392
test_19418,0.00000665
test_19419,0.97901547
test_19420,0.00509684
test_19421,0.61975533
test_19422,0.81339985
test_19423,0.74523300
test_19424,0.13413672
test_19425,0.00993171
test_19426,0.00004164
test_19427,0.02220283
test_19428,0.99989271
test_19429,0.97222722
test_19430,0.90030754
test_19431,0.99885011
test_19432,0.99991226
test_19433,0.00923589
test_19434,0.96807039
test_19435,0.99999964
test_19436,0.99997556
test_19437,0.45049816
test_19438,0.00000000
test_19439,0.10139138
test_19440,0.00115405
test_19441,0.99982601
test_19442,0.14473709
test_19443,0.62140930
test_19444,0.22728135
test_19445,0.25476137
test_19446,0.99040985
test_19447,0.00645482
test_19448,0.99833918
test_19449,0.99999988
test_19450,0.49175546
test_19451,0.99360055
test_19452,0.99999642
test_19453,0.62140149
test_19454,0.99997461
test_19455,0.83501732
test_19456,0.00000639
test_19457,0.99999976
test_19458,0.48826566
test_19459,0.70478690
test_19460,0.00000003
test_19461,0.99395084
test_19462,0.75145149
test_19463,0.27279815
test_19464,0.00379468
test_19465,0.12855598
test_19466,0.56520337
test_19467,0.91184843
test_19468,0.97494644
test_19469,0.97878450
test_19470,0.33232602
test_19471,0.79608703
test_19472,0.99955076
test_19473,0.99979907
test_19474,0.99982810
test_19475,0.99110937
test_19476,0.13558055
test_19477,0.00001412
test_19478,0.00001772
test_19479,0.99989605
test_19480,1.00000000
test_19481,0.96377248
test_19482,0.00000191
test_19483,0.99822766
test_19484,0.99868542
test_19485,0.95439130
test_19486,0.01138411
test_19487,0.65951413
test_19488,0.89317125
test_19489,0.80957657
test_19490,0.00484170
test_19491,0.58951390
test_19492,0.00069746
test_19493,0.99888235
test_19494,0.99363166
test_19495,0.99712449
test_19496,0.99359918
test_19497,0.48976499
test_19498,0.41930398
test_19499,0.99519855
test_19500,0.00025094
test_19501,0.82142758
test_19502,0.01766467
test_19503,0.60271698
test_19504,0.00018075
test_19505,0.99549675
test_19506,0.27225488
test_19507,0.20628710
test_19508,0.99854445
test_19509,0.99961025
test_19510,0.99943489
test_19511,0.87978876
test_19512,0.47700205
test_19513,0.60703331
test_19514,0.99994111
test_19515,0.00000136
test_19516,0.95553857
test_19517,0.13175640
test_19518,0.96257091
test_19519,0.99998224
test_19520,0.70081472
test_19521,0.93716770
test_19522,0.05272750
test_19523,0.09921262
test_19524,0.41221404
test_19525,0.97141063
test_19526,0.00569705
test_19527,0.73830467
test_19528,0.00015107
test_19529,0.75693715
test_19530,0.01067595
test_19531,0.02657065
test_19532,0.88628739
test_19533,0.08623082
test_19534,0.99999964
test_19535,0.19896670
test_19536,0.91147798
test_19537,0.15083729
test_19538,0.96804851
test_19539,1.00000000
test_19540,0.99943012
test_19541,0.53743136
test_19542,0.84470785
test_19543,0.00030046
test_19544,0.99624580
test_19545,0.99991584
test_19546,1.00000000
test_19547,0.92400247
test_19548,0.99755400
test_19549,0.00060603
test_19550,0.00377730
test_19551,0.65733671
test_19552,0.98836875
test_19553,0.10725124
test_19554,0.47316206
test_19555,0.99223340
test_19556,0.90704650
test_19557,0.00771335
test_19558,0.18583530
test_19559,0.00137876
test_19560,0.99992085
test_19561,0.99966836
test_19562,0.46440500
test_19563,0.99970621
test_19564,0.03249015
test_19565,0.95965445
test_19566,0.00047182
test_19567,0.99488717
test_19568,0.82377648
test_19569,0.58884299
test_19570,0.99842465
test_19571,0.66262400
test_19572,0.53691304
test_19573,0.07046416
test_19574,0.00105446
test_19575,0.22269900
test_19576,0.99991620
test_19577,0.09378307
test_19578,0.92118073
test_19579,0.00086321
test_19580,0.00061953
test_19581,0.30981287
test_19582,0.98463053
test_19583,0.00000002
test_19584,0.79666936
test_19585,0.99976856
test_19586,0.99884605
test_19587,0.10286433
test_19588,0.99978215
test_19589,0.00166061
test_19590,0.56179684
test_19591,0.99994969
test_19592,0.55420732
test_19593,0.85142493
test_19594,0.00102038
test_19595,0.01580758
test_19596,0.99999714
test_19597,0.00000557
test_19598,0.01524284
test_19599,0.93833363
test_19600,0.48002616
test_19601,0.00459398
test_19602,0.00077886
test_19603,0.99999106
test_19604,0.97405404
test_19605,0.00020118
test_19606,0.97033107
test_19607,0.00083377
test_19608,0.00127553
test_19609,0.66531348
test_19610,0.98166829
test_19611,0.87340641
test_19612,0.11168764
test_19613,0.99999988
test_19614,0.75367838
test_19615,1.00000000
test_19616,0.00000030
test_19617,0.09965464
test_19618,0.89326990
test_19619,0.99939573
test_19620,0.39260250
test_19621,0.00003201
test_19622,0.11844410
test_19623,0.00018647
test_19624,0.00000172
test_19625,0.91549647
test_19626,0.00008910
test_19627,0.00000016
test_19628,0.98862517
test_19629,0.51680571
test_19630,0.99999845
test_19631,0.99460489
test_19632,0.99636096
test_19633,0.99999571
test_19634,0.15414734
test_19635,1.00000000
test_19636,0.37635359
test_19637,0.96765590
test_19638,0.89435148
test_19639,0.98497576
test_19640,0.00000085
test_19641,0.87716383
test_19642,0.00020614
test_19643,0.00002390
test_19644,0.00783486
test_19645,0.34873405
test_19646,0.07363486
test_19647,0.99999559
test_19648,0.00023654
test_19649,0.83384258
test_19650,0.22461799
test_19651,0.01004438
test_19652,0.12670512
test_19653,0.11092626
test_19654,0.01516210
test_19655,0.72386348
test_19656,0.73316807
test_19657,0.00541908
test_19658,0.35820526
test_19659,0.95297128
test_19660,0.99984932
test_19661,0.00275885
test_19662,0.73982430
test_19663,0.50226897
test_19664,0.89231664
test_19665,0.99877781
test_19666,0.72932100
test_19667,0.99979836
test_19668,0.00586637
test_19669,0.63934183
test_19670,0.98983765
test_19671,0.29812333
test_19672,0.99855226
test_19673,0.01426493
test_19674,0.09232996
test_19675,0.53914970
test_19676,0.99927133
test_19677,0.69347012
test_19678,0.00078106
test_19679,0.40380836
test_19680,0.99997067
test_19681,0.05828991
test_19682,0.02489731
test_19683,0.99999797
test_19684,0.00001640
test_19685,0.96077764
test_19686,1.00000000
test_19687,0.02981738
test_19688,0.61260015
test_19689,0.99951541
test_19690,0.00772151
test_19691,0.99773020
test_19692,0.99695694
test_19693,0.26478121
test_19694,0.73409885
test_19695,0.16479641
test_19696,0.99871552
test_19697,0.62076926
test_19698,0.72047240
test_19699,1.00000000
test_19700,0.10479355
test_19701,0.00002402
test_19702,0.46795559
test_19703,0.28545851
test_19704,0.99265772
test_19705,0.00216189
test_19706,0.10680668
test_19707,0.87595642
test_19708,0.29284260
test_19709,0.07269269
test_19710,0.88186413
test_19711,0.01049992
test_19712,0.94685853
test_19713,0.99999976
test_19714,0.00619879
test_19715,0.00000007
test_19716,0.83254933
test_19717,0.99988163
test_19718,0.95029980
test_19719,0.99999952
test_19720,1.00000000
test_19721,0.16771978
test_19722,0.01375418
test_19723,0.88641953
test_19724,0.00000007
test_19725,0.99930000
test_19726,0.99975997
test_19727,0.00000984
test_19728,0.83274084
test_19729,0.13127275
test_19730,0.00000184
test_19731,0.13454647
test_19732,0.99972659
test_19733,0.17140903
test_19734,0.99846041
test_19735,0.88435280
test_19736,0.99026990
test_19737,0.97434795
test_19738,0.98090142
test_19739,0.00000013
test_19740,0.99998856
test_19741,0.99999893
test_19742,0.01746096
test_19743,0.07868353
test_19744,0.72909522
test_19745,0.99077612
test_19746,0.00157338
test_19747,0.56335974
test_19748,0.00008104
test_19749,0.59567726
test_19750,0.97451210
test_19751,0.00485310
test_19752,0.99937278
test_19753,0.00444938
test_19754,0.40457970
test_19755,0.99862671
test_19756,0.93635607
test_19757,0.99996781
test_19758,0.00000000
test_19759,0.99853611
test_19760,0.99903619
test_19761,0.07976238
test_19762,0.00000482
test_19763,0.38921726
test_19764,0.01414995
test_19765,0.99993360
test_19766,0.32640746
test_19767,0.65947884
test_19768,0.13771571
test_19769,0.03732800
test_19770,0.00375330
test_19771,0.95886844
test_19772,0.99996948
test_19773,0.00005348
test_19774,0.00043809
test_19775,0.05913773
test_19776,0.99938273
test_19777,0.00002003
test_19778,0.98829156
test_19779,0.94252604
test_19780,0.98637182
test_19781,0.00010977
test_19782,0.99965942
test_19783,0.00170869
test_19784,0.99949682
test_19785,0.32427815
test_19786,0.99983144
test_19787,0.00057948
test_19788,0.85191971
test_19789,0.12773623
test_19790,0.99688679
test_19791,0.03833793
test_19792,0.97724676
test_19793,0.95686299
test_19794,0.00215494
test_19795,0.75199383
test_19796,0.01670888
test_19797,0.76639074
test_19798,0.00001117
test_19799,0.98795658
test_19800,0.00000169
test_19801,0.18987302
test_19802,0.00189014
test_19803,0.99895030
test_19804,0.34493175
test_19805,0.00437104
test_19806,0.27787238
test_19807,0.99988258
test_19808,0.00000024
test_19809,0.61128980
test_19810,0.95873761
test_19811,0.87110752
test_19812,0.51009154
test_19813,0.68701071
test_19814,0.88450569
test_19815,0.14733987
test_19816,0.96449339
test_19817,0.53992486
test_19818,0.38551709
test_19819,0.99969709
test_19820,0.37957337
test_19821,0.99991179
test_19822,0.88261688
test_19823,0.99035209
test_19824,0.40305662
test_19825,0.97149426
test_19826,0.00007658
test_19827,0.99997520
test_19828,0.00122362
test_19829,0.00223784
test_19830,0.91898608
test_19831,0.00005178
test_19832,0.98402447
test_19833,0.48438603
test_19834,0.01990572
test_19835,0.69923043
test_19836,0.00717025
test_19837,0.99842846
test_19838,0.35294241
test_19839,0.96554816
test_19840,0.80867863
test_19841,0.00298096
test_19842,0.00005620
test_19843,0.05741680
test_19844,0.00000889
test_19845,0.22157623
test_19846,0.21902521
test_19847,0.99968004
test_19848,0.45495573
test_19849,0.21942082
test_19850,0.99239725
test_19851,0.04418783
test_19852,0.24320300
test_19853,0.00067718
test_19854,0.95541078
test_19855,0.21348740
test_19856,0.99466300
test_19857,0.06011089
test_19858,0.37540656
test_19859,0.28468999
test_19860,0.00049748
test_19861,0.04462010
test_19862,0.05526852
test_19863,0.96402532
test_19864,0.03929825
test_19865,0.99475104
test_19866,0.00020520
test_19867,1.00000000
test_19868,0.93053228
test_19869,0.02693861
test_19870,0.00093745
test_19871,0.99607879
test_19872,0.99789870
test_19873,0.05279318
test_19874,0.01178438
test_19875,0.00050336
test_19876,0.06067979
test_19877,0.50249463
test_19878,0.95808202
test_19879,0.98068112
test_19880,0.09978042
test_19881,0.00457515
test_19882,0.99992216
test_19883,0.19253090
test_19884,0.12452525
test_19885,0.73061454
test_19886,0.99508899
test_19887,1.00000000
test_19888,0.00036474
test_19889,0.99647850
test_19890,0.92772478
test_19891,0.12844251
test_19892,0.83344638
test_19893,0.40065336
test_19894,0.31905347
test_19895,0.99870443
test_19896,0.90150172
test_19897,0.35801834
test_19898,0.00420800
test_19899,0.00005413
test_19900,0.99999726
test_19901,0.00153151
test_19902,0.83219302
test_19903,0.77394414
test_19904,1.00000000
test_19905,0.89532596
test_19906,0.94705248
test_19907,0.01807684
test_19908,0.38869035
test_19909,0.44072327
test_19910,0.00412762
test_19911,0.00132743
test_19912,0.19895083
test_19913,0.99740368
test_19914,0.00000785
test_19915,0.08732919
test_19916,0.00105206
test_19917,0.00636846
test_19918,0.10426034
test_19919,0.01404646
test_19920,0.89260423
test_19921,0.99772578
test_19922,0.99983931
test_19923,0.99959737
test_19924,0.55106223
test_19925,0.90335202
test_19926,0.00010502
test_19927,0.86013275
test_19928,0.00094686
test_19929,0.94375706
test_19930,0.52620596
test_19931,0.92024595
test_19932,0.45258912
test_19933,0.00000005
test_19934,0.82685691
test_19935,0.00000041
test_19936,0.99989676
test_19937,0.99967408
test_19938,0.98272693
test_19939,0.03700128
test_19940,0.00387119
test_19941,0.15826358
test_19942,0.49463034
test_19943,0.57839024
test_19944,0.99996722
test_19945,0.08543251
test_19946,0.00010048
test_19947,0.43562433
test_19948,0.99986827
test_19949,0.26193011
test_19950,0.89273179
test_19951,0.99790490
test_19952,0.99097365
test_19953,0.15499386
test_19954,0.15572789
test_19955,0.01657299
test_19956,0.00079528
test_19957,0.01716916
test_19958,0.93954235
test_19959,0.99987793
test_19960,0.36820209
test_19961,0.99937844
test_19962,0.26007277
test_19963,0.00008729
test_19964,0.64531833
test_19965,0.00287205
test_19966,0.99998665
test_19967,0.49436247
test_19968,0.71213001
test_19969,0.44924417
test_19970,0.10358363
test_19971,0.03973698
test_19972,0.06114681
test_19973,0.65608835
test_19974,0.98239398
test_19975,0.99089980
test_19976,0.94996339
test_19977,0.47234461
test_19978,0.00204876
test_19979,0.00000892
test_19980,0.97848547
test_19981,1.00000000
test_19982,0.99972290
test_19983,0.99998772
test_19984,0.23574689
test_19985,0.00180068
test_19986,0.80280989
test_19987,0.60124022
test_19988,0.99996936
test_19989,0.00298773
test_19990,0.65185648
test_19991,0.99998271
test_19992,0.00019684
test_19993,0.12033051
test_19994,0.00964707
test_19995,0.26450562
test_19996,0.10594330
test_19997,0.00000184
test_19998,0.00000110
test_19999,0.90059739
